[2026-07-01 13:49:50.025][INF] 正在加载配置列表...
[2026-07-01 13:49:50.054][INF] 应用安装目录：F:\AATL-v0.5.4-beta\AATL
[2026-07-01 13:49:50.054][INF] 应用数据目录：F:\AATL-v0.5.4-beta\AATL
[2026-07-01 13:49:50.054][INF] 是否使用独立数据目录：False
[2026-07-01 13:49:50.054][INF] 配置目录：F:\AATL-v0.5.4-beta\AATL\resource\config
[2026-07-01 13:49:50.054][INF] 是否使用本地配置目录：True
[2026-07-01 13:49:50.054][INF] 日志目录：F:\AATL-v0.5.4-beta\AATL\debug\logs
[2026-07-01 13:49:50.055][INF] 备份文件数量：0
[2026-07-01 13:49:50.055][INF] 临时目录是否存在：True
[2026-07-01 13:49:50.055][INF] [cfg=Default] 应用安装目录：F:\AATL-v0.5.4-beta\AATL
[2026-07-01 13:49:50.055][INF] [cfg=Default] 应用数据目录：F:\AATL-v0.5.4-beta\AATL
[2026-07-01 13:49:50.055][INF] [cfg=Default] 是否使用独立数据目录：False
[2026-07-01 13:49:50.055][INF] [cfg=Default] 配置目录：F:\AATL-v0.5.4-beta\AATL\resource\config
[2026-07-01 13:49:50.055][INF] [cfg=Default] 是否使用本地配置目录：True
[2026-07-01 13:49:50.055][INF] [cfg=Default] 日志目录：F:\AATL-v0.5.4-beta\AATL\debug\logs
[2026-07-01 13:49:50.055][INF] [cfg=Default] 备份文件数量：0
[2026-07-01 13:49:50.055][INF] [cfg=Default] 临时目录是否存在：True
[2026-07-01 13:49:50.060][INF] [cfg=Default] 已通过 Windows API 添加 DLL 搜索目录：F:\AATL-v0.5.4-beta\AATL\runtimes/libs
[2026-07-01 13:49:50.061][INF] [cfg=Default] 库解析器初始化完成：libsPath=F:\AATL-v0.5.4-beta\AATL\runtimes/libs，目录存在=True
[2026-07-01 13:49:50.063][INF] [cfg=Default] 检测到 MaaFramework 运行时目录：数量=1，路径=[F:\AATL-v0.5.4-beta\AATL\runtimes\win-x64\native]
[2026-07-01 13:49:50.066][INF] [cfg=Default] 启动参数：数量=0，内容=[]
[2026-07-01 13:49:50.066][INF] [cfg=Default] 程序版本：v2.12.2-beta.1
[2026-07-01 13:49:50.066][INF] [cfg=Default] .NET 运行时：.NET 10.0.9
[2026-07-01 13:49:50.890][INF] [cfg=Default] 开始初始化语言管理器。
[2026-07-01 13:49:51.079][INF] [cfg=Default] 当前配置：Default
[2026-07-01 13:49:51.141][INF] [cfg=Default] 已恢复系统休眠。
[2026-07-01 13:49:51.144][INF] [cfg=Default] 热键主进程选举：已成为主进程（创建了新的全局互斥锁）。
[2026-07-01 13:49:51.145][INF] [cfg=Default] 全局热键服务：作为主进程初始化。
[2026-07-01 13:49:51.157][INF] [cfg=Default] 热键 IPC 端口文件已保存：文件=C:\Users\18118\AppData\Local\Temp\MFAAvalonia\hotkey_ipc_port.txt
[2026-07-01 13:49:51.157][INF] [cfg=Default] 热键 IPC 服务端已启动：端口=52718
[2026-07-01 13:49:51.167][INF] [cfg=Default] [内存管理]释放了3.51 MB（55.2%)
[2026-07-01 13:49:51.248][WRN] [cfg=Default] 界面资源接口尚未初始化完成。
[2026-07-01 13:49:51.258][INF] [cfg=Default] [调试] instances 目录中实际存在的实例文件数量：1, ID列表：[default]
[2026-07-01 13:49:51.259][INF] [cfg=Default] [调试] 检测到仅包含临时启动数据的 default 实例文件，按首次启动处理
[2026-07-01 13:49:51.259][INF] [cfg=Default] MaaProcessor.Interface 为 null，正在读取...
[2026-07-01 13:49:51.316][INF] [cfg=Default] MaaProcessor.Interface.Preset 数量：0
[2026-07-01 13:49:51.317][INF] [cfg=Default] 没有 preset，将继续使用默认的 default 实例并持久化到配置
[2026-07-01 13:49:51.329][INF] [cfg=Default] 本地更新包按钮可见性已刷新：来源=config.Debug(string)，原始值=，解析结果=False
[2026-07-01 13:49:51.331][INF] [cfg=Default] 资源版本：0.5.4
[2026-07-01 13:49:51.332][INF] [cfg=Default] MaaFramework 版本：v5.11.1
[2026-07-01 13:49:51.338][INF] [cfg=Default][inst=配置 1/default][src=UI][op=ChangeResource] 当前资源变更：resource=刀剑乱舞, controller=Adb
[2026-07-01 13:49:51.413][INF] [cfg=Default] [懒加载] 已加载当天有定时任务的实例
[2026-07-01 13:49:51.964][WRN] [cfg=Default] 跨平台数据解密失败：参数错误。
[2026-07-01 13:49:51.969][ERR] [cfg=Default] 获取设备唯一标识失败：原因=System.Management currently is only supported for Windows desktop applications.
System.PlatformNotSupportedException: System.Management currently is only supported for Windows desktop applications.
   at System.Management.ManagementObjectSearcher..ctor(String queryString)
   at MFAAvalonia.Helper.SimpleEncryptionHelper.GetPlatformSpecificId()
[2026-07-01 13:49:51.986][ERR] [cfg=Default] 获取设备唯一标识失败：原因=System.Management currently is only supported for Windows desktop applications.
System.PlatformNotSupportedException: System.Management currently is only supported for Windows desktop applications.
   at System.Management.ManagementObjectSearcher..ctor(String queryString)
   at MFAAvalonia.Helper.SimpleEncryptionHelper.GetPlatformSpecificId()
[2026-07-01 13:49:51.987][WRN] [cfg=Default] 跨平台数据解密失败：The input is not a valid Base-64 string as it contains a non-base 64 character, more than two padding characters, or an illegal character among the padding characters.
[2026-07-01 13:49:51.987][ERR] [cfg=Default] 获取设备唯一标识失败：原因=System.Management currently is only supported for Windows desktop applications.
System.PlatformNotSupportedException: System.Management currently is only supported for Windows desktop applications.
   at System.Management.ManagementObjectSearcher..ctor(String queryString)
   at MFAAvalonia.Helper.SimpleEncryptionHelper.GetPlatformSpecificId()
[2026-07-01 13:49:51.987][ERR] [cfg=Default] 获取设备唯一标识失败：原因=System.Management currently is only supported for Windows desktop applications.
System.PlatformNotSupportedException: System.Management currently is only supported for Windows desktop applications.
   at System.Management.ManagementObjectSearcher..ctor(String queryString)
   at MFAAvalonia.Helper.SimpleEncryptionHelper.GetPlatformSpecificId()
[2026-07-01 13:49:52.071][INF] [cfg=Default] 本地更新包按钮可见性已刷新：来源=config.Debug(string)，原始值=，解析结果=False
[2026-07-01 13:49:52.071][INF] [cfg=Default] 设置页调试卡片可见性已应用：False
[2026-07-01 13:49:52.240][INF] [cfg=Default] [调试] instances 目录中实际存在的实例文件数量：1, ID列表：[default]
[2026-07-01 13:49:52.246][INF] [cfg=Default] [懒加载] 已加载当天有定时任务的实例
[2026-07-01 13:49:52.656][INF] [cfg=Default] [懒加载] 所有实例加载完成
[2026-07-01 13:49:52.657][INF] [cfg=Default] [懒加载] 所有实例加载完成
[2026-07-01 13:49:52.738][INF] [cfg=Default] 界面初始化开始
[2026-07-01 13:49:52.850][INF] [cfg=Default][inst=配置 1/default][src=UI][op=ChangeResource] 当前资源变更：resource=, controller=Adb
[2026-07-01 13:49:52.852][INF] [cfg=Default][inst=配置 1/default][src=UI][op=ChangeResource] 当前资源变更：resource=刀剑乱舞, controller=Adb
[2026-07-01 13:49:52.855][INF] [cfg=Default][inst=配置 1/default][src=UI][op=ChangeResource] 当前资源变更：resource=, controller=Adb
[2026-07-01 13:49:52.856][INF] [cfg=Default][inst=配置 1/default][src=UI][op=ChangeResource] 当前资源变更：resource=刀剑乱舞, controller=Adb
[2026-07-01 13:49:53.363][INF] [cfg=Default] >>> 任务 公告和最新版本检测开始（异步）。
[2026-07-01 13:49:53.751][INF] [cfg=Default] >>> 任务 刷新设备开始。
[2026-07-01 13:49:54.654][INF] [cfg=Default][inst=配置 1/default][src=UI][op=ChangeDevice] 当前连接目标变更：controller=Adb, resource=刀剑乱舞, device=MuMu安卓设备-MuMuPlayer12 v5（127.0.0.1:16384)
[2026-07-01 13:49:54.666][INF] [cfg=Default] >>> 任务 刷新设备完成。
[2026-07-01 13:49:54.946][INF] [cfg=Default][inst=配置 1/default][src=Monitor][op=MonitorLog] 正在连接至模拟器......
[2026-07-01 13:49:54.970][INF] [cfg=Default][inst=配置 1/default][src=Worker][op=ExecuteTaskQueue] >>> 任务 启动任务开始（异步）。
[2026-07-01 13:49:54.982][INF] [cfg=Default][inst=配置 1/default][src=Worker][op=ExecuteTaskQueue] 正在载入资源
[2026-07-01 13:49:54.982][INF] [cfg=Default][inst=配置 1/default][src=Worker][op=ExecuteTaskQueue] 资源路径：F:\AATL-v0.5.4-beta\AATL\resource\base
[2026-07-01 13:49:54.983][INF] [cfg=Default][inst=配置 1/default][src=Worker][op=ExecuteTaskQueue] >>> 任务 资源检测开始（异步）。
[2026-07-01 13:49:55.263][INF] [cfg=Default][inst=配置 1/default][src=Worker][op=ExecuteTaskQueue] >>> 任务 资源检测完成（异步）。
[2026-07-01 13:49:55.265][INF] [cfg=Default][inst=配置 1/default][src=Worker][op=ExecuteTaskQueue] 启用 GPU 推理：成功
[2026-07-01 13:49:55.265][INF] [cfg=Default][inst=配置 1/default][src=Worker][op=ExecuteTaskQueue] GPU acceleration: Auto
[2026-07-01 13:49:55.265][INF] [cfg=Default][inst=配置 1/default][src=Worker][op=ExecuteTaskQueue] >>> 任务 控制器检测开始（异步）。
[2026-07-01 13:49:55.267][INF] [cfg=Default][inst=配置 1/default][src=Worker][op=ExecuteTaskQueue] 正在加载 MAA 控制器配置...
[2026-07-01 13:49:55.268][INF] [cfg=Default][inst=配置 1/default][src=Worker][op=ExecuteTaskQueue] 触控模式:Default,捕获模式:EmulatorExtras
[2026-07-01 13:49:55.269][INF] [cfg=Default][inst=配置 1/default][src=Worker][op=ExecuteTaskQueue] 设备名称：MuMu安卓设备-MuMuPlayer12 v5
[2026-07-01 13:49:55.269][INF] [cfg=Default][inst=配置 1/default][src=Worker][op=ExecuteTaskQueue] ADB 路径：D:/Program Files/Netease/MuMu/nx_main/adb.exe
[2026-07-01 13:49:55.269][INF] [cfg=Default][inst=配置 1/default][src=Worker][op=ExecuteTaskQueue] ADB 序列号：127.0.0.1:16384
[2026-07-01 13:49:55.269][INF] [cfg=Default][inst=配置 1/default][src=Worker][op=ExecuteTaskQueue] 截图模式：EmulatorExtras
[2026-07-01 13:49:55.269][INF] [cfg=Default][inst=配置 1/default][src=Worker][op=ExecuteTaskQueue] 输入模式：Default
[2026-07-01 13:49:55.269][INF] [cfg=Default][inst=配置 1/default][src=Worker][op=ExecuteTaskQueue] 控制器配置：{"extras":{"mumu":{"enable":true,"index":0,"path":"D:/Program Files/Netease/MuMu"}}
[2026-07-01 13:49:55.410][INF] [cfg=Default] 公告数量：2
[2026-07-01 13:49:55.621][INF] [cfg=Default] >>> 任务 公告和最新版本检测完成（异步）。
[2026-07-01 13:49:59.091][INF] [cfg=Default][inst=配置 1/default][src=Worker][op=ExecuteTaskQueue] >>> 任务 控制器检测完成（异步）。
[2026-07-01 13:50:00.328][INF] [cfg=Default][inst=配置 1/default][src=Worker][op=ExecuteTaskQueue] 已注册内置特殊任务动作。
[2026-07-01 13:50:00.343][INF] [cfg=Default][inst=配置 1/default][src=Worker][op=ExecuteTaskQueue] 已启动自定义类目录监听：目录=F:\AATL-v0.5.4-beta\AATL\resource\base\custom
[2026-07-01 13:50:00.347][INF] [cfg=Default][inst=配置 1/default][src=Worker][op=ExecuteTaskQueue] 开始解析自定义类：名称=DamageLogAction，文件=F:\AATL-v0.5.4-beta\AATL\resource\base\custom\DamageLogAction.cs
[2026-07-01 13:50:01.900][INF] [cfg=Default][inst=配置 1/default][src=Worker][op=ExecuteTaskQueue] 已成功加载自定义类：名称=DamageLogAction，文件=F:\AATL-v0.5.4-beta\AATL\resource\base\custom\DamageLogAction.cs
[2026-07-01 13:50:01.901][INF] [cfg=Default][inst=配置 1/default][src=Worker][op=ExecuteTaskQueue] 开始解析自定义类：名称=DispatchLogAction，文件=F:\AATL-v0.5.4-beta\AATL\resource\base\custom\DispatchLogAction.cs
[2026-07-01 13:50:02.182][INF] [cfg=Default][inst=配置 1/default][src=Worker][op=ExecuteTaskQueue] 已成功加载自定义类：名称=DispatchLogAction，文件=F:\AATL-v0.5.4-beta\AATL\resource\base\custom\DispatchLogAction.cs
[2026-07-01 13:50:02.182][INF] [cfg=Default][inst=配置 1/default][src=Worker][op=ExecuteTaskQueue] 开始解析自定义类：名称=DungeonFloorSelectAction，文件=F:\AATL-v0.5.4-beta\AATL\resource\base\custom\DungeonFloorSelectAction.cs
[2026-07-01 13:50:02.354][INF] [cfg=Default][inst=配置 1/default][src=Worker][op=ExecuteTaskQueue] 已成功加载自定义类：名称=DungeonFloorSelectAction，文件=F:\AATL-v0.5.4-beta\AATL\resource\base\custom\DungeonFloorSelectAction.cs
[2026-07-01 13:50:02.354][INF] [cfg=Default][inst=配置 1/default][src=Worker][op=ExecuteTaskQueue] 开始解析自定义类：名称=ExpeditionMapSelectAction，文件=F:\AATL-v0.5.4-beta\AATL\resource\base\custom\ExpeditionMapSelectAction.cs
[2026-07-01 13:50:02.408][INF] [cfg=Default][inst=配置 1/default][src=Worker][op=ExecuteTaskQueue] 已成功加载自定义类：名称=ExpeditionMapSelectAction，文件=F:\AATL-v0.5.4-beta\AATL\resource\base\custom\ExpeditionMapSelectAction.cs
[2026-07-01 13:50:02.408][INF] [cfg=Default][inst=配置 1/default][src=Worker][op=ExecuteTaskQueue] 已注册自定义动作：DamageLogAction
[2026-07-01 13:50:02.408][INF] [cfg=Default][inst=配置 1/default][src=Worker][op=ExecuteTaskQueue] 已注册自定义动作：DispatchLogAction
[2026-07-01 13:50:02.408][INF] [cfg=Default][inst=配置 1/default][src=Worker][op=ExecuteTaskQueue] 已注册自定义动作：DungeonFloorSelectAction
[2026-07-01 13:50:02.409][INF] [cfg=Default][inst=配置 1/default][src=Worker][op=ExecuteTaskQueue] 已注册自定义动作：ExpeditionMapSelectAction
[2026-07-01 13:50:02.409][INF] [cfg=Default][inst=配置 1/default][src=Worker][op=ExecuteTaskQueue] 未找到自定义目录：F:\AATL-v0.5.4-beta\AATL\resource\custom
[2026-07-01 13:50:02.409][INF] [cfg=Default][inst=配置 1/default][src=Worker][op=ExecuteTaskQueue] 连接状态变更：已连接。
[2026-07-01 13:50:02.410][INF] [cfg=Default][inst=配置 1/default][src=Worker][op=ExecuteTaskQueue] MaaFW 调试模式：False
[2026-07-01 13:50:05.749][INF] [cfg=Default][inst=配置 1/default][src=Worker][op=ExecuteTaskQueue] >>> 任务 启动检测开始（异步）。
[2026-07-01 13:50:05.750][INF] [cfg=Default][inst=配置 1/default][src=Worker][op=ExecuteTaskQueue] 开始执行更新任务：名称=查询CDK
[2026-07-01 13:50:05.750][INF] [cfg=Default][inst=配置 1/default][src=Worker][op=ExecuteTaskQueue] 更新任务完成：名称=查询CDK
[2026-07-01 13:50:05.750][INF] [cfg=Default][inst=配置 1/default][src=Worker][op=ExecuteTaskQueue] 开始执行更新任务：名称=更新资源
[2026-07-01 13:50:07.753][INF] [cfg=Default][inst=配置 1/default][src=Worker][op=ExecuteTaskQueue] 目标系统：平台=win，系统家族=windows，架构=x64
[2026-07-01 13:50:09.431][INF] [cfg=Default][inst=配置 1/default][src=Worker][op=ExecuteTaskQueue] 候选资产优先级：名称=aatl-v0.5.3.zip，优先级=0
[2026-07-01 13:50:09.443][INF] [cfg=Default][inst=配置 1/default][src=Worker][op=ExecuteTaskQueue] 更新任务完成：名称=更新资源
[2026-07-01 13:50:09.443][INF] [cfg=Default][inst=配置 1/default][src=Worker][op=ExecuteTaskQueue] >>> 任务 启动检测完成（异步）。
[2026-07-01 13:50:09.443][INF] [cfg=Default][inst=配置 1/default][src=Worker][op=ExecuteTaskQueue] >>> 任务 启动任务完成（异步）。
[2026-07-01 13:50:09.444][INF] [cfg=Default][inst=配置 1/default][src=Worker][op=StopTask] 停止前状态：SUCCEEDED
[2026-07-01 13:50:09.447][INF] [cfg=Default][inst=配置 1/default][src=Worker][op=StopTask] >>> 任务 停止maafw任务开始（异步）。
[2026-07-01 13:50:09.450][INF] [cfg=Default][inst=配置 1/default][src=Monitor][op=MonitorLog] 任务已全部完成！
(用时 0h 0m 14s)
[2026-07-01 13:54:26.250][INF] [cfg=Default][inst=配置 1/default][src=UI][op=OpenAddTaskDialog] 用户操作：打开添加任务对话框 | controller=Adb, resource=刀剑乱舞, device=MuMu安卓设备-MuMuPlayer12 v5（127.0.0.1:16384)
[2026-07-01 13:54:51.565][INF] [cfg=Default] [内存管理]释放了1.23 MB（1.0%)
[2026-07-01 13:55:31.479][WRN] [cfg=Default][inst=配置 1/default][src=UI][op=CloseInstance] 关闭实例被拒绝，因为这是最后一个实例
[2026-07-01 13:55:51.668][INF] [cfg=Default] [内存管理]释放了1.55 MB（1.7%)
[2026-07-01 14:03:41.007][INF] [cfg=Default][inst=配置 1/default][src=UI][op=StartTask] 用户操作：启动任务 | controller=Adb, resource=刀剑乱舞, device=MuMu安卓设备-MuMuPlayer12 v5（127.0.0.1:16384), selectedTasks=1 [远征]
[2026-07-01 14:03:41.032][INF] [cfg=Default][inst=配置 1/default][src=Worker][op=ExecuteTaskQueue] 准备执行任务队列：任务数量=1
[2026-07-01 14:03:41.039][INF] [cfg=Default][inst=配置 1/default][src=Worker][op=ExecuteTaskQueue] [任务管线合并] 任务#1 名称=[远征] 入口=[Expedition] 参数=[
  {},
  {
    "E_CheckTeam1"：{
      "enabled"：false
    }
  },
  {
    "E_CheckTeam2"：{
      "enabled"：false
    }
  },
  {
    "E_CheckTeam3"：{
      "enabled"：false
    }
  },
  {
    "E_CheckTeam4"：{
      "enabled"：false
    }
  },
  {
    "E_SelectMap5"：{
      "target"：[
        1078,
        191,
        45,
        34
      ]
    },
    "E_ClickSmallMap5"：{
      "target"：[
        1098,
        368,
        67,
        79
      ]
    }
  }
]
[2026-07-01 14:03:41.158][INF] [cfg=Default][inst=配置 1/default][src=Worker][op=ExecuteTaskQueue] >>> 任务 启动任务开始（异步）。
[2026-07-01 14:03:41.160][INF] [cfg=Default][inst=配置 1/default][src=Worker][op=ExecuteTaskQueue] >>> 任务 启动附加开始脚本开始（异步）。
[2026-07-01 14:03:41.161][INF] [cfg=Default][inst=配置 1/default][src=Worker][op=ExecuteTaskQueue] >>> 任务 启动附加开始脚本完成（异步）。
[2026-07-01 14:03:41.167][INF] [cfg=Default][inst=配置 1/default][src=Worker][op=ExecuteTaskQueue] >>> 任务 截图测试开始（异步）。
[2026-07-01 14:03:41.224][INF] [cfg=Default][inst=配置 1/default][src=Worker][op=ExecuteTaskQueue] >>> 任务 截图测试完成（异步）。
[2026-07-01 14:03:41.225][INF] [cfg=Default][inst=配置 1/default][src=Monitor][op=MonitorLog] 截图耗时：27ms(EmulatorExtras)
[2026-07-01 14:03:41.230][INF] [cfg=Default][inst=配置 1/default][src=Monitor][op=MonitorLog] 开始任务：远征
[2026-07-01 14:03:41.236][INF] [cfg=Default][inst=配置 1/default][src=Worker][op=ExecuteTaskQueue] >>> 任务 队列任务开始（异步）。
[2026-07-01 14:03:58.355][INF] [cfg=Default][inst=配置 1/default][src=Worker][op=StopTask] 停止前状态：NOT_STARTED
[2026-07-01 14:03:58.360][INF] [cfg=Default][inst=配置 1/default][src=Worker][op=StopTask] >>> 任务 停止maafw任务开始（异步）。
[2026-07-01 14:03:58.360][INF] [cfg=Default][inst=配置 1/default][src=Worker][op=StopTask] 正在尝试停止任务执行器，第 1 次。
[2026-07-01 14:03:58.361][INF] [cfg=Default][inst=配置 1/default][src=Worker][op=ExecuteTaskQueue] >>> 任务 队列任务完成（异步）。
[2026-07-01 14:03:58.361][INF] [cfg=Default][inst=配置 1/default][src=Monitor][op=MonitorLog] 正在停止......
[2026-07-01 14:03:58.361][INF] [cfg=Default][inst=配置 1/default][src=Worker][op=ExecuteTaskQueue] >>> 任务 启动任务完成（异步）。
[2026-07-01 14:03:58.364][INF] [cfg=Default][inst=配置 1/default][src=Worker][op=StopTask] 停止前状态：STOPPED
[2026-07-01 14:03:58.364][INF] [cfg=Default][inst=配置 1/default][src=Worker][op=StopTask] >>> 任务 停止maafw任务开始（异步）。
[2026-07-01 14:03:58.364][INF] [cfg=Default][inst=配置 1/default][src=Worker][op=StopTask] >>> 任务 Action开始。
[2026-07-01 14:03:58.365][INF] [cfg=Default][inst=配置 1/default][src=Worker][op=StopTask] >>> 任务 Action完成。
[2026-07-01 14:03:58.393][INF] [cfg=Default][inst=配置 1/default][src=Worker][op=StopTask] 第 1 次停止任务执行器返回：Succeeded，准备重试。
[2026-07-01 14:03:58.769][INF] [cfg=Default][inst=配置 1/default][src=Monitor][op=MonitorLog] 已放弃本次任务
[2026-07-01 14:04:11.043][INF] [cfg=Default][inst=配置 1/default][src=UI][op=StartTask] 用户操作：启动任务 | controller=Adb, resource=刀剑乱舞, device=MuMu安卓设备-MuMuPlayer12 v5（127.0.0.1:16384), selectedTasks=1 [远征]
[2026-07-01 14:04:11.058][INF] [cfg=Default][inst=配置 1/default][src=Worker][op=ExecuteTaskQueue] 准备执行任务队列：任务数量=1
[2026-07-01 14:04:11.058][INF] [cfg=Default][inst=配置 1/default][src=Worker][op=ExecuteTaskQueue] [任务管线合并] 任务#1 名称=[远征] 入口=[Expedition] 参数=[
  {},
  {
    "E_CheckTeam1"：{
      "enabled"：false
    }
  },
  {
    "E_CheckTeam2"：{
      "enabled"：false
    }
  },
  {
    "E_CheckTeam3"：{
      "enabled"：false
    }
  },
  {
    "E_CheckTeam4"：{
      "enabled"：false
    }
  },
  {
    "E_SelectMap5"：{
      "target"：[
        1078,
        191,
        45,
        34
      ]
    },
    "E_ClickSmallMap5"：{
      "target"：[
        1098,
        368,
        67,
        79
      ]
    }
  }
]
[2026-07-01 14:04:11.169][INF] [cfg=Default][inst=配置 1/default][src=Worker][op=ExecuteTaskQueue] >>> 任务 启动任务开始（异步）。
[2026-07-01 14:04:11.169][INF] [cfg=Default][inst=配置 1/default][src=Worker][op=ExecuteTaskQueue] >>> 任务 启动附加开始脚本开始（异步）。
[2026-07-01 14:04:11.169][INF] [cfg=Default][inst=配置 1/default][src=Worker][op=ExecuteTaskQueue] >>> 任务 启动附加开始脚本完成（异步）。
[2026-07-01 14:04:11.170][INF] [cfg=Default][inst=配置 1/default][src=Worker][op=ExecuteTaskQueue] >>> 任务 截图测试开始（异步）。
[2026-07-01 14:04:11.211][INF] [cfg=Default][inst=配置 1/default][src=Worker][op=ExecuteTaskQueue] >>> 任务 截图测试完成（异步）。
[2026-07-01 14:04:11.212][INF] [cfg=Default][inst=配置 1/default][src=Monitor][op=MonitorLog] 截图耗时：20ms(EmulatorExtras)
[2026-07-01 14:04:11.216][INF] [cfg=Default][inst=配置 1/default][src=Monitor][op=MonitorLog] 开始任务：远征
[2026-07-01 14:04:11.219][INF] [cfg=Default][inst=配置 1/default][src=Worker][op=ExecuteTaskQueue] >>> 任务 队列任务开始（异步）。
[2026-07-01 14:04:11.810][INF] [cfg=Default] [内存管理]释放了4.98 MB（4.4%)
[2026-07-01 14:04:25.888][INF] [cfg=Default] [远征派遣] 部队5已派遣至 5-4
[2026-07-01 14:04:25.891][INF] [cfg=Default][inst=配置 1/default][src=Monitor][op=MonitorLog] [Record] [远征派遣] 部队5已派遣至 5-4
[2026-07-01 14:04:39.686][INF] [cfg=Default][inst=配置 1/default][src=Worker][op=StopTask] 停止前状态：NOT_STARTED
[2026-07-01 14:04:39.700][INF] [cfg=Default][inst=配置 1/default][src=Worker][op=StopTask] >>> 任务 停止maafw任务开始（异步）。
[2026-07-01 14:04:39.701][INF] [cfg=Default][inst=配置 1/default][src=Worker][op=StopTask] 正在尝试停止任务执行器，第 1 次。
[2026-07-01 14:04:39.701][INF] [cfg=Default][inst=配置 1/default][src=Worker][op=ExecuteTaskQueue] >>> 任务 队列任务完成（异步）。
[2026-07-01 14:04:39.701][INF] [cfg=Default][inst=配置 1/default][src=Worker][op=ExecuteTaskQueue] >>> 任务 启动任务完成（异步）。
[2026-07-01 14:04:39.702][INF] [cfg=Default][inst=配置 1/default][src=Monitor][op=MonitorLog] 正在停止......
[2026-07-01 14:04:39.705][INF] [cfg=Default][inst=配置 1/default][src=Worker][op=StopTask] 停止前状态：STOPPED
[2026-07-01 14:04:39.705][INF] [cfg=Default][inst=配置 1/default][src=Worker][op=StopTask] >>> 任务 停止maafw任务开始（异步）。
[2026-07-01 14:04:39.705][INF] [cfg=Default][inst=配置 1/default][src=Worker][op=StopTask] >>> 任务 Action开始。
[2026-07-01 14:04:39.705][INF] [cfg=Default][inst=配置 1/default][src=Worker][op=StopTask] >>> 任务 Action完成。
[2026-07-01 14:04:40.111][INF] [cfg=Default][inst=配置 1/default][src=Monitor][op=MonitorLog] 已放弃本次任务
[2026-07-01 14:05:28.139][INF] [cfg=Default][inst=配置 1/default][src=UI][op=StartTask] 用户操作：启动任务 | controller=Adb, resource=刀剑乱舞, device=MuMu安卓设备-MuMuPlayer12 v5（127.0.0.1:16384), selectedTasks=1 [刷花]
[2026-07-01 14:05:28.150][INF] [cfg=Default][inst=配置 1/default][src=Worker][op=ExecuteTaskQueue] 准备执行任务队列：任务数量=1
[2026-07-01 14:05:28.150][INF] [cfg=Default][inst=配置 1/default][src=Worker][op=ExecuteTaskQueue] [任务管线合并] 任务#1 名称=[刷花] 入口=[FlowerBrush] 参数=[
  {}
]
[2026-07-01 14:05:28.204][INF] [cfg=Default][inst=配置 1/default][src=Worker][op=ExecuteTaskQueue] >>> 任务 启动任务开始（异步）。
[2026-07-01 14:05:28.205][INF] [cfg=Default][inst=配置 1/default][src=Worker][op=ExecuteTaskQueue] >>> 任务 启动附加开始脚本开始（异步）。
[2026-07-01 14:05:28.205][INF] [cfg=Default][inst=配置 1/default][src=Worker][op=ExecuteTaskQueue] >>> 任务 启动附加开始脚本完成（异步）。
[2026-07-01 14:05:28.206][INF] [cfg=Default][inst=配置 1/default][src=Worker][op=ExecuteTaskQueue] >>> 任务 截图测试开始（异步）。
[2026-07-01 14:05:28.251][INF] [cfg=Default][inst=配置 1/default][src=Worker][op=ExecuteTaskQueue] >>> 任务 截图测试完成（异步）。
[2026-07-01 14:05:28.252][INF] [cfg=Default][inst=配置 1/default][src=Monitor][op=MonitorLog] 截图耗时：22ms(EmulatorExtras)
[2026-07-01 14:05:28.253][INF] [cfg=Default][inst=配置 1/default][src=Worker][op=ExecuteTaskQueue] >>> 任务 队列任务开始（异步）。
[2026-07-01 14:05:28.253][INF] [cfg=Default][inst=配置 1/default][src=Worker][op=ExecuteTaskQueue] >>> 任务 队列任务完成（异步）。
[2026-07-01 14:05:28.254][INF] [cfg=Default][inst=配置 1/default][src=Monitor][op=MonitorLog] 开始任务：刷花
[2026-07-01 14:05:28.753][INF] [cfg=Default][inst=配置 1/default][src=Worker][op=ExecuteTaskQueue] >>> 任务 队列任务开始（异步）。
[2026-07-01 14:05:28.753][INF] [cfg=Default][inst=配置 1/default][src=Worker][op=ExecuteTaskQueue] >>> 任务 队列任务完成（异步）。
[2026-07-01 14:05:28.754][INF] [cfg=Default][inst=配置 1/default][src=Monitor][op=MonitorLog] 开始任务：刷花
[2026-07-01 14:05:29.254][INF] [cfg=Default][inst=配置 1/default][src=Worker][op=ExecuteTaskQueue] >>> 任务 队列任务开始（异步）。
[2026-07-01 14:05:29.254][INF] [cfg=Default][inst=配置 1/default][src=Worker][op=ExecuteTaskQueue] >>> 任务 队列任务完成（异步）。
[2026-07-01 14:05:29.255][INF] [cfg=Default][inst=配置 1/default][src=Monitor][op=MonitorLog] 开始任务：刷花
[2026-07-01 14:05:29.759][INF] [cfg=Default][inst=配置 1/default][src=Worker][op=ExecuteTaskQueue] >>> 任务 启动附加结束脚本开始（异步）。
[2026-07-01 14:05:29.760][INF] [cfg=Default][inst=配置 1/default][src=Worker][op=ExecuteTaskQueue] >>> 任务 启动附加结束脚本完成（异步）。
[2026-07-01 14:05:29.760][INF] [cfg=Default][inst=配置 1/default][src=Worker][op=ExecuteTaskQueue] >>> 任务 启动任务完成（异步）。
[2026-07-01 14:05:29.760][INF] [cfg=Default][inst=配置 1/default][src=Worker][op=StopTask] 停止前状态：SUCCEEDED
[2026-07-01 14:05:29.760][INF] [cfg=Default][inst=配置 1/default][src=Worker][op=StopTask] >>> 任务 停止maafw任务开始（异步）。
[2026-07-01 14:05:29.761][INF] [cfg=Default][inst=配置 1/default][src=Worker][op=StopTask] >>> 任务 播放音频开始。
[2026-07-01 14:05:29.884][INF] [cfg=Default][inst=配置 1/default][src=Worker][op=StopTask] >>> 任务 播放音频完成。
[2026-07-01 14:05:29.885][INF] [cfg=Default][inst=配置 1/default][src=Monitor][op=MonitorLog] 任务已全部完成！
(用时 0h 0m 1s)
[2026-07-01 14:05:29.952][INF] [cfg=Default] 应用已关闭
[2026-07-01 14:05:29.956][INF] [cfg=Default] 已释放自定义类目录监听器。
[2026-07-01 14:09:22.066][INF] 正在加载配置列表...
[2026-07-01 14:09:22.093][INF] 应用安装目录：F:\AATL-v0.5.4-beta\AATL
[2026-07-01 14:09:22.093][INF] 应用数据目录：F:\AATL-v0.5.4-beta\AATL
[2026-07-01 14:09:22.093][INF] 是否使用独立数据目录：False
[2026-07-01 14:09:22.093][INF] 配置目录：F:\AATL-v0.5.4-beta\AATL\resource\config
[2026-07-01 14:09:22.093][INF] 是否使用本地配置目录：True
[2026-07-01 14:09:22.093][INF] 日志目录：F:\AATL-v0.5.4-beta\AATL\debug\logs
[2026-07-01 14:09:22.093][INF] 备份文件数量：0
[2026-07-01 14:09:22.093][INF] 临时目录是否存在：True
[2026-07-01 14:09:22.094][INF] [cfg=Default] 应用安装目录：F:\AATL-v0.5.4-beta\AATL
[2026-07-01 14:09:22.094][INF] [cfg=Default] 应用数据目录：F:\AATL-v0.5.4-beta\AATL
[2026-07-01 14:09:22.094][INF] [cfg=Default] 是否使用独立数据目录：False
[2026-07-01 14:09:22.094][INF] [cfg=Default] 配置目录：F:\AATL-v0.5.4-beta\AATL\resource\config
[2026-07-01 14:09:22.094][INF] [cfg=Default] 是否使用本地配置目录：True
[2026-07-01 14:09:22.094][INF] [cfg=Default] 日志目录：F:\AATL-v0.5.4-beta\AATL\debug\logs
[2026-07-01 14:09:22.094][INF] [cfg=Default] 备份文件数量：0
[2026-07-01 14:09:22.094][INF] [cfg=Default] 临时目录是否存在：True
[2026-07-01 14:09:22.098][INF] [cfg=Default] 已通过 Windows API 添加 DLL 搜索目录：F:\AATL-v0.5.4-beta\AATL\runtimes/libs
[2026-07-01 14:09:22.099][INF] [cfg=Default] 库解析器初始化完成：libsPath=F:\AATL-v0.5.4-beta\AATL\runtimes/libs，目录存在=True
[2026-07-01 14:09:22.101][INF] [cfg=Default] 检测到 MaaFramework 运行时目录：数量=1，路径=[F:\AATL-v0.5.4-beta\AATL\runtimes\win-x64\native]
[2026-07-01 14:09:22.103][INF] [cfg=Default] 启动参数：数量=0，内容=[]
[2026-07-01 14:09:22.103][INF] [cfg=Default] 程序版本：v2.12.2-beta.1
[2026-07-01 14:09:22.103][INF] [cfg=Default] .NET 运行时：.NET 10.0.9
[2026-07-01 14:09:22.906][INF] [cfg=Default] 开始初始化语言管理器。
[2026-07-01 14:09:23.140][INF] [cfg=Default] 当前配置：Default
[2026-07-01 14:09:23.203][INF] [cfg=Default] 已恢复系统休眠。
[2026-07-01 14:09:23.209][INF] [cfg=Default] 热键主进程选举：已成为主进程（创建了新的全局互斥锁）。
[2026-07-01 14:09:23.209][INF] [cfg=Default] 全局热键服务：作为主进程初始化。
[2026-07-01 14:09:23.227][INF] [cfg=Default] 热键 IPC 端口文件已保存：文件=C:\Users\18118\AppData\Local\Temp\MFAAvalonia\hotkey_ipc_port.txt
[2026-07-01 14:09:23.227][INF] [cfg=Default] 热键 IPC 服务端已启动：端口=52718
[2026-07-01 14:09:23.232][INF] [cfg=Default] [内存管理]释放了3.85 MB（56.9%)
[2026-07-01 14:09:23.367][WRN] [cfg=Default] 界面资源接口尚未初始化完成。
[2026-07-01 14:09:23.378][INF] [cfg=Default] [调试] instances 目录中实际存在的实例文件数量：1, ID列表：[default]
[2026-07-01 14:09:23.471][INF] [cfg=Default] 本地更新包按钮可见性已刷新：来源=config.Debug(string)，原始值=，解析结果=False
[2026-07-01 14:09:23.471][INF] [cfg=Default] 资源版本：0.5.4
[2026-07-01 14:09:23.471][INF] [cfg=Default] MaaFramework 版本：v5.11.1
[2026-07-01 14:09:23.547][INF] [cfg=Default] [懒加载] 已加载当天有定时任务的实例
[2026-07-01 14:09:23.631][INF] [cfg=Default] 窗口大小已加载：宽度=1280，高度=700.6666666666666
[2026-07-01 14:09:23.642][INF] [cfg=Default] 窗口位置已加载：X=377，Y=124
[2026-07-01 14:09:24.127][WRN] [cfg=Default] 跨平台数据解密失败：参数错误。
[2026-07-01 14:09:24.136][ERR] [cfg=Default] 获取设备唯一标识失败：原因=System.Management currently is only supported for Windows desktop applications.
System.PlatformNotSupportedException: System.Management currently is only supported for Windows desktop applications.
   at System.Management.ManagementObjectSearcher..ctor(String queryString)
   at MFAAvalonia.Helper.SimpleEncryptionHelper.GetPlatformSpecificId()
[2026-07-01 14:09:24.185][ERR] [cfg=Default] 获取设备唯一标识失败：原因=System.Management currently is only supported for Windows desktop applications.
System.PlatformNotSupportedException: System.Management currently is only supported for Windows desktop applications.
   at System.Management.ManagementObjectSearcher..ctor(String queryString)
   at MFAAvalonia.Helper.SimpleEncryptionHelper.GetPlatformSpecificId()
[2026-07-01 14:09:24.186][WRN] [cfg=Default] 跨平台数据解密失败：The input is not a valid Base-64 string as it contains a non-base 64 character, more than two padding characters, or an illegal character among the padding characters.
[2026-07-01 14:09:24.186][ERR] [cfg=Default] 获取设备唯一标识失败：原因=System.Management currently is only supported for Windows desktop applications.
System.PlatformNotSupportedException: System.Management currently is only supported for Windows desktop applications.
   at System.Management.ManagementObjectSearcher..ctor(String queryString)
   at MFAAvalonia.Helper.SimpleEncryptionHelper.GetPlatformSpecificId()
[2026-07-01 14:09:24.186][ERR] [cfg=Default] 获取设备唯一标识失败：原因=System.Management currently is only supported for Windows desktop applications.
System.PlatformNotSupportedException: System.Management currently is only supported for Windows desktop applications.
   at System.Management.ManagementObjectSearcher..ctor(String queryString)
   at MFAAvalonia.Helper.SimpleEncryptionHelper.GetPlatformSpecificId()
[2026-07-01 14:09:24.252][INF] [cfg=Default] 本地更新包按钮可见性已刷新：来源=config.Debug(string)，原始值=，解析结果=False
[2026-07-01 14:09:24.253][INF] [cfg=Default] 设置页调试卡片可见性已应用：False
[2026-07-01 14:09:24.438][INF] [cfg=Default] [调试] instances 目录中实际存在的实例文件数量：1, ID列表：[default]
[2026-07-01 14:09:24.455][INF] [cfg=Default] [懒加载] 已加载当天有定时任务的实例
[2026-07-01 14:09:25.056][INF] [cfg=Default] [懒加载] 所有实例加载完成
[2026-07-01 14:09:25.057][INF] [cfg=Default] [懒加载] 所有实例加载完成
[2026-07-01 14:09:25.180][INF] [cfg=Default] 界面初始化开始
[2026-07-01 14:09:25.297][INF] [cfg=Default][inst=配置 1/default][src=UI][op=ChangeResource] 当前资源变更：resource=, controller=Adb
[2026-07-01 14:09:25.299][INF] [cfg=Default][inst=配置 1/default][src=UI][op=ChangeResource] 当前资源变更：resource=刀剑乱舞, controller=Adb
[2026-07-01 14:09:25.303][INF] [cfg=Default][inst=配置 1/default][src=UI][op=ChangeResource] 当前资源变更：resource=, controller=Adb
[2026-07-01 14:09:25.304][INF] [cfg=Default][inst=配置 1/default][src=UI][op=ChangeResource] 当前资源变更：resource=刀剑乱舞, controller=Adb
[2026-07-01 14:09:25.804][INF] [cfg=Default] >>> 任务 公告和最新版本检测开始（异步）。
[2026-07-01 14:09:26.194][INF] [cfg=Default][inst=配置 1/default][src=Worker][op=ExecuteTaskQueue] 准备执行任务队列：任务数量=1
[2026-07-01 14:09:26.197][INF] [cfg=Default][inst=配置 1/default][src=Worker][op=ExecuteTaskQueue] [任务管线合并] 任务#1 名称=[刷花] 入口=[FlowerBrush] 参数=[
  {}
]
[2026-07-01 14:09:26.893][INF] [cfg=Default][inst=配置 1/default][src=Worker][op=ExecuteTaskQueue] >>> 任务 启动任务开始（异步）。
[2026-07-01 14:09:26.898][WRN] [cfg=Default][inst=配置 1/default][src=Worker][op=ExecuteTaskQueue] 已跳过启动程序，因为文件不存在：C:\Users\18118\AppData\Roaming\Microsoft\Windows\Start Menu\Programs
[2026-07-01 14:09:26.905][INF] [cfg=Default][inst=配置 1/default][src=Worker][op=ExecuteTaskQueue] 严格匹配模式已启用，持续按已保存设备指纹匹配 ADB 设备。
[2026-07-01 14:09:26.907][INF] [cfg=Default][inst=配置 1/default][src=Worker][op=ExecuteTaskQueue] 已保存设备的指纹：MuMu安卓设备-MuMuPlayer12 v5|0|127.0.0.1|16384
[2026-07-01 14:09:26.918][INF] [cfg=Default][inst=配置 1/default][src=Worker][op=ExecuteTaskQueue] 按指纹匹配到的设备数量：0
[2026-07-01 14:09:26.919][INF] [cfg=Default][inst=配置 1/default][src=Worker][op=ExecuteTaskQueue] 严格匹配模式下暂未匹配到已保存设备，保留等待并继续按指纹匹配。
[2026-07-01 14:09:26.924][INF] [cfg=Default][inst=配置 1/default][src=Worker][op=ExecuteTaskQueue] >>> 任务 启动附加开始脚本开始（异步）。
[2026-07-01 14:09:26.926][INF] [cfg=Default][inst=配置 1/default][src=Worker][op=ExecuteTaskQueue] >>> 任务 启动附加开始脚本完成（异步）。
[2026-07-01 14:09:26.932][INF] [cfg=Default][inst=配置 1/default][src=Monitor][op=MonitorLog] 正在连接至模拟器......
[2026-07-01 14:09:26.933][INF] [cfg=Default][inst=配置 1/default][src=Worker][op=ExecuteTaskQueue] 正在载入资源
[2026-07-01 14:09:26.933][INF] [cfg=Default][inst=配置 1/default][src=Worker][op=ExecuteTaskQueue] 资源路径：F:\AATL-v0.5.4-beta\AATL\resource\base
[2026-07-01 14:09:26.934][INF] [cfg=Default][inst=配置 1/default][src=Worker][op=ExecuteTaskQueue] >>> 任务 资源检测开始（异步）。
[2026-07-01 14:09:27.145][INF] [cfg=Default][inst=配置 1/default][src=Worker][op=ExecuteTaskQueue] >>> 任务 资源检测完成（异步）。
[2026-07-01 14:09:27.147][INF] [cfg=Default][inst=配置 1/default][src=Worker][op=ExecuteTaskQueue] 启用 GPU 推理：成功
[2026-07-01 14:09:27.147][INF] [cfg=Default][inst=配置 1/default][src=Worker][op=ExecuteTaskQueue] GPU acceleration: Auto
[2026-07-01 14:09:27.147][INF] [cfg=Default][inst=配置 1/default][src=Worker][op=ExecuteTaskQueue] >>> 任务 控制器检测开始（异步）。
[2026-07-01 14:09:27.148][INF] [cfg=Default][inst=配置 1/default][src=Worker][op=ExecuteTaskQueue] 正在加载 MAA 控制器配置...
[2026-07-01 14:09:27.151][INF] [cfg=Default][inst=配置 1/default][src=Worker][op=ExecuteTaskQueue] 触控模式:Default,捕获模式:Default
[2026-07-01 14:09:27.151][INF] [cfg=Default][inst=配置 1/default][src=Worker][op=ExecuteTaskQueue] 设备名称：
[2026-07-01 14:09:27.151][INF] [cfg=Default][inst=配置 1/default][src=Worker][op=ExecuteTaskQueue] ADB 路径：adb
[2026-07-01 14:09:27.152][INF] [cfg=Default][inst=配置 1/default][src=Worker][op=ExecuteTaskQueue] ADB 序列号：
[2026-07-01 14:09:27.152][INF] [cfg=Default][inst=配置 1/default][src=Worker][op=ExecuteTaskQueue] 截图模式：Default
[2026-07-01 14:09:27.152][INF] [cfg=Default][inst=配置 1/default][src=Worker][op=ExecuteTaskQueue] 输入模式：Default
[2026-07-01 14:09:27.152][INF] [cfg=Default][inst=配置 1/default][src=Worker][op=ExecuteTaskQueue] 控制器配置：{}
[2026-07-01 14:09:27.153][WRN] [cfg=Default][inst=配置 1/default][src=Worker][op=ExecuteTaskQueue] 初始化控制器时发生错误！
[2026-07-01 14:09:27.153][ERR] [cfg=Default][inst=配置 1/default][src=Worker][op=ExecuteTaskQueue] 初始化控制器失败：message=连接模拟器时发生错误！, reason=The value cannot be an empty string.（Parameter 'info.AdbSerial')
System.ArgumentException: The value cannot be an empty string. (Parameter 'info.AdbSerial')
   at System.ArgumentException.ThrowNullOrEmptyException(String argument, String paramName)
   at System.ArgumentException.ThrowIfNullOrEmpty(String argument, String paramName)
   at MaaFramework.Binding.MaaAdbController..ctor(AdbDeviceInfo info, LinkOption link, CheckStatusOption check)
   at MaaFramework.Binding.MaaAdbController..ctor(String adbPath, String adbSerial, AdbScreencapMethods screencapMethods, AdbInputMethods inputMethods, String config, String agentPath, LinkOption link, CheckStatusOption check)
   at MFAAvalonia.Extensions.MaaFW.MaaProcessor.InitializeController(MaaControllerTypes controllerType, Boolean logConfig)
   at MFAAvalonia.Extensions.MaaFW.MaaProcessor.<>c__DisplayClass143_0.<InitializeMaaTasker>b__7()
   at MFAAvalonia.Helper.TaskManager.<>c__DisplayClass6_0`1.<RunTaskAsync>b__0()
   at System.Threading.Tasks.Task`1.InnerInvoke()
   at System.Threading.ExecutionContext.RunFromThreadPoolDispatchLoop(Thread threadPoolThread, ExecutionContext executionContext, ContextCallback callback, Object state)
--- End of stack trace from previous location ---
   at System.Threading.ExecutionContext.RunFromThreadPoolDispatchLoop(Thread threadPoolThread, ExecutionContext executionContext, ContextCallback callback, Object state)
   at System.Threading.Tasks.Task.ExecuteWithThreadLocal(Task& currentTaskSlot, Thread threadPoolThread)
--- End of stack trace from previous location ---
   at MFAAvalonia.Helper.TaskManager.RunTaskAsync[TResult](Func`1 function, CancellationToken token, Action`1 handleError, String name, String prompt, Boolean catchException, Boolean shouldLog, Boolean noMessage)
[2026-07-01 14:09:27.155][INF] [cfg=Default][inst=配置 1/default][src=Worker][op=ExecuteTaskQueue] >>> 任务 控制器检测完成（异步）。
[2026-07-01 14:09:27.155][WRN] [cfg=Default][inst=配置 1/default][src=Worker][op=ExecuteTaskQueue] 控制器初始化结果为空，已中止本次连接尝试。
[2026-07-01 14:09:27.159][INF] [cfg=Default][inst=配置 1/default][src=Monitor][op=MonitorLog] [Record] 连接失败
正在尝试重连
[2026-07-01 14:09:27.159][INF] [cfg=Default][inst=配置 1/default][src=Worker][op=ExecuteTaskQueue] 正在载入资源
[2026-07-01 14:09:27.159][INF] [cfg=Default][inst=配置 1/default][src=Worker][op=ExecuteTaskQueue] 资源路径：F:\AATL-v0.5.4-beta\AATL\resource\base
[2026-07-01 14:09:27.160][INF] [cfg=Default][inst=配置 1/default][src=Worker][op=ExecuteTaskQueue] >>> 任务 资源检测开始（异步）。
[2026-07-01 14:09:27.206][INF] [cfg=Default][inst=配置 1/default][src=Worker][op=ExecuteTaskQueue] >>> 任务 资源检测完成（异步）。
[2026-07-01 14:09:27.206][INF] [cfg=Default][inst=配置 1/default][src=Worker][op=ExecuteTaskQueue] 启用 GPU 推理：成功
[2026-07-01 14:09:27.206][INF] [cfg=Default][inst=配置 1/default][src=Worker][op=ExecuteTaskQueue] GPU acceleration: Auto
[2026-07-01 14:09:27.206][INF] [cfg=Default][inst=配置 1/default][src=Worker][op=ExecuteTaskQueue] >>> 任务 控制器检测开始（异步）。
[2026-07-01 14:09:27.206][INF] [cfg=Default][inst=配置 1/default][src=Worker][op=ExecuteTaskQueue] 正在加载 MAA 控制器配置...
[2026-07-01 14:09:27.206][INF] [cfg=Default][inst=配置 1/default][src=Worker][op=ExecuteTaskQueue] 触控模式:Default,捕获模式:Default
[2026-07-01 14:09:27.206][INF] [cfg=Default][inst=配置 1/default][src=Worker][op=ExecuteTaskQueue] 设备名称：
[2026-07-01 14:09:27.206][INF] [cfg=Default][inst=配置 1/default][src=Worker][op=ExecuteTaskQueue] ADB 路径：adb
[2026-07-01 14:09:27.206][INF] [cfg=Default][inst=配置 1/default][src=Worker][op=ExecuteTaskQueue] ADB 序列号：
[2026-07-01 14:09:27.206][INF] [cfg=Default][inst=配置 1/default][src=Worker][op=ExecuteTaskQueue] 截图模式：Default
[2026-07-01 14:09:27.206][INF] [cfg=Default][inst=配置 1/default][src=Worker][op=ExecuteTaskQueue] 输入模式：Default
[2026-07-01 14:09:27.206][INF] [cfg=Default][inst=配置 1/default][src=Worker][op=ExecuteTaskQueue] 控制器配置：{}
[2026-07-01 14:09:27.207][WRN] [cfg=Default][inst=配置 1/default][src=Worker][op=ExecuteTaskQueue] 初始化控制器时发生错误！
[2026-07-01 14:09:27.207][ERR] [cfg=Default][inst=配置 1/default][src=Worker][op=ExecuteTaskQueue] 初始化控制器失败：message=连接模拟器时发生错误！, reason=The value cannot be an empty string.（Parameter 'info.AdbSerial')
System.ArgumentException: The value cannot be an empty string. (Parameter 'info.AdbSerial')
   at System.ArgumentException.ThrowNullOrEmptyException(String argument, String paramName)
   at System.ArgumentException.ThrowIfNullOrEmpty(String argument, String paramName)
   at MaaFramework.Binding.MaaAdbController..ctor(AdbDeviceInfo info, LinkOption link, CheckStatusOption check)
   at MaaFramework.Binding.MaaAdbController..ctor(String adbPath, String adbSerial, AdbScreencapMethods screencapMethods, AdbInputMethods inputMethods, String config, String agentPath, LinkOption link, CheckStatusOption check)
   at MFAAvalonia.Extensions.MaaFW.MaaProcessor.InitializeController(MaaControllerTypes controllerType, Boolean logConfig)
   at MFAAvalonia.Extensions.MaaFW.MaaProcessor.<>c__DisplayClass143_0.<InitializeMaaTasker>b__7()
   at MFAAvalonia.Helper.TaskManager.<>c__DisplayClass6_0`1.<RunTaskAsync>b__0()
   at System.Threading.Tasks.Task`1.InnerInvoke()
   at System.Threading.ExecutionContext.RunFromThreadPoolDispatchLoop(Thread threadPoolThread, ExecutionContext executionContext, ContextCallback callback, Object state)
--- End of stack trace from previous location ---
   at System.Threading.ExecutionContext.RunFromThreadPoolDispatchLoop(Thread threadPoolThread, ExecutionContext executionContext, ContextCallback callback, Object state)
   at System.Threading.Tasks.Task.ExecuteWithThreadLocal(Task& currentTaskSlot, Thread threadPoolThread)
--- End of stack trace from previous location ---
   at MFAAvalonia.Helper.TaskManager.RunTaskAsync[TResult](Func`1 function, CancellationToken token, Action`1 handleError, String name, String prompt, Boolean catchException, Boolean shouldLog, Boolean noMessage)
[2026-07-01 14:09:27.207][INF] [cfg=Default][inst=配置 1/default][src=Worker][op=ExecuteTaskQueue] >>> 任务 控制器检测完成（异步）。
[2026-07-01 14:09:27.207][WRN] [cfg=Default][inst=配置 1/default][src=Worker][op=ExecuteTaskQueue] 控制器初始化结果为空，已中止本次连接尝试。
[2026-07-01 14:09:27.247][INF] [cfg=Default][inst=配置 1/default][src=Worker][op=ExecuteTaskQueue] 正在载入资源
[2026-07-01 14:09:27.247][INF] [cfg=Default][inst=配置 1/default][src=Worker][op=ExecuteTaskQueue] 资源路径：F:\AATL-v0.5.4-beta\AATL\resource\base
[2026-07-01 14:09:27.247][INF] [cfg=Default][inst=配置 1/default][src=Worker][op=ExecuteTaskQueue] >>> 任务 资源检测开始（异步）。
[2026-07-01 14:09:27.277][INF] [cfg=Default][inst=配置 1/default][src=Monitor][op=MonitorLog] [Record] 连接失败
正在尝试重启 ADB Server
[2026-07-01 14:09:27.284][INF] [cfg=Default] 公告数量：2
[2026-07-01 14:09:27.295][INF] [cfg=Default][inst=配置 1/default][src=Worker][op=ExecuteTaskQueue] >>> 任务 资源检测完成（异步）。
[2026-07-01 14:09:27.295][INF] [cfg=Default][inst=配置 1/default][src=Worker][op=ExecuteTaskQueue] 启用 GPU 推理：成功
[2026-07-01 14:09:27.295][INF] [cfg=Default][inst=配置 1/default][src=Worker][op=ExecuteTaskQueue] GPU acceleration: Auto
[2026-07-01 14:09:27.295][INF] [cfg=Default][inst=配置 1/default][src=Worker][op=ExecuteTaskQueue] >>> 任务 控制器检测开始（异步）。
[2026-07-01 14:09:27.295][INF] [cfg=Default][inst=配置 1/default][src=Worker][op=ExecuteTaskQueue] 正在加载 MAA 控制器配置...
[2026-07-01 14:09:27.295][INF] [cfg=Default][inst=配置 1/default][src=Worker][op=ExecuteTaskQueue] 触控模式:Default,捕获模式:Default
[2026-07-01 14:09:27.295][INF] [cfg=Default][inst=配置 1/default][src=Worker][op=ExecuteTaskQueue] 设备名称：
[2026-07-01 14:09:27.295][INF] [cfg=Default][inst=配置 1/default][src=Worker][op=ExecuteTaskQueue] ADB 路径：adb
[2026-07-01 14:09:27.295][INF] [cfg=Default][inst=配置 1/default][src=Worker][op=ExecuteTaskQueue] ADB 序列号：
[2026-07-01 14:09:27.295][INF] [cfg=Default][inst=配置 1/default][src=Worker][op=ExecuteTaskQueue] 截图模式：Default
[2026-07-01 14:09:27.295][INF] [cfg=Default][inst=配置 1/default][src=Worker][op=ExecuteTaskQueue] 输入模式：Default
[2026-07-01 14:09:27.295][INF] [cfg=Default][inst=配置 1/default][src=Worker][op=ExecuteTaskQueue] 控制器配置：{}
[2026-07-01 14:09:27.295][WRN] [cfg=Default][inst=配置 1/default][src=Worker][op=ExecuteTaskQueue] 初始化控制器时发生错误！
[2026-07-01 14:09:27.295][ERR] [cfg=Default][inst=配置 1/default][src=Worker][op=ExecuteTaskQueue] 初始化控制器失败：message=连接模拟器时发生错误！, reason=The value cannot be an empty string.（Parameter 'info.AdbSerial')
System.ArgumentException: The value cannot be an empty string. (Parameter 'info.AdbSerial')
   at System.ArgumentException.ThrowNullOrEmptyException(String argument, String paramName)
   at System.ArgumentException.ThrowIfNullOrEmpty(String argument, String paramName)
   at MaaFramework.Binding.MaaAdbController..ctor(AdbDeviceInfo info, LinkOption link, CheckStatusOption check)
   at MaaFramework.Binding.MaaAdbController..ctor(String adbPath, String adbSerial, AdbScreencapMethods screencapMethods, AdbInputMethods inputMethods, String config, String agentPath, LinkOption link, CheckStatusOption check)
   at MFAAvalonia.Extensions.MaaFW.MaaProcessor.InitializeController(MaaControllerTypes controllerType, Boolean logConfig)
   at MFAAvalonia.Extensions.MaaFW.MaaProcessor.<>c__DisplayClass143_0.<InitializeMaaTasker>b__7()
   at MFAAvalonia.Helper.TaskManager.<>c__DisplayClass6_0`1.<RunTaskAsync>b__0()
   at System.Threading.Tasks.Task`1.InnerInvoke()
   at System.Threading.ExecutionContext.RunFromThreadPoolDispatchLoop(Thread threadPoolThread, ExecutionContext executionContext, ContextCallback callback, Object state)
--- End of stack trace from previous location ---
   at System.Threading.ExecutionContext.RunFromThreadPoolDispatchLoop(Thread threadPoolThread, ExecutionContext executionContext, ContextCallback callback, Object state)
   at System.Threading.Tasks.Task.ExecuteWithThreadLocal(Task& currentTaskSlot, Thread threadPoolThread)
--- End of stack trace from previous location ---
   at MFAAvalonia.Helper.TaskManager.RunTaskAsync[TResult](Func`1 function, CancellationToken token, Action`1 handleError, String name, String prompt, Boolean catchException, Boolean shouldLog, Boolean noMessage)
[2026-07-01 14:09:27.296][INF] [cfg=Default][inst=配置 1/default][src=Worker][op=ExecuteTaskQueue] >>> 任务 控制器检测完成（异步）。
[2026-07-01 14:09:27.296][WRN] [cfg=Default][inst=配置 1/default][src=Worker][op=ExecuteTaskQueue] 控制器初始化结果为空，已中止本次连接尝试。
[2026-07-01 14:09:27.298][ERR] [cfg=Default][inst=配置 1/default][src=Worker][op=ExecuteTaskQueue] HardRestartAdbWindows 失败：System.Management currently is only supported for Windows desktop applications.
[2026-07-01 14:09:27.298][INF] [cfg=Default][inst=配置 1/default][src=Worker][op=ExecuteTaskQueue] 正在载入资源
[2026-07-01 14:09:27.298][INF] [cfg=Default][inst=配置 1/default][src=Worker][op=ExecuteTaskQueue] 资源路径：F:\AATL-v0.5.4-beta\AATL\resource\base
[2026-07-01 14:09:27.298][INF] [cfg=Default][inst=配置 1/default][src=Worker][op=ExecuteTaskQueue] >>> 任务 资源检测开始（异步）。
[2026-07-01 14:09:27.343][INF] [cfg=Default][inst=配置 1/default][src=Worker][op=ExecuteTaskQueue] >>> 任务 资源检测完成（异步）。
[2026-07-01 14:09:27.343][INF] [cfg=Default][inst=配置 1/default][src=Worker][op=ExecuteTaskQueue] 启用 GPU 推理：成功
[2026-07-01 14:09:27.343][INF] [cfg=Default][inst=配置 1/default][src=Worker][op=ExecuteTaskQueue] GPU acceleration: Auto
[2026-07-01 14:09:27.343][INF] [cfg=Default][inst=配置 1/default][src=Worker][op=ExecuteTaskQueue] >>> 任务 控制器检测开始（异步）。
[2026-07-01 14:09:27.343][INF] [cfg=Default][inst=配置 1/default][src=Worker][op=ExecuteTaskQueue] 正在加载 MAA 控制器配置...
[2026-07-01 14:09:27.343][INF] [cfg=Default][inst=配置 1/default][src=Worker][op=ExecuteTaskQueue] 触控模式:Default,捕获模式:Default
[2026-07-01 14:09:27.343][INF] [cfg=Default][inst=配置 1/default][src=Worker][op=ExecuteTaskQueue] 设备名称：
[2026-07-01 14:09:27.343][INF] [cfg=Default][inst=配置 1/default][src=Worker][op=ExecuteTaskQueue] ADB 路径：adb
[2026-07-01 14:09:27.343][INF] [cfg=Default][inst=配置 1/default][src=Worker][op=ExecuteTaskQueue] ADB 序列号：
[2026-07-01 14:09:27.343][INF] [cfg=Default][inst=配置 1/default][src=Worker][op=ExecuteTaskQueue] 截图模式：Default
[2026-07-01 14:09:27.343][INF] [cfg=Default][inst=配置 1/default][src=Worker][op=ExecuteTaskQueue] 输入模式：Default
[2026-07-01 14:09:27.343][INF] [cfg=Default][inst=配置 1/default][src=Worker][op=ExecuteTaskQueue] 控制器配置：{}
[2026-07-01 14:09:27.343][WRN] [cfg=Default][inst=配置 1/default][src=Worker][op=ExecuteTaskQueue] 初始化控制器时发生错误！
[2026-07-01 14:09:27.343][ERR] [cfg=Default][inst=配置 1/default][src=Worker][op=ExecuteTaskQueue] 初始化控制器失败：message=连接模拟器时发生错误！, reason=The value cannot be an empty string.（Parameter 'info.AdbSerial')
System.ArgumentException: The value cannot be an empty string. (Parameter 'info.AdbSerial')
   at System.ArgumentException.ThrowNullOrEmptyException(String argument, String paramName)
   at System.ArgumentException.ThrowIfNullOrEmpty(String argument, String paramName)
   at MaaFramework.Binding.MaaAdbController..ctor(AdbDeviceInfo info, LinkOption link, CheckStatusOption check)
   at MaaFramework.Binding.MaaAdbController..ctor(String adbPath, String adbSerial, AdbScreencapMethods screencapMethods, AdbInputMethods inputMethods, String config, String agentPath, LinkOption link, CheckStatusOption check)
   at MFAAvalonia.Extensions.MaaFW.MaaProcessor.InitializeController(MaaControllerTypes controllerType, Boolean logConfig)
   at MFAAvalonia.Extensions.MaaFW.MaaProcessor.<>c__DisplayClass143_0.<InitializeMaaTasker>b__7()
   at MFAAvalonia.Helper.TaskManager.<>c__DisplayClass6_0`1.<RunTaskAsync>b__0()
   at System.Threading.Tasks.Task`1.InnerInvoke()
   at System.Threading.ExecutionContext.RunFromThreadPoolDispatchLoop(Thread threadPoolThread, ExecutionContext executionContext, ContextCallback callback, Object state)
--- End of stack trace from previous location ---
   at System.Threading.ExecutionContext.RunFromThreadPoolDispatchLoop(Thread threadPoolThread, ExecutionContext executionContext, ContextCallback callback, Object state)
   at System.Threading.Tasks.Task.ExecuteWithThreadLocal(Task& currentTaskSlot, Thread threadPoolThread)
--- End of stack trace from previous location ---
   at MFAAvalonia.Helper.TaskManager.RunTaskAsync[TResult](Func`1 function, CancellationToken token, Action`1 handleError, String name, String prompt, Boolean catchException, Boolean shouldLog, Boolean noMessage)
[2026-07-01 14:09:27.343][INF] [cfg=Default][inst=配置 1/default][src=Monitor][op=MonitorLog] [Record] 连接失败
正在尝试关闭并重启 ADB 进程
[2026-07-01 14:09:27.343][INF] [cfg=Default][inst=配置 1/default][src=Worker][op=ExecuteTaskQueue] >>> 任务 控制器检测完成（异步）。
[2026-07-01 14:09:27.344][WRN] [cfg=Default][inst=配置 1/default][src=Worker][op=ExecuteTaskQueue] 控制器初始化结果为空，已中止本次连接尝试。
[2026-07-01 14:09:27.360][ERR] [cfg=Default][inst=配置 1/default][src=Worker][op=ExecuteTaskQueue] 任务执行异常：任务=连接，原因=Connection failed after all retries
System.Exception: Connection failed after all retries
   at MFAAvalonia.Extensions.MaaFW.MaaProcessor.HandleDeviceConnectionAsync(CancellationToken token, Boolean showMessage)
   at MFAAvalonia.Extensions.MaaFW.MaaProcessor.<>c__DisplayClass210_0.<<InitializeConnectionTasksAsync>b__1>d.MoveNext()
--- End of stack trace from previous location ---
   at MFAAvalonia.Helper.ValueType.MFATask.Run(CancellationToken token)
[2026-07-01 14:09:27.361][INF] [cfg=Default][inst=配置 1/default][src=Worker][op=ExecuteTaskQueue] >>> 任务 启动任务完成（异步）。
[2026-07-01 14:09:27.521][INF] [cfg=Default][inst=配置 1/default][src=Monitor][op=MonitorLog] 连接失败
[2026-07-01 14:09:27.536][INF] [cfg=Default] >>> 任务 公告和最新版本检测完成（异步）。
[2026-07-01 14:09:27.538][INF] [cfg=Default][inst=配置 1/default][src=Worker][op=StopTask] 停止前状态：FAILED
[2026-07-01 14:09:27.558][INF] [cfg=Default][inst=配置 1/default][src=Worker][op=StopTask] >>> 任务 停止maafw任务开始（异步）。
[2026-07-01 14:09:27.560][INF] [cfg=Default][inst=配置 1/default][src=Monitor][op=MonitorLog] 正在停止......
[2026-07-01 14:09:27.560][INF] [cfg=Default][inst=配置 1/default][src=Worker][op=StopTask] >>> 任务 Action开始。
[2026-07-01 14:09:27.561][INF] [cfg=Default][inst=配置 1/default][src=Worker][op=StopTask] >>> 任务 Action完成。
[2026-07-01 14:09:27.562][INF] [cfg=Default][inst=配置 1/default][src=Worker][op=StopTask] >>> 任务 启动检测开始（异步）。
[2026-07-01 14:09:27.563][INF] [cfg=Default][inst=配置 1/default][src=Worker][op=StopTask] 开始执行更新任务：名称=查询CDK
[2026-07-01 14:09:27.563][INF] [cfg=Default][inst=配置 1/default][src=Worker][op=StopTask] 更新任务完成：名称=查询CDK
[2026-07-01 14:09:27.563][INF] [cfg=Default][inst=配置 1/default][src=Worker][op=StopTask] 开始执行更新任务：名称=更新资源
[2026-07-01 14:09:27.566][INF] [cfg=Default][inst=配置 1/default][src=Worker][op=StopTask] 停止前状态：STOPPING
[2026-07-01 14:09:27.975][INF] [cfg=Default][inst=配置 1/default][src=Monitor][op=MonitorLog] 已放弃本次任务
[2026-07-01 14:09:29.500][INF] [cfg=Default][inst=配置 1/default][src=Worker][op=StopTask] 目标系统：平台=win，系统家族=windows，架构=x64
[2026-07-01 14:09:29.992][INF] [cfg=Default][inst=配置 1/default][src=Worker][op=StopTask] 候选资产优先级：名称=aatl-v0.5.3.zip，优先级=0
[2026-07-01 14:09:29.996][INF] [cfg=Default][inst=配置 1/default][src=Worker][op=StopTask] 更新任务完成：名称=更新资源
[2026-07-01 14:09:29.996][INF] [cfg=Default][inst=配置 1/default][src=Worker][op=StopTask] >>> 任务 启动检测完成（异步）。
[2026-07-01 14:11:14.155][INF] [cfg=Default][inst=配置 1/default][src=UI][op=StartTask] 用户操作：启动任务 | controller=Adb, resource=刀剑乱舞, device=<none>, selectedTasks=1 [刷花]
[2026-07-01 14:11:14.164][INF] [cfg=Default][inst=配置 1/default][src=Worker][op=ExecuteTaskQueue] 准备执行任务队列：任务数量=1
[2026-07-01 14:11:14.165][INF] [cfg=Default][inst=配置 1/default][src=Worker][op=ExecuteTaskQueue] [任务管线合并] 任务#1 名称=[刷花] 入口=[FlowerBrush] 参数=[
  {}
]
[2026-07-01 14:11:14.203][INF] [cfg=Default][inst=配置 1/default][src=Worker][op=ExecuteTaskQueue] >>> 任务 启动任务开始（异步）。
[2026-07-01 14:11:14.203][INF] [cfg=Default][inst=配置 1/default][src=Worker][op=ExecuteTaskQueue] >>> 任务 启动附加开始脚本开始（异步）。
[2026-07-01 14:11:14.203][INF] [cfg=Default][inst=配置 1/default][src=Worker][op=ExecuteTaskQueue] >>> 任务 启动附加开始脚本完成（异步）。
[2026-07-01 14:11:14.204][INF] [cfg=Default][inst=配置 1/default][src=Worker][op=ExecuteTaskQueue] 正在载入资源
[2026-07-01 14:11:14.204][INF] [cfg=Default][inst=配置 1/default][src=Worker][op=ExecuteTaskQueue] 资源路径：F:\AATL-v0.5.4-beta\AATL\resource\base
[2026-07-01 14:11:14.204][INF] [cfg=Default][inst=配置 1/default][src=Worker][op=ExecuteTaskQueue] >>> 任务 资源检测开始（异步）。
[2026-07-01 14:11:14.204][INF] [cfg=Default][inst=配置 1/default][src=Monitor][op=MonitorLog] 正在连接至模拟器......
[2026-07-01 14:11:14.256][INF] [cfg=Default][inst=配置 1/default][src=Worker][op=ExecuteTaskQueue] >>> 任务 资源检测完成（异步）。
[2026-07-01 14:11:14.256][INF] [cfg=Default][inst=配置 1/default][src=Worker][op=ExecuteTaskQueue] 启用 GPU 推理：成功
[2026-07-01 14:11:14.256][INF] [cfg=Default][inst=配置 1/default][src=Worker][op=ExecuteTaskQueue] GPU acceleration: Auto
[2026-07-01 14:11:14.257][INF] [cfg=Default][inst=配置 1/default][src=Worker][op=ExecuteTaskQueue] >>> 任务 控制器检测开始（异步）。
[2026-07-01 14:11:14.257][INF] [cfg=Default][inst=配置 1/default][src=Worker][op=ExecuteTaskQueue] 正在加载 MAA 控制器配置...
[2026-07-01 14:11:14.257][INF] [cfg=Default][inst=配置 1/default][src=Worker][op=ExecuteTaskQueue] 触控模式:Default,捕获模式:Default
[2026-07-01 14:11:14.257][INF] [cfg=Default][inst=配置 1/default][src=Worker][op=ExecuteTaskQueue] 设备名称：
[2026-07-01 14:11:14.257][INF] [cfg=Default][inst=配置 1/default][src=Worker][op=ExecuteTaskQueue] ADB 路径：adb
[2026-07-01 14:11:14.257][INF] [cfg=Default][inst=配置 1/default][src=Worker][op=ExecuteTaskQueue] ADB 序列号：
[2026-07-01 14:11:14.257][INF] [cfg=Default][inst=配置 1/default][src=Worker][op=ExecuteTaskQueue] 截图模式：Default
[2026-07-01 14:11:14.257][INF] [cfg=Default][inst=配置 1/default][src=Worker][op=ExecuteTaskQueue] 输入模式：Default
[2026-07-01 14:11:14.257][INF] [cfg=Default][inst=配置 1/default][src=Worker][op=ExecuteTaskQueue] 控制器配置：{}
[2026-07-01 14:11:14.257][WRN] [cfg=Default][inst=配置 1/default][src=Worker][op=ExecuteTaskQueue] 初始化控制器时发生错误！
[2026-07-01 14:11:14.257][ERR] [cfg=Default][inst=配置 1/default][src=Worker][op=ExecuteTaskQueue] 初始化控制器失败：message=连接模拟器时发生错误！, reason=The value cannot be an empty string.（Parameter 'info.AdbSerial')
System.ArgumentException: The value cannot be an empty string. (Parameter 'info.AdbSerial')
   at System.ArgumentException.ThrowNullOrEmptyException(String argument, String paramName)
   at System.ArgumentException.ThrowIfNullOrEmpty(String argument, String paramName)
   at MaaFramework.Binding.MaaAdbController..ctor(AdbDeviceInfo info, LinkOption link, CheckStatusOption check)
   at MaaFramework.Binding.MaaAdbController..ctor(String adbPath, String adbSerial, AdbScreencapMethods screencapMethods, AdbInputMethods inputMethods, String config, String agentPath, LinkOption link, CheckStatusOption check)
   at MFAAvalonia.Extensions.MaaFW.MaaProcessor.InitializeController(MaaControllerTypes controllerType, Boolean logConfig)
   at MFAAvalonia.Extensions.MaaFW.MaaProcessor.<>c__DisplayClass143_0.<InitializeMaaTasker>b__7()
   at MFAAvalonia.Helper.TaskManager.<>c__DisplayClass6_0`1.<RunTaskAsync>b__0()
   at System.Threading.Tasks.Task`1.InnerInvoke()
   at System.Threading.ExecutionContext.RunFromThreadPoolDispatchLoop(Thread threadPoolThread, ExecutionContext executionContext, ContextCallback callback, Object state)
--- End of stack trace from previous location ---
   at System.Threading.ExecutionContext.RunFromThreadPoolDispatchLoop(Thread threadPoolThread, ExecutionContext executionContext, ContextCallback callback, Object state)
   at System.Threading.Tasks.Task.ExecuteWithThreadLocal(Task& currentTaskSlot, Thread threadPoolThread)
--- End of stack trace from previous location ---
   at MFAAvalonia.Helper.TaskManager.RunTaskAsync[TResult](Func`1 function, CancellationToken token, Action`1 handleError, String name, String prompt, Boolean catchException, Boolean shouldLog, Boolean noMessage)
[2026-07-01 14:11:14.258][INF] [cfg=Default][inst=配置 1/default][src=Worker][op=ExecuteTaskQueue] >>> 任务 控制器检测完成（异步）。
[2026-07-01 14:11:14.258][WRN] [cfg=Default][inst=配置 1/default][src=Worker][op=ExecuteTaskQueue] 控制器初始化结果为空，已中止本次连接尝试。
[2026-07-01 14:11:14.258][INF] [cfg=Default][inst=配置 1/default][src=Worker][op=ExecuteTaskQueue] 正在载入资源
[2026-07-01 14:11:14.258][INF] [cfg=Default][inst=配置 1/default][src=Worker][op=ExecuteTaskQueue] 资源路径：F:\AATL-v0.5.4-beta\AATL\resource\base
[2026-07-01 14:11:14.258][INF] [cfg=Default][inst=配置 1/default][src=Worker][op=ExecuteTaskQueue] >>> 任务 资源检测开始（异步）。
[2026-07-01 14:11:14.258][INF] [cfg=Default][inst=配置 1/default][src=Monitor][op=MonitorLog] [Record] 连接失败
正在尝试重连
[2026-07-01 14:11:14.315][INF] [cfg=Default][inst=配置 1/default][src=Worker][op=ExecuteTaskQueue] >>> 任务 资源检测完成（异步）。
[2026-07-01 14:11:14.315][INF] [cfg=Default][inst=配置 1/default][src=Worker][op=ExecuteTaskQueue] 启用 GPU 推理：成功
[2026-07-01 14:11:14.316][INF] [cfg=Default][inst=配置 1/default][src=Worker][op=ExecuteTaskQueue] GPU acceleration: Auto
[2026-07-01 14:11:14.316][INF] [cfg=Default][inst=配置 1/default][src=Worker][op=ExecuteTaskQueue] >>> 任务 控制器检测开始（异步）。
[2026-07-01 14:11:14.316][INF] [cfg=Default][inst=配置 1/default][src=Worker][op=ExecuteTaskQueue] 正在加载 MAA 控制器配置...
[2026-07-01 14:11:14.316][INF] [cfg=Default][inst=配置 1/default][src=Worker][op=ExecuteTaskQueue] 触控模式:Default,捕获模式:Default
[2026-07-01 14:11:14.316][INF] [cfg=Default][inst=配置 1/default][src=Worker][op=ExecuteTaskQueue] 设备名称：
[2026-07-01 14:11:14.316][INF] [cfg=Default][inst=配置 1/default][src=Worker][op=ExecuteTaskQueue] ADB 路径：adb
[2026-07-01 14:11:14.316][INF] [cfg=Default][inst=配置 1/default][src=Worker][op=ExecuteTaskQueue] ADB 序列号：
[2026-07-01 14:11:14.316][INF] [cfg=Default][inst=配置 1/default][src=Worker][op=ExecuteTaskQueue] 截图模式：Default
[2026-07-01 14:11:14.316][INF] [cfg=Default][inst=配置 1/default][src=Worker][op=ExecuteTaskQueue] 输入模式：Default
[2026-07-01 14:11:14.316][INF] [cfg=Default][inst=配置 1/default][src=Worker][op=ExecuteTaskQueue] 控制器配置：{}
[2026-07-01 14:11:14.316][WRN] [cfg=Default][inst=配置 1/default][src=Worker][op=ExecuteTaskQueue] 初始化控制器时发生错误！
[2026-07-01 14:11:14.316][ERR] [cfg=Default][inst=配置 1/default][src=Worker][op=ExecuteTaskQueue] 初始化控制器失败：message=连接模拟器时发生错误！, reason=The value cannot be an empty string.（Parameter 'info.AdbSerial')
System.ArgumentException: The value cannot be an empty string. (Parameter 'info.AdbSerial')
   at System.ArgumentException.ThrowNullOrEmptyException(String argument, String paramName)
   at System.ArgumentException.ThrowIfNullOrEmpty(String argument, String paramName)
   at MaaFramework.Binding.MaaAdbController..ctor(AdbDeviceInfo info, LinkOption link, CheckStatusOption check)
   at MaaFramework.Binding.MaaAdbController..ctor(String adbPath, String adbSerial, AdbScreencapMethods screencapMethods, AdbInputMethods inputMethods, String config, String agentPath, LinkOption link, CheckStatusOption check)
   at MFAAvalonia.Extensions.MaaFW.MaaProcessor.InitializeController(MaaControllerTypes controllerType, Boolean logConfig)
   at MFAAvalonia.Extensions.MaaFW.MaaProcessor.<>c__DisplayClass143_0.<InitializeMaaTasker>b__7()
   at MFAAvalonia.Helper.TaskManager.<>c__DisplayClass6_0`1.<RunTaskAsync>b__0()
   at System.Threading.Tasks.Task`1.InnerInvoke()
   at System.Threading.ExecutionContext.RunFromThreadPoolDispatchLoop(Thread threadPoolThread, ExecutionContext executionContext, ContextCallback callback, Object state)
--- End of stack trace from previous location ---
   at System.Threading.ExecutionContext.RunFromThreadPoolDispatchLoop(Thread threadPoolThread, ExecutionContext executionContext, ContextCallback callback, Object state)
   at System.Threading.Tasks.Task.ExecuteWithThreadLocal(Task& currentTaskSlot, Thread threadPoolThread)
--- End of stack trace from previous location ---
   at MFAAvalonia.Helper.TaskManager.RunTaskAsync[TResult](Func`1 function, CancellationToken token, Action`1 handleError, String name, String prompt, Boolean catchException, Boolean shouldLog, Boolean noMessage)
[2026-07-01 14:11:14.316][INF] [cfg=Default][inst=配置 1/default][src=Worker][op=ExecuteTaskQueue] >>> 任务 控制器检测完成（异步）。
[2026-07-01 14:11:14.316][WRN] [cfg=Default][inst=配置 1/default][src=Worker][op=ExecuteTaskQueue] 控制器初始化结果为空，已中止本次连接尝试。
[2026-07-01 14:11:14.317][INF] [cfg=Default][inst=配置 1/default][src=Monitor][op=MonitorLog] [Record] 连接失败
正在尝试重启 ADB Server
[2026-07-01 14:11:14.350][INF] [cfg=Default][inst=配置 1/default][src=Worker][op=ExecuteTaskQueue] 正在载入资源
[2026-07-01 14:11:14.350][INF] [cfg=Default][inst=配置 1/default][src=Worker][op=ExecuteTaskQueue] 资源路径：F:\AATL-v0.5.4-beta\AATL\resource\base
[2026-07-01 14:11:14.350][INF] [cfg=Default][inst=配置 1/default][src=Worker][op=ExecuteTaskQueue] >>> 任务 资源检测开始（异步）。
[2026-07-01 14:11:14.408][INF] [cfg=Default][inst=配置 1/default][src=Worker][op=ExecuteTaskQueue] >>> 任务 资源检测完成（异步）。
[2026-07-01 14:11:14.408][INF] [cfg=Default][inst=配置 1/default][src=Worker][op=ExecuteTaskQueue] 启用 GPU 推理：成功
[2026-07-01 14:11:14.408][INF] [cfg=Default][inst=配置 1/default][src=Worker][op=ExecuteTaskQueue] GPU acceleration: Auto
[2026-07-01 14:11:14.408][INF] [cfg=Default][inst=配置 1/default][src=Worker][op=ExecuteTaskQueue] >>> 任务 控制器检测开始（异步）。
[2026-07-01 14:11:14.408][INF] [cfg=Default][inst=配置 1/default][src=Worker][op=ExecuteTaskQueue] 正在加载 MAA 控制器配置...
[2026-07-01 14:11:14.408][INF] [cfg=Default][inst=配置 1/default][src=Worker][op=ExecuteTaskQueue] 触控模式:Default,捕获模式:Default
[2026-07-01 14:11:14.408][INF] [cfg=Default][inst=配置 1/default][src=Worker][op=ExecuteTaskQueue] 设备名称：
[2026-07-01 14:11:14.408][INF] [cfg=Default][inst=配置 1/default][src=Worker][op=ExecuteTaskQueue] ADB 路径：adb
[2026-07-01 14:11:14.408][INF] [cfg=Default][inst=配置 1/default][src=Worker][op=ExecuteTaskQueue] ADB 序列号：
[2026-07-01 14:11:14.408][INF] [cfg=Default][inst=配置 1/default][src=Worker][op=ExecuteTaskQueue] 截图模式：Default
[2026-07-01 14:11:14.408][INF] [cfg=Default][inst=配置 1/default][src=Worker][op=ExecuteTaskQueue] 输入模式：Default
[2026-07-01 14:11:14.408][INF] [cfg=Default][inst=配置 1/default][src=Worker][op=ExecuteTaskQueue] 控制器配置：{}
[2026-07-01 14:11:14.409][WRN] [cfg=Default][inst=配置 1/default][src=Worker][op=ExecuteTaskQueue] 初始化控制器时发生错误！
[2026-07-01 14:11:14.409][ERR] [cfg=Default][inst=配置 1/default][src=Worker][op=ExecuteTaskQueue] 初始化控制器失败：message=连接模拟器时发生错误！, reason=The value cannot be an empty string.（Parameter 'info.AdbSerial')
System.ArgumentException: The value cannot be an empty string. (Parameter 'info.AdbSerial')
   at System.ArgumentException.ThrowNullOrEmptyException(String argument, String paramName)
   at System.ArgumentException.ThrowIfNullOrEmpty(String argument, String paramName)
   at MaaFramework.Binding.MaaAdbController..ctor(AdbDeviceInfo info, LinkOption link, CheckStatusOption check)
   at MaaFramework.Binding.MaaAdbController..ctor(String adbPath, String adbSerial, AdbScreencapMethods screencapMethods, AdbInputMethods inputMethods, String config, String agentPath, LinkOption link, CheckStatusOption check)
   at MFAAvalonia.Extensions.MaaFW.MaaProcessor.InitializeController(MaaControllerTypes controllerType, Boolean logConfig)
   at MFAAvalonia.Extensions.MaaFW.MaaProcessor.<>c__DisplayClass143_0.<InitializeMaaTasker>b__7()
   at MFAAvalonia.Helper.TaskManager.<>c__DisplayClass6_0`1.<RunTaskAsync>b__0()
   at System.Threading.Tasks.Task`1.InnerInvoke()
   at System.Threading.ExecutionContext.RunFromThreadPoolDispatchLoop(Thread threadPoolThread, ExecutionContext executionContext, ContextCallback callback, Object state)
--- End of stack trace from previous location ---
   at System.Threading.ExecutionContext.RunFromThreadPoolDispatchLoop(Thread threadPoolThread, ExecutionContext executionContext, ContextCallback callback, Object state)
   at System.Threading.Tasks.Task.ExecuteWithThreadLocal(Task& currentTaskSlot, Thread threadPoolThread)
--- End of stack trace from previous location ---
   at MFAAvalonia.Helper.TaskManager.RunTaskAsync[TResult](Func`1 function, CancellationToken token, Action`1 handleError, String name, String prompt, Boolean catchException, Boolean shouldLog, Boolean noMessage)
[2026-07-01 14:11:14.409][INF] [cfg=Default][inst=配置 1/default][src=Worker][op=ExecuteTaskQueue] >>> 任务 控制器检测完成（异步）。
[2026-07-01 14:11:14.409][WRN] [cfg=Default][inst=配置 1/default][src=Worker][op=ExecuteTaskQueue] 控制器初始化结果为空，已中止本次连接尝试。
[2026-07-01 14:11:14.409][ERR] [cfg=Default][inst=配置 1/default][src=Worker][op=ExecuteTaskQueue] HardRestartAdbWindows 失败：System.Management currently is only supported for Windows desktop applications.
[2026-07-01 14:11:14.409][INF] [cfg=Default][inst=配置 1/default][src=Worker][op=ExecuteTaskQueue] 正在载入资源
[2026-07-01 14:11:14.409][INF] [cfg=Default][inst=配置 1/default][src=Worker][op=ExecuteTaskQueue] 资源路径：F:\AATL-v0.5.4-beta\AATL\resource\base
[2026-07-01 14:11:14.409][INF] [cfg=Default][inst=配置 1/default][src=Worker][op=ExecuteTaskQueue] >>> 任务 资源检测开始（异步）。
[2026-07-01 14:11:14.409][INF] [cfg=Default][inst=配置 1/default][src=Monitor][op=MonitorLog] [Record] 连接失败
正在尝试关闭并重启 ADB 进程
[2026-07-01 14:11:14.464][INF] [cfg=Default][inst=配置 1/default][src=Worker][op=ExecuteTaskQueue] >>> 任务 资源检测完成（异步）。
[2026-07-01 14:11:14.464][INF] [cfg=Default][inst=配置 1/default][src=Worker][op=ExecuteTaskQueue] 启用 GPU 推理：成功
[2026-07-01 14:11:14.464][INF] [cfg=Default][inst=配置 1/default][src=Worker][op=ExecuteTaskQueue] GPU acceleration: Auto
[2026-07-01 14:11:14.464][INF] [cfg=Default][inst=配置 1/default][src=Worker][op=ExecuteTaskQueue] >>> 任务 控制器检测开始（异步）。
[2026-07-01 14:11:14.464][INF] [cfg=Default][inst=配置 1/default][src=Worker][op=ExecuteTaskQueue] 正在加载 MAA 控制器配置...
[2026-07-01 14:11:14.464][INF] [cfg=Default][inst=配置 1/default][src=Worker][op=ExecuteTaskQueue] 触控模式:Default,捕获模式:Default
[2026-07-01 14:11:14.464][INF] [cfg=Default][inst=配置 1/default][src=Worker][op=ExecuteTaskQueue] 设备名称：
[2026-07-01 14:11:14.464][INF] [cfg=Default][inst=配置 1/default][src=Worker][op=ExecuteTaskQueue] ADB 路径：adb
[2026-07-01 14:11:14.464][INF] [cfg=Default][inst=配置 1/default][src=Worker][op=ExecuteTaskQueue] ADB 序列号：
[2026-07-01 14:11:14.464][INF] [cfg=Default][inst=配置 1/default][src=Worker][op=ExecuteTaskQueue] 截图模式：Default
[2026-07-01 14:11:14.464][INF] [cfg=Default][inst=配置 1/default][src=Worker][op=ExecuteTaskQueue] 输入模式：Default
[2026-07-01 14:11:14.464][INF] [cfg=Default][inst=配置 1/default][src=Worker][op=ExecuteTaskQueue] 控制器配置：{}
[2026-07-01 14:11:14.464][WRN] [cfg=Default][inst=配置 1/default][src=Worker][op=ExecuteTaskQueue] 初始化控制器时发生错误！
[2026-07-01 14:11:14.464][ERR] [cfg=Default][inst=配置 1/default][src=Worker][op=ExecuteTaskQueue] 初始化控制器失败：message=连接模拟器时发生错误！, reason=The value cannot be an empty string.（Parameter 'info.AdbSerial')
System.ArgumentException: The value cannot be an empty string. (Parameter 'info.AdbSerial')
   at System.ArgumentException.ThrowNullOrEmptyException(String argument, String paramName)
   at System.ArgumentException.ThrowIfNullOrEmpty(String argument, String paramName)
   at MaaFramework.Binding.MaaAdbController..ctor(AdbDeviceInfo info, LinkOption link, CheckStatusOption check)
   at MaaFramework.Binding.MaaAdbController..ctor(String adbPath, String adbSerial, AdbScreencapMethods screencapMethods, AdbInputMethods inputMethods, String config, String agentPath, LinkOption link, CheckStatusOption check)
   at MFAAvalonia.Extensions.MaaFW.MaaProcessor.InitializeController(MaaControllerTypes controllerType, Boolean logConfig)
   at MFAAvalonia.Extensions.MaaFW.MaaProcessor.<>c__DisplayClass143_0.<InitializeMaaTasker>b__7()
   at MFAAvalonia.Helper.TaskManager.<>c__DisplayClass6_0`1.<RunTaskAsync>b__0()
   at System.Threading.Tasks.Task`1.InnerInvoke()
   at System.Threading.ExecutionContext.RunFromThreadPoolDispatchLoop(Thread threadPoolThread, ExecutionContext executionContext, ContextCallback callback, Object state)
--- End of stack trace from previous location ---
   at System.Threading.ExecutionContext.RunFromThreadPoolDispatchLoop(Thread threadPoolThread, ExecutionContext executionContext, ContextCallback callback, Object state)
   at System.Threading.Tasks.Task.ExecuteWithThreadLocal(Task& currentTaskSlot, Thread threadPoolThread)
--- End of stack trace from previous location ---
   at MFAAvalonia.Helper.TaskManager.RunTaskAsync[TResult](Func`1 function, CancellationToken token, Action`1 handleError, String name, String prompt, Boolean catchException, Boolean shouldLog, Boolean noMessage)
[2026-07-01 14:11:14.465][INF] [cfg=Default][inst=配置 1/default][src=Worker][op=ExecuteTaskQueue] >>> 任务 控制器检测完成（异步）。
[2026-07-01 14:11:14.465][WRN] [cfg=Default][inst=配置 1/default][src=Worker][op=ExecuteTaskQueue] 控制器初始化结果为空，已中止本次连接尝试。
[2026-07-01 14:11:14.466][ERR] [cfg=Default][inst=配置 1/default][src=Worker][op=ExecuteTaskQueue] 任务执行异常：任务=连接，原因=Connection failed after all retries
System.Exception: Connection failed after all retries
   at MFAAvalonia.Extensions.MaaFW.MaaProcessor.HandleDeviceConnectionAsync(CancellationToken token, Boolean showMessage)
   at MFAAvalonia.Extensions.MaaFW.MaaProcessor.<>c__DisplayClass210_0.<<InitializeConnectionTasksAsync>b__1>d.MoveNext()
--- End of stack trace from previous location ---
   at MFAAvalonia.Helper.ValueType.MFATask.Run(CancellationToken token)
[2026-07-01 14:11:14.467][INF] [cfg=Default][inst=配置 1/default][src=Worker][op=ExecuteTaskQueue] >>> 任务 启动任务完成（异步）。
[2026-07-01 14:11:14.467][INF] [cfg=Default][inst=配置 1/default][src=Monitor][op=MonitorLog] 连接失败
[2026-07-01 14:11:14.469][INF] [cfg=Default][inst=配置 1/default][src=Worker][op=StopTask] 停止前状态：FAILED
[2026-07-01 14:11:14.472][INF] [cfg=Default][inst=配置 1/default][src=Worker][op=StopTask] >>> 任务 停止maafw任务开始（异步）。
[2026-07-01 14:11:14.472][INF] [cfg=Default][inst=配置 1/default][src=Worker][op=StopTask] >>> 任务 Action开始。
[2026-07-01 14:11:14.472][INF] [cfg=Default][inst=配置 1/default][src=Worker][op=StopTask] >>> 任务 Action完成。
[2026-07-01 14:11:14.472][INF] [cfg=Default][inst=配置 1/default][src=Monitor][op=MonitorLog] 正在停止......
[2026-07-01 14:11:14.474][INF] [cfg=Default][inst=配置 1/default][src=Worker][op=StopTask] 停止前状态：STOPPING
[2026-07-01 14:11:14.874][INF] [cfg=Default][inst=配置 1/default][src=Monitor][op=MonitorLog] 已放弃本次任务
[2026-07-01 14:12:04.062][INF] [cfg=Default] 应用已关闭
[2026-07-01 14:12:10.002][INF] 正在加载配置列表...
[2026-07-01 14:12:10.031][INF] 应用安装目录：F:\AATL-v0.5.4-beta\AATL
[2026-07-01 14:12:10.031][INF] 应用数据目录：F:\AATL-v0.5.4-beta\AATL
[2026-07-01 14:12:10.031][INF] 是否使用独立数据目录：False
[2026-07-01 14:12:10.031][INF] 配置目录：F:\AATL-v0.5.4-beta\AATL\resource\config
[2026-07-01 14:12:10.031][INF] 是否使用本地配置目录：True
[2026-07-01 14:12:10.031][INF] 日志目录：F:\AATL-v0.5.4-beta\AATL\debug\logs
[2026-07-01 14:12:10.031][INF] 备份文件数量：0
[2026-07-01 14:12:10.031][INF] 临时目录是否存在：True
[2026-07-01 14:12:10.031][INF] [cfg=Default] 应用安装目录：F:\AATL-v0.5.4-beta\AATL
[2026-07-01 14:12:10.031][INF] [cfg=Default] 应用数据目录：F:\AATL-v0.5.4-beta\AATL
[2026-07-01 14:12:10.031][INF] [cfg=Default] 是否使用独立数据目录：False
[2026-07-01 14:12:10.031][INF] [cfg=Default] 配置目录：F:\AATL-v0.5.4-beta\AATL\resource\config
[2026-07-01 14:12:10.031][INF] [cfg=Default] 是否使用本地配置目录：True
[2026-07-01 14:12:10.031][INF] [cfg=Default] 日志目录：F:\AATL-v0.5.4-beta\AATL\debug\logs
[2026-07-01 14:12:10.031][INF] [cfg=Default] 备份文件数量：0
[2026-07-01 14:12:10.031][INF] [cfg=Default] 临时目录是否存在：True
[2026-07-01 14:12:10.036][INF] [cfg=Default] 已通过 Windows API 添加 DLL 搜索目录：F:\AATL-v0.5.4-beta\AATL\runtimes/libs
[2026-07-01 14:12:10.036][INF] [cfg=Default] 库解析器初始化完成：libsPath=F:\AATL-v0.5.4-beta\AATL\runtimes/libs，目录存在=True
[2026-07-01 14:12:10.039][INF] [cfg=Default] 检测到 MaaFramework 运行时目录：数量=1，路径=[F:\AATL-v0.5.4-beta\AATL\runtimes\win-x64\native]
[2026-07-01 14:12:10.042][INF] [cfg=Default] 启动参数：数量=0，内容=[]
[2026-07-01 14:12:10.042][INF] [cfg=Default] 程序版本：v2.12.2-beta.1
[2026-07-01 14:12:10.042][INF] [cfg=Default] .NET 运行时：.NET 10.0.9
[2026-07-01 14:12:10.870][INF] [cfg=Default] 开始初始化语言管理器。
[2026-07-01 14:12:11.051][INF] [cfg=Default] 当前配置：Default
[2026-07-01 14:12:11.113][INF] [cfg=Default] 已恢复系统休眠。
[2026-07-01 14:12:11.116][INF] [cfg=Default] 热键主进程选举：已成为主进程（创建了新的全局互斥锁）。
[2026-07-01 14:12:11.117][INF] [cfg=Default] 全局热键服务：作为主进程初始化。
[2026-07-01 14:12:11.129][INF] [cfg=Default] 热键 IPC 端口文件已保存：文件=C:\Users\18118\AppData\Local\Temp\MFAAvalonia\hotkey_ipc_port.txt
[2026-07-01 14:12:11.129][INF] [cfg=Default] 热键 IPC 服务端已启动：端口=52718
[2026-07-01 14:12:11.139][INF] [cfg=Default] [内存管理]释放了3.81 MB（56.2%)
[2026-07-01 14:12:11.212][WRN] [cfg=Default] 界面资源接口尚未初始化完成。
[2026-07-01 14:12:11.223][INF] [cfg=Default] [调试] instances 目录中实际存在的实例文件数量：1, ID列表：[default]
[2026-07-01 14:12:11.304][INF] [cfg=Default] 本地更新包按钮可见性已刷新：来源=config.Debug(string)，原始值=，解析结果=False
[2026-07-01 14:12:11.305][INF] [cfg=Default] 资源版本：0.5.4
[2026-07-01 14:12:11.305][INF] [cfg=Default] MaaFramework 版本：v5.11.1
[2026-07-01 14:12:11.379][INF] [cfg=Default] [懒加载] 已加载当天有定时任务的实例
[2026-07-01 14:12:11.456][INF] [cfg=Default] 窗口大小已加载：宽度=1280，高度=700.6666666666666
[2026-07-01 14:12:11.466][INF] [cfg=Default] 窗口位置已加载：X=416，Y=191
[2026-07-01 14:12:11.920][WRN] [cfg=Default] 跨平台数据解密失败：参数错误。
[2026-07-01 14:12:11.925][ERR] [cfg=Default] 获取设备唯一标识失败：原因=System.Management currently is only supported for Windows desktop applications.
System.PlatformNotSupportedException: System.Management currently is only supported for Windows desktop applications.
   at System.Management.ManagementObjectSearcher..ctor(String queryString)
   at MFAAvalonia.Helper.SimpleEncryptionHelper.GetPlatformSpecificId()
[2026-07-01 14:12:11.941][ERR] [cfg=Default] 获取设备唯一标识失败：原因=System.Management currently is only supported for Windows desktop applications.
System.PlatformNotSupportedException: System.Management currently is only supported for Windows desktop applications.
   at System.Management.ManagementObjectSearcher..ctor(String queryString)
   at MFAAvalonia.Helper.SimpleEncryptionHelper.GetPlatformSpecificId()
[2026-07-01 14:12:11.941][WRN] [cfg=Default] 跨平台数据解密失败：The input is not a valid Base-64 string as it contains a non-base 64 character, more than two padding characters, or an illegal character among the padding characters.
[2026-07-01 14:12:11.941][ERR] [cfg=Default] 获取设备唯一标识失败：原因=System.Management currently is only supported for Windows desktop applications.
System.PlatformNotSupportedException: System.Management currently is only supported for Windows desktop applications.
   at System.Management.ManagementObjectSearcher..ctor(String queryString)
   at MFAAvalonia.Helper.SimpleEncryptionHelper.GetPlatformSpecificId()
[2026-07-01 14:12:11.941][ERR] [cfg=Default] 获取设备唯一标识失败：原因=System.Management currently is only supported for Windows desktop applications.
System.PlatformNotSupportedException: System.Management currently is only supported for Windows desktop applications.
   at System.Management.ManagementObjectSearcher..ctor(String queryString)
   at MFAAvalonia.Helper.SimpleEncryptionHelper.GetPlatformSpecificId()
[2026-07-01 14:12:12.007][INF] [cfg=Default] 本地更新包按钮可见性已刷新：来源=config.Debug(string)，原始值=，解析结果=False
[2026-07-01 14:12:12.007][INF] [cfg=Default] 设置页调试卡片可见性已应用：False
[2026-07-01 14:12:12.170][INF] [cfg=Default] [调试] instances 目录中实际存在的实例文件数量：1, ID列表：[default]
[2026-07-01 14:12:12.180][INF] [cfg=Default] [懒加载] 已加载当天有定时任务的实例
[2026-07-01 14:12:12.555][INF] [cfg=Default] [懒加载] 所有实例加载完成
[2026-07-01 14:12:12.556][INF] [cfg=Default] [懒加载] 所有实例加载完成
[2026-07-01 14:12:12.634][INF] [cfg=Default] 界面初始化开始
[2026-07-01 14:12:12.746][INF] [cfg=Default][inst=配置 1/default][src=UI][op=ChangeResource] 当前资源变更：resource=, controller=Adb
[2026-07-01 14:12:12.748][INF] [cfg=Default][inst=配置 1/default][src=UI][op=ChangeResource] 当前资源变更：resource=刀剑乱舞, controller=Adb
[2026-07-01 14:12:12.751][INF] [cfg=Default][inst=配置 1/default][src=UI][op=ChangeResource] 当前资源变更：resource=, controller=Adb
[2026-07-01 14:12:12.752][INF] [cfg=Default][inst=配置 1/default][src=UI][op=ChangeResource] 当前资源变更：resource=刀剑乱舞, controller=Adb
[2026-07-01 14:12:13.201][INF] [cfg=Default] >>> 任务 公告和最新版本检测开始（异步）。
[2026-07-01 14:12:13.617][INF] [cfg=Default][inst=配置 1/default][src=Worker][op=ExecuteTaskQueue] 准备执行任务队列：任务数量=1
[2026-07-01 14:12:13.620][INF] [cfg=Default][inst=配置 1/default][src=Worker][op=ExecuteTaskQueue] [任务管线合并] 任务#1 名称=[刷花] 入口=[FlowerBrush] 参数=[
  {}
]
[2026-07-01 14:12:14.130][INF] [cfg=Default][inst=配置 1/default][src=Worker][op=ExecuteTaskQueue] >>> 任务 启动任务开始（异步）。
[2026-07-01 14:12:14.134][WRN] [cfg=Default][inst=配置 1/default][src=Worker][op=ExecuteTaskQueue] 已跳过启动程序，因为 SoftwarePath 为空。
[2026-07-01 14:12:14.141][INF] [cfg=Default][inst=配置 1/default][src=Worker][op=ExecuteTaskQueue] 严格匹配模式已启用，持续按已保存设备指纹匹配 ADB 设备。
[2026-07-01 14:12:14.142][INF] [cfg=Default][inst=配置 1/default][src=Worker][op=ExecuteTaskQueue] 已保存设备的指纹：MuMu安卓设备-MuMuPlayer12 v5|0|127.0.0.1|16384
[2026-07-01 14:12:14.294][INF] [cfg=Default][inst=配置 1/default][src=Worker][op=ExecuteTaskQueue] 按指纹匹配到的设备数量：1
[2026-07-01 14:12:14.294][INF] [cfg=Default][inst=配置 1/default][src=Worker][op=ExecuteTaskQueue] 已通过指纹匹配到设备：名称=MuMu安卓设备-MuMuPlayer12 v5，ADB 序列号=127.0.0.1:16384
[2026-07-01 14:12:14.297][INF] [cfg=Default][inst=配置 1/default][src=UI][op=ChangeDevice] 当前连接目标变更：controller=Adb, resource=刀剑乱舞, device=MuMu安卓设备-MuMuPlayer12 v5（127.0.0.1:16384)
[2026-07-01 14:12:14.309][INF] [cfg=Default][inst=配置 1/default][src=Worker][op=ExecuteTaskQueue] >>> 任务 启动附加开始脚本开始（异步）。
[2026-07-01 14:12:14.310][INF] [cfg=Default][inst=配置 1/default][src=Worker][op=ExecuteTaskQueue] >>> 任务 启动附加开始脚本完成（异步）。
[2026-07-01 14:12:14.317][INF] [cfg=Default][inst=配置 1/default][src=Monitor][op=MonitorLog] 正在连接至模拟器......
[2026-07-01 14:12:14.319][INF] [cfg=Default][inst=配置 1/default][src=Worker][op=ExecuteTaskQueue] 正在载入资源
[2026-07-01 14:12:14.320][INF] [cfg=Default][inst=配置 1/default][src=Worker][op=ExecuteTaskQueue] 资源路径：F:\AATL-v0.5.4-beta\AATL\resource\base
[2026-07-01 14:12:14.320][INF] [cfg=Default][inst=配置 1/default][src=Worker][op=ExecuteTaskQueue] >>> 任务 资源检测开始（异步）。
[2026-07-01 14:12:14.472][INF] [cfg=Default][inst=配置 1/default][src=Worker][op=ExecuteTaskQueue] >>> 任务 资源检测完成（异步）。
[2026-07-01 14:12:14.473][INF] [cfg=Default][inst=配置 1/default][src=Worker][op=ExecuteTaskQueue] 启用 GPU 推理：成功
[2026-07-01 14:12:14.474][INF] [cfg=Default][inst=配置 1/default][src=Worker][op=ExecuteTaskQueue] GPU acceleration: Auto
[2026-07-01 14:12:14.474][INF] [cfg=Default][inst=配置 1/default][src=Worker][op=ExecuteTaskQueue] >>> 任务 控制器检测开始（异步）。
[2026-07-01 14:12:14.475][INF] [cfg=Default][inst=配置 1/default][src=Worker][op=ExecuteTaskQueue] 正在加载 MAA 控制器配置...
[2026-07-01 14:12:14.476][INF] [cfg=Default][inst=配置 1/default][src=Worker][op=ExecuteTaskQueue] 触控模式:Default,捕获模式:EmulatorExtras
[2026-07-01 14:12:14.477][INF] [cfg=Default][inst=配置 1/default][src=Worker][op=ExecuteTaskQueue] 设备名称：MuMu安卓设备-MuMuPlayer12 v5
[2026-07-01 14:12:14.477][INF] [cfg=Default][inst=配置 1/default][src=Worker][op=ExecuteTaskQueue] ADB 路径：D:/Program Files/Netease/MuMu/nx_main/adb.exe
[2026-07-01 14:12:14.477][INF] [cfg=Default][inst=配置 1/default][src=Worker][op=ExecuteTaskQueue] ADB 序列号：127.0.0.1:16384
[2026-07-01 14:12:14.477][INF] [cfg=Default][inst=配置 1/default][src=Worker][op=ExecuteTaskQueue] 截图模式：EmulatorExtras
[2026-07-01 14:12:14.477][INF] [cfg=Default][inst=配置 1/default][src=Worker][op=ExecuteTaskQueue] 输入模式：Default
[2026-07-01 14:12:14.477][INF] [cfg=Default][inst=配置 1/default][src=Worker][op=ExecuteTaskQueue] 控制器配置：{"extras":{"mumu":{"enable":true,"index":0,"path":"D:/Program Files/Netease/MuMu"}}
[2026-07-01 14:12:14.624][INF] [cfg=Default] 公告数量：2
[2026-07-01 14:12:14.779][INF] [cfg=Default] >>> 任务 公告和最新版本检测完成（异步）。
[2026-07-01 14:12:17.452][INF] [cfg=Default][inst=配置 1/default][src=Worker][op=ExecuteTaskQueue] >>> 任务 控制器检测完成（异步）。
[2026-07-01 14:12:18.456][INF] [cfg=Default][inst=配置 1/default][src=Worker][op=ExecuteTaskQueue] 已注册内置特殊任务动作。
[2026-07-01 14:12:18.501][INF] [cfg=Default][inst=配置 1/default][src=Worker][op=ExecuteTaskQueue] 已启动自定义类目录监听：目录=F:\AATL-v0.5.4-beta\AATL\resource\base\custom
[2026-07-01 14:12:18.507][INF] [cfg=Default][inst=配置 1/default][src=Worker][op=ExecuteTaskQueue] 开始解析自定义类：名称=DamageLogAction，文件=F:\AATL-v0.5.4-beta\AATL\resource\base\custom\DamageLogAction.cs
[2026-07-01 14:12:19.813][INF] [cfg=Default][inst=配置 1/default][src=Worker][op=ExecuteTaskQueue] 已成功加载自定义类：名称=DamageLogAction，文件=F:\AATL-v0.5.4-beta\AATL\resource\base\custom\DamageLogAction.cs
[2026-07-01 14:12:19.814][INF] [cfg=Default][inst=配置 1/default][src=Worker][op=ExecuteTaskQueue] 开始解析自定义类：名称=DispatchLogAction，文件=F:\AATL-v0.5.4-beta\AATL\resource\base\custom\DispatchLogAction.cs
[2026-07-01 14:12:20.080][INF] [cfg=Default][inst=配置 1/default][src=Worker][op=ExecuteTaskQueue] 已成功加载自定义类：名称=DispatchLogAction，文件=F:\AATL-v0.5.4-beta\AATL\resource\base\custom\DispatchLogAction.cs
[2026-07-01 14:12:20.080][INF] [cfg=Default][inst=配置 1/default][src=Worker][op=ExecuteTaskQueue] 开始解析自定义类：名称=DungeonFloorSelectAction，文件=F:\AATL-v0.5.4-beta\AATL\resource\base\custom\DungeonFloorSelectAction.cs
[2026-07-01 14:12:20.255][INF] [cfg=Default][inst=配置 1/default][src=Worker][op=ExecuteTaskQueue] 已成功加载自定义类：名称=DungeonFloorSelectAction，文件=F:\AATL-v0.5.4-beta\AATL\resource\base\custom\DungeonFloorSelectAction.cs
[2026-07-01 14:12:20.255][INF] [cfg=Default][inst=配置 1/default][src=Worker][op=ExecuteTaskQueue] 开始解析自定义类：名称=ExpeditionMapSelectAction，文件=F:\AATL-v0.5.4-beta\AATL\resource\base\custom\ExpeditionMapSelectAction.cs
[2026-07-01 14:12:20.305][INF] [cfg=Default][inst=配置 1/default][src=Worker][op=ExecuteTaskQueue] 已成功加载自定义类：名称=ExpeditionMapSelectAction，文件=F:\AATL-v0.5.4-beta\AATL\resource\base\custom\ExpeditionMapSelectAction.cs
[2026-07-01 14:12:20.306][INF] [cfg=Default][inst=配置 1/default][src=Worker][op=ExecuteTaskQueue] 已注册自定义动作：DamageLogAction
[2026-07-01 14:12:20.306][INF] [cfg=Default][inst=配置 1/default][src=Worker][op=ExecuteTaskQueue] 已注册自定义动作：DispatchLogAction
[2026-07-01 14:12:20.306][INF] [cfg=Default][inst=配置 1/default][src=Worker][op=ExecuteTaskQueue] 已注册自定义动作：DungeonFloorSelectAction
[2026-07-01 14:12:20.306][INF] [cfg=Default][inst=配置 1/default][src=Worker][op=ExecuteTaskQueue] 已注册自定义动作：ExpeditionMapSelectAction
[2026-07-01 14:12:20.306][INF] [cfg=Default][inst=配置 1/default][src=Worker][op=ExecuteTaskQueue] 未找到自定义目录：F:\AATL-v0.5.4-beta\AATL\resource\custom
[2026-07-01 14:12:20.307][INF] [cfg=Default][inst=配置 1/default][src=Worker][op=ExecuteTaskQueue] 连接状态变更：已连接。
[2026-07-01 14:12:20.308][INF] [cfg=Default][inst=配置 1/default][src=Worker][op=ExecuteTaskQueue] MaaFW 调试模式：False
[2026-07-01 14:12:22.050][INF] [cfg=Default][inst=配置 1/default][src=Worker][op=ExecuteTaskQueue] >>> 任务 截图测试开始（异步）。
[2026-07-01 14:12:22.102][INF] [cfg=Default][inst=配置 1/default][src=Worker][op=ExecuteTaskQueue] >>> 任务 截图测试完成（异步）。
[2026-07-01 14:12:22.103][INF] [cfg=Default][inst=配置 1/default][src=Monitor][op=MonitorLog] 截图耗时：25ms(EmulatorExtras)
[2026-07-01 14:12:22.110][INF] [cfg=Default][inst=配置 1/default][src=Monitor][op=MonitorLog] 开始任务：刷花
[2026-07-01 14:12:22.113][INF] [cfg=Default][inst=配置 1/default][src=Worker][op=ExecuteTaskQueue] >>> 任务 队列任务开始（异步）。
[2026-07-01 14:13:17.502][INF] [cfg=Default][inst=配置 1/default][src=Worker][op=StopTask] 停止前状态：NOT_STARTED
[2026-07-01 14:13:17.509][INF] [cfg=Default][inst=配置 1/default][src=Worker][op=StopTask] >>> 任务 停止maafw任务开始（异步）。
[2026-07-01 14:13:17.510][INF] [cfg=Default][inst=配置 1/default][src=Worker][op=StopTask] 正在尝试停止任务执行器，第 1 次。
[2026-07-01 14:13:17.510][INF] [cfg=Default][inst=配置 1/default][src=Monitor][op=MonitorLog] 正在停止......
[2026-07-01 14:13:17.510][INF] [cfg=Default][inst=配置 1/default][src=Worker][op=ExecuteTaskQueue] >>> 任务 队列任务完成（异步）。
[2026-07-01 14:13:17.511][INF] [cfg=Default][inst=配置 1/default][src=Worker][op=ExecuteTaskQueue] >>> 任务 启动任务完成（异步）。
[2026-07-01 14:13:17.514][INF] [cfg=Default][inst=配置 1/default][src=Worker][op=StopTask] 停止前状态：STOPPED
[2026-07-01 14:13:17.515][INF] [cfg=Default][inst=配置 1/default][src=Worker][op=StopTask] >>> 任务 停止maafw任务开始（异步）。
[2026-07-01 14:13:17.516][INF] [cfg=Default][inst=配置 1/default][src=Worker][op=StopTask] >>> 任务 Action开始。
[2026-07-01 14:13:17.516][INF] [cfg=Default][inst=配置 1/default][src=Worker][op=StopTask] >>> 任务 Action完成。
[2026-07-01 14:13:17.583][INF] [cfg=Default][inst=配置 1/default][src=Worker][op=StopTask] 第 1 次停止任务执行器返回：Succeeded，准备重试。
[2026-07-01 14:13:17.584][INF] [cfg=Default][inst=配置 1/default][src=Worker][op=StopTask] >>> 任务 启动检测开始（异步）。
[2026-07-01 14:13:17.585][INF] [cfg=Default][inst=配置 1/default][src=Worker][op=StopTask] 开始执行更新任务：名称=查询CDK
[2026-07-01 14:13:17.586][INF] [cfg=Default][inst=配置 1/default][src=Worker][op=StopTask] 更新任务完成：名称=查询CDK
[2026-07-01 14:13:17.586][INF] [cfg=Default][inst=配置 1/default][src=Worker][op=StopTask] 开始执行更新任务：名称=更新资源
[2026-07-01 14:13:17.942][INF] [cfg=Default][inst=配置 1/default][src=Monitor][op=MonitorLog] 已放弃本次任务
[2026-07-01 14:13:18.656][INF] [cfg=Default][inst=配置 1/default][src=Worker][op=StopTask] 目标系统：平台=win，系统家族=windows，架构=x64
[2026-07-01 14:13:19.538][INF] [cfg=Default][inst=配置 1/default][src=Worker][op=StopTask] 候选资产优先级：名称=aatl-v0.5.3.zip，优先级=0
[2026-07-01 14:13:19.543][INF] [cfg=Default][inst=配置 1/default][src=Worker][op=StopTask] 更新任务完成：名称=更新资源
[2026-07-01 14:13:19.543][INF] [cfg=Default][inst=配置 1/default][src=Worker][op=StopTask] >>> 任务 启动检测完成（异步）。
[2026-07-01 14:13:49.006][INF] [cfg=Default][inst=配置 1/default][src=UI][op=StartTask] 用户操作：启动任务 | controller=Adb, resource=刀剑乱舞, device=MuMu安卓设备-MuMuPlayer12 v5（127.0.0.1:16384), selectedTasks=1 [刷花]
[2026-07-01 14:13:49.020][INF] [cfg=Default][inst=配置 1/default][src=Worker][op=ExecuteTaskQueue] 准备执行任务队列：任务数量=1
[2026-07-01 14:13:49.020][INF] [cfg=Default][inst=配置 1/default][src=Worker][op=ExecuteTaskQueue] [任务管线合并] 任务#1 名称=[刷花] 入口=[FlowerBrush] 参数=[
  {}
]
[2026-07-01 14:13:49.072][INF] [cfg=Default][inst=配置 1/default][src=Worker][op=ExecuteTaskQueue] >>> 任务 启动任务开始（异步）。
[2026-07-01 14:13:49.073][INF] [cfg=Default][inst=配置 1/default][src=Worker][op=ExecuteTaskQueue] >>> 任务 启动附加开始脚本开始（异步）。
[2026-07-01 14:13:49.073][INF] [cfg=Default][inst=配置 1/default][src=Worker][op=ExecuteTaskQueue] >>> 任务 启动附加开始脚本完成（异步）。
[2026-07-01 14:13:49.074][INF] [cfg=Default][inst=配置 1/default][src=Worker][op=ExecuteTaskQueue] >>> 任务 截图测试开始（异步）。
[2026-07-01 14:13:49.111][INF] [cfg=Default][inst=配置 1/default][src=Worker][op=ExecuteTaskQueue] >>> 任务 截图测试完成（异步）。
[2026-07-01 14:13:49.111][INF] [cfg=Default][inst=配置 1/default][src=Monitor][op=MonitorLog] 截图耗时：18ms(EmulatorExtras)
[2026-07-01 14:13:49.119][INF] [cfg=Default][inst=配置 1/default][src=Monitor][op=MonitorLog] 开始任务：刷花
[2026-07-01 14:13:49.120][INF] [cfg=Default][inst=配置 1/default][src=Worker][op=ExecuteTaskQueue] >>> 任务 队列任务开始（异步）。
[2026-07-01 14:14:11.926][INF] [cfg=Default][inst=配置 1/default][src=Worker][op=StopTask] 停止前状态：NOT_STARTED
[2026-07-01 14:14:11.930][INF] [cfg=Default][inst=配置 1/default][src=Worker][op=StopTask] >>> 任务 停止maafw任务开始（异步）。
[2026-07-01 14:14:11.930][INF] [cfg=Default][inst=配置 1/default][src=Worker][op=StopTask] 正在尝试停止任务执行器，第 1 次。
[2026-07-01 14:14:11.931][INF] [cfg=Default][inst=配置 1/default][src=Worker][op=ExecuteTaskQueue] >>> 任务 队列任务完成（异步）。
[2026-07-01 14:14:11.931][INF] [cfg=Default][inst=配置 1/default][src=Worker][op=ExecuteTaskQueue] >>> 任务 启动任务完成（异步）。
[2026-07-01 14:14:11.937][INF] [cfg=Default][inst=配置 1/default][src=Monitor][op=MonitorLog] 正在停止......
[2026-07-01 14:14:11.939][INF] [cfg=Default][inst=配置 1/default][src=Worker][op=StopTask] 停止前状态：STOPPED
[2026-07-01 14:14:11.939][INF] [cfg=Default][inst=配置 1/default][src=Worker][op=StopTask] >>> 任务 停止maafw任务开始（异步）。
[2026-07-01 14:14:11.939][INF] [cfg=Default][inst=配置 1/default][src=Worker][op=StopTask] >>> 任务 Action开始。
[2026-07-01 14:14:11.939][INF] [cfg=Default][inst=配置 1/default][src=Worker][op=StopTask] >>> 任务 Action完成。
[2026-07-01 14:14:12.120][INF] [cfg=Default][inst=配置 1/default][src=Worker][op=StopTask] 第 1 次停止任务执行器返回：Succeeded，准备重试。
[2026-07-01 14:14:12.345][INF] [cfg=Default][inst=配置 1/default][src=Monitor][op=MonitorLog] 已放弃本次任务
[2026-07-01 14:14:15.381][INF] [cfg=Default][inst=配置 1/default][src=UI][op=ClearLogs] 用户操作：清空监控日志
[2026-07-01 14:16:31.969][INF] [cfg=Default][inst=配置 1/default][src=UI][op=StartTask] 用户操作：启动任务 | controller=Adb, resource=刀剑乱舞, device=MuMu安卓设备-MuMuPlayer12 v5（127.0.0.1:16384), selectedTasks=0 []
[2026-07-01 14:16:31.997][INF] [cfg=Default][inst=配置 1/default][src=Worker][op=ExecuteTaskQueue] 准备执行任务队列：任务数量=0
[2026-07-01 14:16:32.157][INF] [cfg=Default][inst=配置 1/default][src=Worker][op=ExecuteTaskQueue] >>> 任务 启动任务开始（异步）。
[2026-07-01 14:16:32.158][INF] [cfg=Default][inst=配置 1/default][src=Worker][op=ExecuteTaskQueue] >>> 任务 启动附加开始脚本开始（异步）。
[2026-07-01 14:16:32.158][INF] [cfg=Default][inst=配置 1/default][src=Worker][op=ExecuteTaskQueue] >>> 任务 启动附加开始脚本完成（异步）。
[2026-07-01 14:16:32.158][INF] [cfg=Default][inst=配置 1/default][src=Worker][op=ExecuteTaskQueue] >>> 任务 截图测试开始（异步）。
[2026-07-01 14:16:32.197][INF] [cfg=Default][inst=配置 1/default][src=Worker][op=ExecuteTaskQueue] >>> 任务 截图测试完成（异步）。
[2026-07-01 14:16:32.197][INF] [cfg=Default][inst=配置 1/default][src=Monitor][op=MonitorLog] 截图耗时：18ms(EmulatorExtras)
[2026-07-01 14:16:32.202][INF] [cfg=Default][inst=配置 1/default][src=Worker][op=ExecuteTaskQueue] >>> 任务 启动附加结束脚本开始（异步）。
[2026-07-01 14:16:32.203][INF] [cfg=Default][inst=配置 1/default][src=Worker][op=ExecuteTaskQueue] >>> 任务 启动附加结束脚本完成（异步）。
[2026-07-01 14:16:32.203][INF] [cfg=Default][inst=配置 1/default][src=Worker][op=ExecuteTaskQueue] >>> 任务 启动任务完成（异步）。
[2026-07-01 14:16:32.203][INF] [cfg=Default][inst=配置 1/default][src=Worker][op=StopTask] 停止前状态：SUCCEEDED
[2026-07-01 14:16:32.203][INF] [cfg=Default][inst=配置 1/default][src=Worker][op=StopTask] >>> 任务 停止maafw任务开始（异步）。
[2026-07-01 14:16:32.204][INF] [cfg=Default][inst=配置 1/default][src=Worker][op=StopTask] >>> 任务 播放音频开始。
[2026-07-01 14:16:32.331][INF] [cfg=Default][inst=配置 1/default][src=Worker][op=StopTask] >>> 任务 播放音频完成。
[2026-07-01 14:16:32.346][INF] [cfg=Default][inst=配置 1/default][src=Monitor][op=MonitorLog] 任务已全部完成！
(用时 0h 0m 0s)
[2026-07-01 14:16:32.393][INF] [cfg=Default] 应用已关闭
[2026-07-01 14:16:32.396][INF] [cfg=Default] 已释放自定义类目录监听器。
[2026-07-01 14:16:47.977][INF] 正在加载配置列表...
[2026-07-01 14:16:48.006][INF] 应用安装目录：F:\AATL-v0.5.4-beta\AATL
[2026-07-01 14:16:48.007][INF] 应用数据目录：F:\AATL-v0.5.4-beta\AATL
[2026-07-01 14:16:48.007][INF] 是否使用独立数据目录：False
[2026-07-01 14:16:48.007][INF] 配置目录：F:\AATL-v0.5.4-beta\AATL\resource\config
[2026-07-01 14:16:48.007][INF] 是否使用本地配置目录：True
[2026-07-01 14:16:48.007][INF] 日志目录：F:\AATL-v0.5.4-beta\AATL\debug\logs
[2026-07-01 14:16:48.007][INF] 备份文件数量：0
[2026-07-01 14:16:48.007][INF] 临时目录是否存在：True
[2026-07-01 14:16:48.007][INF] [cfg=Default] 应用安装目录：F:\AATL-v0.5.4-beta\AATL
[2026-07-01 14:16:48.007][INF] [cfg=Default] 应用数据目录：F:\AATL-v0.5.4-beta\AATL
[2026-07-01 14:16:48.007][INF] [cfg=Default] 是否使用独立数据目录：False
[2026-07-01 14:16:48.007][INF] [cfg=Default] 配置目录：F:\AATL-v0.5.4-beta\AATL\resource\config
[2026-07-01 14:16:48.007][INF] [cfg=Default] 是否使用本地配置目录：True
[2026-07-01 14:16:48.007][INF] [cfg=Default] 日志目录：F:\AATL-v0.5.4-beta\AATL\debug\logs
[2026-07-01 14:16:48.007][INF] [cfg=Default] 备份文件数量：0
[2026-07-01 14:16:48.007][INF] [cfg=Default] 临时目录是否存在：True
[2026-07-01 14:16:48.012][INF] [cfg=Default] 已通过 Windows API 添加 DLL 搜索目录：F:\AATL-v0.5.4-beta\AATL\runtimes/libs
[2026-07-01 14:16:48.012][INF] [cfg=Default] 库解析器初始化完成：libsPath=F:\AATL-v0.5.4-beta\AATL\runtimes/libs，目录存在=True
[2026-07-01 14:16:48.015][INF] [cfg=Default] 检测到 MaaFramework 运行时目录：数量=1，路径=[F:\AATL-v0.5.4-beta\AATL\runtimes\win-x64\native]
[2026-07-01 14:16:48.018][INF] [cfg=Default] 启动参数：数量=0，内容=[]
[2026-07-01 14:16:48.018][INF] [cfg=Default] 程序版本：v2.12.2-beta.1
[2026-07-01 14:16:48.018][INF] [cfg=Default] .NET 运行时：.NET 10.0.9
[2026-07-01 14:16:48.845][INF] [cfg=Default] 开始初始化语言管理器。
[2026-07-01 14:16:49.028][INF] [cfg=Default] 当前配置：Default
[2026-07-01 14:16:49.090][INF] [cfg=Default] 已恢复系统休眠。
[2026-07-01 14:16:49.094][INF] [cfg=Default] 热键主进程选举：已成为主进程（创建了新的全局互斥锁）。
[2026-07-01 14:16:49.094][INF] [cfg=Default] 全局热键服务：作为主进程初始化。
[2026-07-01 14:16:49.108][INF] [cfg=Default] 热键 IPC 端口文件已保存：文件=C:\Users\18118\AppData\Local\Temp\MFAAvalonia\hotkey_ipc_port.txt
[2026-07-01 14:16:49.108][INF] [cfg=Default] 热键 IPC 服务端已启动：端口=52718
[2026-07-01 14:16:49.118][INF] [cfg=Default] [内存管理]释放了3.88 MB（56.5%)
[2026-07-01 14:16:49.199][WRN] [cfg=Default] 界面资源接口尚未初始化完成。
[2026-07-01 14:16:49.211][INF] [cfg=Default] [调试] instances 目录中实际存在的实例文件数量：1, ID列表：[default]
[2026-07-01 14:16:49.297][INF] [cfg=Default] 本地更新包按钮可见性已刷新：来源=config.Debug(string)，原始值=，解析结果=False
[2026-07-01 14:16:49.298][INF] [cfg=Default] 资源版本：0.5.4
[2026-07-01 14:16:49.298][INF] [cfg=Default] MaaFramework 版本：v5.11.1
[2026-07-01 14:16:49.372][INF] [cfg=Default] [懒加载] 已加载当天有定时任务的实例
[2026-07-01 14:16:49.450][INF] [cfg=Default] 窗口大小已加载：宽度=1280，高度=700.6666666666666
[2026-07-01 14:16:49.460][INF] [cfg=Default] 窗口位置已加载：X=416，Y=191
[2026-07-01 14:16:49.918][WRN] [cfg=Default] 跨平台数据解密失败：参数错误。
[2026-07-01 14:16:49.923][ERR] [cfg=Default] 获取设备唯一标识失败：原因=System.Management currently is only supported for Windows desktop applications.
System.PlatformNotSupportedException: System.Management currently is only supported for Windows desktop applications.
   at System.Management.ManagementObjectSearcher..ctor(String queryString)
   at MFAAvalonia.Helper.SimpleEncryptionHelper.GetPlatformSpecificId()
[2026-07-01 14:16:49.939][ERR] [cfg=Default] 获取设备唯一标识失败：原因=System.Management currently is only supported for Windows desktop applications.
System.PlatformNotSupportedException: System.Management currently is only supported for Windows desktop applications.
   at System.Management.ManagementObjectSearcher..ctor(String queryString)
   at MFAAvalonia.Helper.SimpleEncryptionHelper.GetPlatformSpecificId()
[2026-07-01 14:16:49.939][WRN] [cfg=Default] 跨平台数据解密失败：The input is not a valid Base-64 string as it contains a non-base 64 character, more than two padding characters, or an illegal character among the padding characters.
[2026-07-01 14:16:49.939][ERR] [cfg=Default] 获取设备唯一标识失败：原因=System.Management currently is only supported for Windows desktop applications.
System.PlatformNotSupportedException: System.Management currently is only supported for Windows desktop applications.
   at System.Management.ManagementObjectSearcher..ctor(String queryString)
   at MFAAvalonia.Helper.SimpleEncryptionHelper.GetPlatformSpecificId()
[2026-07-01 14:16:49.939][ERR] [cfg=Default] 获取设备唯一标识失败：原因=System.Management currently is only supported for Windows desktop applications.
System.PlatformNotSupportedException: System.Management currently is only supported for Windows desktop applications.
   at System.Management.ManagementObjectSearcher..ctor(String queryString)
   at MFAAvalonia.Helper.SimpleEncryptionHelper.GetPlatformSpecificId()
[2026-07-01 14:16:50.009][INF] [cfg=Default] 本地更新包按钮可见性已刷新：来源=config.Debug(string)，原始值=，解析结果=False
[2026-07-01 14:16:50.009][INF] [cfg=Default] 设置页调试卡片可见性已应用：False
[2026-07-01 14:16:50.172][INF] [cfg=Default] [调试] instances 目录中实际存在的实例文件数量：1, ID列表：[default]
[2026-07-01 14:16:50.191][INF] [cfg=Default] [懒加载] 已加载当天有定时任务的实例
[2026-07-01 14:16:50.562][INF] [cfg=Default] [懒加载] 所有实例加载完成
[2026-07-01 14:16:50.563][INF] [cfg=Default] [懒加载] 所有实例加载完成
[2026-07-01 14:16:50.639][INF] [cfg=Default] 界面初始化开始
[2026-07-01 14:16:50.754][INF] [cfg=Default][inst=配置 1/default][src=UI][op=ChangeResource] 当前资源变更：resource=, controller=Adb
[2026-07-01 14:16:50.755][INF] [cfg=Default][inst=配置 1/default][src=UI][op=ChangeResource] 当前资源变更：resource=刀剑乱舞, controller=Adb
[2026-07-01 14:16:50.758][INF] [cfg=Default][inst=配置 1/default][src=UI][op=ChangeResource] 当前资源变更：resource=, controller=Adb
[2026-07-01 14:16:50.759][INF] [cfg=Default][inst=配置 1/default][src=UI][op=ChangeResource] 当前资源变更：resource=刀剑乱舞, controller=Adb
[2026-07-01 14:16:51.212][INF] [cfg=Default] >>> 任务 公告和最新版本检测开始（异步）。
[2026-07-01 14:16:51.627][INF] [cfg=Default][inst=配置 1/default][src=Worker][op=ExecuteTaskQueue] 准备执行任务队列：任务数量=0
[2026-07-01 14:16:52.182][INF] [cfg=Default][inst=配置 1/default][src=Worker][op=ExecuteTaskQueue] >>> 任务 启动任务开始（异步）。
[2026-07-01 14:16:52.189][WRN] [cfg=Default][inst=配置 1/default][src=Worker][op=ExecuteTaskQueue] 已跳过启动程序，因为 SoftwarePath 为空。
[2026-07-01 14:16:52.196][INF] [cfg=Default][inst=配置 1/default][src=Worker][op=ExecuteTaskQueue] 严格匹配模式已启用，持续按已保存设备指纹匹配 ADB 设备。
[2026-07-01 14:16:52.197][INF] [cfg=Default][inst=配置 1/default][src=Worker][op=ExecuteTaskQueue] 已保存设备的指纹：MuMu安卓设备-MuMuPlayer12 v5|0|127.0.0.1|16384
[2026-07-01 14:16:52.406][INF] [cfg=Default][inst=配置 1/default][src=Worker][op=ExecuteTaskQueue] 按指纹匹配到的设备数量：1
[2026-07-01 14:16:52.406][INF] [cfg=Default][inst=配置 1/default][src=Worker][op=ExecuteTaskQueue] 已通过指纹匹配到设备：名称=MuMu安卓设备-MuMuPlayer12 v5，ADB 序列号=127.0.0.1:16384
[2026-07-01 14:16:52.408][INF] [cfg=Default][inst=配置 1/default][src=UI][op=ChangeDevice] 当前连接目标变更：controller=Adb, resource=刀剑乱舞, device=MuMu安卓设备-MuMuPlayer12 v5（127.0.0.1:16384)
[2026-07-01 14:16:52.421][INF] [cfg=Default][inst=配置 1/default][src=Worker][op=ExecuteTaskQueue] >>> 任务 启动附加开始脚本开始（异步）。
[2026-07-01 14:16:52.422][INF] [cfg=Default][inst=配置 1/default][src=Worker][op=ExecuteTaskQueue] >>> 任务 启动附加开始脚本完成（异步）。
[2026-07-01 14:16:52.428][INF] [cfg=Default][inst=配置 1/default][src=Monitor][op=MonitorLog] 正在连接至模拟器......
[2026-07-01 14:16:52.430][INF] [cfg=Default][inst=配置 1/default][src=Worker][op=ExecuteTaskQueue] 正在载入资源
[2026-07-01 14:16:52.431][INF] [cfg=Default][inst=配置 1/default][src=Worker][op=ExecuteTaskQueue] 资源路径：F:\AATL-v0.5.4-beta\AATL\resource\base
[2026-07-01 14:16:52.431][INF] [cfg=Default][inst=配置 1/default][src=Worker][op=ExecuteTaskQueue] >>> 任务 资源检测开始（异步）。
[2026-07-01 14:16:52.574][INF] [cfg=Default][inst=配置 1/default][src=Worker][op=ExecuteTaskQueue] >>> 任务 资源检测完成（异步）。
[2026-07-01 14:16:52.576][INF] [cfg=Default][inst=配置 1/default][src=Worker][op=ExecuteTaskQueue] 启用 GPU 推理：成功
[2026-07-01 14:16:52.576][INF] [cfg=Default][inst=配置 1/default][src=Worker][op=ExecuteTaskQueue] GPU acceleration: Auto
[2026-07-01 14:16:52.576][INF] [cfg=Default][inst=配置 1/default][src=Worker][op=ExecuteTaskQueue] >>> 任务 控制器检测开始（异步）。
[2026-07-01 14:16:52.577][INF] [cfg=Default][inst=配置 1/default][src=Worker][op=ExecuteTaskQueue] 正在加载 MAA 控制器配置...
[2026-07-01 14:16:52.579][INF] [cfg=Default][inst=配置 1/default][src=Worker][op=ExecuteTaskQueue] 触控模式:Default,捕获模式:EmulatorExtras
[2026-07-01 14:16:52.580][INF] [cfg=Default][inst=配置 1/default][src=Worker][op=ExecuteTaskQueue] 设备名称：MuMu安卓设备-MuMuPlayer12 v5
[2026-07-01 14:16:52.580][INF] [cfg=Default][inst=配置 1/default][src=Worker][op=ExecuteTaskQueue] ADB 路径：D:/Program Files/Netease/MuMu/nx_main/adb.exe
[2026-07-01 14:16:52.580][INF] [cfg=Default][inst=配置 1/default][src=Worker][op=ExecuteTaskQueue] ADB 序列号：127.0.0.1:16384
[2026-07-01 14:16:52.580][INF] [cfg=Default][inst=配置 1/default][src=Worker][op=ExecuteTaskQueue] 截图模式：EmulatorExtras
[2026-07-01 14:16:52.580][INF] [cfg=Default][inst=配置 1/default][src=Worker][op=ExecuteTaskQueue] 输入模式：Default
[2026-07-01 14:16:52.580][INF] [cfg=Default][inst=配置 1/default][src=Worker][op=ExecuteTaskQueue] 控制器配置：{"extras":{"mumu":{"enable":true,"index":0,"path":"D:/Program Files/Netease/MuMu"}}
[2026-07-01 14:16:52.606][INF] [cfg=Default] 公告数量：2
[2026-07-01 14:16:52.833][INF] [cfg=Default] >>> 任务 公告和最新版本检测完成（异步）。
[2026-07-01 14:16:53.404][INF] [cfg=Default][inst=配置 1/default][src=Worker][op=ExecuteTaskQueue] >>> 任务 控制器检测完成（异步）。
[2026-07-01 14:16:54.398][INF] [cfg=Default][inst=配置 1/default][src=Worker][op=ExecuteTaskQueue] 已注册内置特殊任务动作。
[2026-07-01 14:16:54.411][INF] [cfg=Default][inst=配置 1/default][src=Worker][op=ExecuteTaskQueue] 已启动自定义类目录监听：目录=F:\AATL-v0.5.4-beta\AATL\resource\base\custom
[2026-07-01 14:16:54.414][INF] [cfg=Default][inst=配置 1/default][src=Worker][op=ExecuteTaskQueue] 开始解析自定义类：名称=DamageLogAction，文件=F:\AATL-v0.5.4-beta\AATL\resource\base\custom\DamageLogAction.cs
[2026-07-01 14:16:55.671][INF] [cfg=Default][inst=配置 1/default][src=Worker][op=ExecuteTaskQueue] 已成功加载自定义类：名称=DamageLogAction，文件=F:\AATL-v0.5.4-beta\AATL\resource\base\custom\DamageLogAction.cs
[2026-07-01 14:16:55.671][INF] [cfg=Default][inst=配置 1/default][src=Worker][op=ExecuteTaskQueue] 开始解析自定义类：名称=DispatchLogAction，文件=F:\AATL-v0.5.4-beta\AATL\resource\base\custom\DispatchLogAction.cs
[2026-07-01 14:16:55.945][INF] [cfg=Default][inst=配置 1/default][src=Worker][op=ExecuteTaskQueue] 已成功加载自定义类：名称=DispatchLogAction，文件=F:\AATL-v0.5.4-beta\AATL\resource\base\custom\DispatchLogAction.cs
[2026-07-01 14:16:55.945][INF] [cfg=Default][inst=配置 1/default][src=Worker][op=ExecuteTaskQueue] 开始解析自定义类：名称=DungeonFloorSelectAction，文件=F:\AATL-v0.5.4-beta\AATL\resource\base\custom\DungeonFloorSelectAction.cs
[2026-07-01 14:16:56.122][INF] [cfg=Default][inst=配置 1/default][src=Worker][op=ExecuteTaskQueue] 已成功加载自定义类：名称=DungeonFloorSelectAction，文件=F:\AATL-v0.5.4-beta\AATL\resource\base\custom\DungeonFloorSelectAction.cs
[2026-07-01 14:16:56.122][INF] [cfg=Default][inst=配置 1/default][src=Worker][op=ExecuteTaskQueue] 开始解析自定义类：名称=ExpeditionMapSelectAction，文件=F:\AATL-v0.5.4-beta\AATL\resource\base\custom\ExpeditionMapSelectAction.cs
[2026-07-01 14:16:56.174][INF] [cfg=Default][inst=配置 1/default][src=Worker][op=ExecuteTaskQueue] 已成功加载自定义类：名称=ExpeditionMapSelectAction，文件=F:\AATL-v0.5.4-beta\AATL\resource\base\custom\ExpeditionMapSelectAction.cs
[2026-07-01 14:16:56.175][INF] [cfg=Default][inst=配置 1/default][src=Worker][op=ExecuteTaskQueue] 已注册自定义动作：DamageLogAction
[2026-07-01 14:16:56.175][INF] [cfg=Default][inst=配置 1/default][src=Worker][op=ExecuteTaskQueue] 已注册自定义动作：DispatchLogAction
[2026-07-01 14:16:56.175][INF] [cfg=Default][inst=配置 1/default][src=Worker][op=ExecuteTaskQueue] 已注册自定义动作：DungeonFloorSelectAction
[2026-07-01 14:16:56.175][INF] [cfg=Default][inst=配置 1/default][src=Worker][op=ExecuteTaskQueue] 已注册自定义动作：ExpeditionMapSelectAction
[2026-07-01 14:16:56.175][INF] [cfg=Default][inst=配置 1/default][src=Worker][op=ExecuteTaskQueue] 未找到自定义目录：F:\AATL-v0.5.4-beta\AATL\resource\custom
[2026-07-01 14:16:56.175][INF] [cfg=Default][inst=配置 1/default][src=Worker][op=ExecuteTaskQueue] 连接状态变更：已连接。
[2026-07-01 14:16:56.176][INF] [cfg=Default][inst=配置 1/default][src=Worker][op=ExecuteTaskQueue] MaaFW 调试模式：False
[2026-07-01 14:16:57.941][INF] [cfg=Default][inst=配置 1/default][src=Worker][op=ExecuteTaskQueue] >>> 任务 截图测试开始（异步）。
[2026-07-01 14:16:57.999][INF] [cfg=Default][inst=配置 1/default][src=Worker][op=ExecuteTaskQueue] >>> 任务 截图测试完成（异步）。
[2026-07-01 14:16:57.999][INF] [cfg=Default][inst=配置 1/default][src=Monitor][op=MonitorLog] 截图耗时：27ms(EmulatorExtras)
[2026-07-01 14:16:58.000][INF] [cfg=Default][inst=配置 1/default][src=Worker][op=ExecuteTaskQueue] >>> 任务 启动附加结束脚本开始（异步）。
[2026-07-01 14:16:58.001][INF] [cfg=Default][inst=配置 1/default][src=Worker][op=ExecuteTaskQueue] >>> 任务 启动附加结束脚本完成（异步）。
[2026-07-01 14:16:58.009][INF] [cfg=Default][inst=配置 1/default][src=Worker][op=ExecuteTaskQueue] >>> 任务 启动检测开始（异步）。
[2026-07-01 14:16:58.011][INF] [cfg=Default][inst=配置 1/default][src=Worker][op=ExecuteTaskQueue] 开始执行更新任务：名称=查询CDK
[2026-07-01 14:16:58.011][INF] [cfg=Default][inst=配置 1/default][src=Worker][op=ExecuteTaskQueue] 更新任务完成：名称=查询CDK
[2026-07-01 14:16:58.011][INF] [cfg=Default][inst=配置 1/default][src=Worker][op=ExecuteTaskQueue] 开始执行更新任务：名称=更新资源
[2026-07-01 14:16:59.170][INF] [cfg=Default][inst=配置 1/default][src=Worker][op=ExecuteTaskQueue] 目标系统：平台=win，系统家族=windows，架构=x64
[2026-07-01 14:16:59.771][INF] [cfg=Default][inst=配置 1/default][src=Worker][op=ExecuteTaskQueue] 候选资产优先级：名称=aatl-v0.5.3.zip，优先级=0
[2026-07-01 14:16:59.788][INF] [cfg=Default][inst=配置 1/default][src=Worker][op=ExecuteTaskQueue] 更新任务完成：名称=更新资源
[2026-07-01 14:16:59.788][INF] [cfg=Default][inst=配置 1/default][src=Worker][op=ExecuteTaskQueue] >>> 任务 启动检测完成（异步）。
[2026-07-01 14:16:59.789][INF] [cfg=Default][inst=配置 1/default][src=Worker][op=ExecuteTaskQueue] >>> 任务 启动任务完成（异步）。
[2026-07-01 14:16:59.809][INF] [cfg=Default][inst=配置 1/default][src=Worker][op=StopTask] 停止前状态：SUCCEEDED
[2026-07-01 14:16:59.811][INF] [cfg=Default][inst=配置 1/default][src=Worker][op=StopTask] >>> 任务 停止maafw任务开始（异步）。
[2026-07-01 14:16:59.814][INF] [cfg=Default][inst=配置 1/default][src=Worker][op=StopTask] >>> 任务 播放音频开始。
[2026-07-01 14:16:59.920][INF] [cfg=Default][inst=配置 1/default][src=Worker][op=StopTask] >>> 任务 播放音频完成。
[2026-07-01 14:17:00.034][INF] [cfg=Default][inst=配置 1/default][src=Monitor][op=MonitorLog] 任务已全部完成！
(用时 0h 0m 8s)
[2026-07-01 14:17:00.113][INF] [cfg=Default] 应用已关闭
[2026-07-01 14:17:00.115][INF] [cfg=Default] 已释放自定义类目录监听器。
[2026-07-01 14:17:57.659][INF] 正在加载配置列表...
[2026-07-01 14:17:57.688][INF] 应用安装目录：F:\AATL-v0.5.4-beta\AATL
[2026-07-01 14:17:57.688][INF] 应用数据目录：F:\AATL-v0.5.4-beta\AATL
[2026-07-01 14:17:57.688][INF] 是否使用独立数据目录：False
[2026-07-01 14:17:57.688][INF] 配置目录：F:\AATL-v0.5.4-beta\AATL\resource\config
[2026-07-01 14:17:57.688][INF] 是否使用本地配置目录：True
[2026-07-01 14:17:57.688][INF] 日志目录：F:\AATL-v0.5.4-beta\AATL\debug\logs
[2026-07-01 14:17:57.688][INF] 备份文件数量：0
[2026-07-01 14:17:57.688][INF] 临时目录是否存在：True
[2026-07-01 14:17:57.688][INF] [cfg=Default] 应用安装目录：F:\AATL-v0.5.4-beta\AATL
[2026-07-01 14:17:57.688][INF] [cfg=Default] 应用数据目录：F:\AATL-v0.5.4-beta\AATL
[2026-07-01 14:17:57.688][INF] [cfg=Default] 是否使用独立数据目录：False
[2026-07-01 14:17:57.688][INF] [cfg=Default] 配置目录：F:\AATL-v0.5.4-beta\AATL\resource\config
[2026-07-01 14:17:57.688][INF] [cfg=Default] 是否使用本地配置目录：True
[2026-07-01 14:17:57.688][INF] [cfg=Default] 日志目录：F:\AATL-v0.5.4-beta\AATL\debug\logs
[2026-07-01 14:17:57.688][INF] [cfg=Default] 备份文件数量：0
[2026-07-01 14:17:57.688][INF] [cfg=Default] 临时目录是否存在：True
[2026-07-01 14:17:57.693][INF] [cfg=Default] 已通过 Windows API 添加 DLL 搜索目录：F:\AATL-v0.5.4-beta\AATL\runtimes/libs
[2026-07-01 14:17:57.694][INF] [cfg=Default] 库解析器初始化完成：libsPath=F:\AATL-v0.5.4-beta\AATL\runtimes/libs，目录存在=True
[2026-07-01 14:17:57.696][INF] [cfg=Default] 检测到 MaaFramework 运行时目录：数量=1，路径=[F:\AATL-v0.5.4-beta\AATL\runtimes\win-x64\native]
[2026-07-01 14:17:57.699][INF] [cfg=Default] 启动参数：数量=0，内容=[]
[2026-07-01 14:17:57.699][INF] [cfg=Default] 程序版本：v2.12.2-beta.1
[2026-07-01 14:17:57.699][INF] [cfg=Default] .NET 运行时：.NET 10.0.9
[2026-07-01 14:17:58.508][INF] [cfg=Default] 开始初始化语言管理器。
[2026-07-01 14:17:58.693][INF] [cfg=Default] 当前配置：Default
[2026-07-01 14:17:58.755][INF] [cfg=Default] 已恢复系统休眠。
[2026-07-01 14:17:58.758][INF] [cfg=Default] 热键主进程选举：已成为主进程（创建了新的全局互斥锁）。
[2026-07-01 14:17:58.759][INF] [cfg=Default] 全局热键服务：作为主进程初始化。
[2026-07-01 14:17:58.771][INF] [cfg=Default] 热键 IPC 端口文件已保存：文件=C:\Users\18118\AppData\Local\Temp\MFAAvalonia\hotkey_ipc_port.txt
[2026-07-01 14:17:58.772][INF] [cfg=Default] 热键 IPC 服务端已启动：端口=52718
[2026-07-01 14:17:58.782][INF] [cfg=Default] [内存管理]释放了3.81 MB（56.2%)
[2026-07-01 14:17:58.855][WRN] [cfg=Default] 界面资源接口尚未初始化完成。
[2026-07-01 14:17:58.866][INF] [cfg=Default] [调试] instances 目录中实际存在的实例文件数量：1, ID列表：[default]
[2026-07-01 14:17:58.945][INF] [cfg=Default] 本地更新包按钮可见性已刷新：来源=config.Debug(string)，原始值=，解析结果=False
[2026-07-01 14:17:58.946][INF] [cfg=Default] 资源版本：0.5.4
[2026-07-01 14:17:58.946][INF] [cfg=Default] MaaFramework 版本：v5.11.1
[2026-07-01 14:17:59.020][INF] [cfg=Default] [懒加载] 已加载当天有定时任务的实例
[2026-07-01 14:17:59.099][INF] [cfg=Default] 窗口大小已加载：宽度=1280，高度=700.6666666666666
[2026-07-01 14:17:59.109][INF] [cfg=Default] 窗口位置已加载：X=416，Y=191
[2026-07-01 14:17:59.575][WRN] [cfg=Default] 跨平台数据解密失败：参数错误。
[2026-07-01 14:17:59.580][ERR] [cfg=Default] 获取设备唯一标识失败：原因=System.Management currently is only supported for Windows desktop applications.
System.PlatformNotSupportedException: System.Management currently is only supported for Windows desktop applications.
   at System.Management.ManagementObjectSearcher..ctor(String queryString)
   at MFAAvalonia.Helper.SimpleEncryptionHelper.GetPlatformSpecificId()
[2026-07-01 14:17:59.595][ERR] [cfg=Default] 获取设备唯一标识失败：原因=System.Management currently is only supported for Windows desktop applications.
System.PlatformNotSupportedException: System.Management currently is only supported for Windows desktop applications.
   at System.Management.ManagementObjectSearcher..ctor(String queryString)
   at MFAAvalonia.Helper.SimpleEncryptionHelper.GetPlatformSpecificId()
[2026-07-01 14:17:59.596][WRN] [cfg=Default] 跨平台数据解密失败：The input is not a valid Base-64 string as it contains a non-base 64 character, more than two padding characters, or an illegal character among the padding characters.
[2026-07-01 14:17:59.596][ERR] [cfg=Default] 获取设备唯一标识失败：原因=System.Management currently is only supported for Windows desktop applications.
System.PlatformNotSupportedException: System.Management currently is only supported for Windows desktop applications.
   at System.Management.ManagementObjectSearcher..ctor(String queryString)
   at MFAAvalonia.Helper.SimpleEncryptionHelper.GetPlatformSpecificId()
[2026-07-01 14:17:59.596][ERR] [cfg=Default] 获取设备唯一标识失败：原因=System.Management currently is only supported for Windows desktop applications.
System.PlatformNotSupportedException: System.Management currently is only supported for Windows desktop applications.
   at System.Management.ManagementObjectSearcher..ctor(String queryString)
   at MFAAvalonia.Helper.SimpleEncryptionHelper.GetPlatformSpecificId()
[2026-07-01 14:17:59.661][INF] [cfg=Default] 本地更新包按钮可见性已刷新：来源=config.Debug(string)，原始值=，解析结果=False
[2026-07-01 14:17:59.661][INF] [cfg=Default] 设置页调试卡片可见性已应用：False
[2026-07-01 14:17:59.818][INF] [cfg=Default] [调试] instances 目录中实际存在的实例文件数量：1, ID列表：[default]
[2026-07-01 14:17:59.828][INF] [cfg=Default] [懒加载] 已加载当天有定时任务的实例
[2026-07-01 14:18:00.199][INF] [cfg=Default] [懒加载] 所有实例加载完成
[2026-07-01 14:18:00.200][INF] [cfg=Default] [懒加载] 所有实例加载完成
[2026-07-01 14:18:00.277][INF] [cfg=Default] 界面初始化开始
[2026-07-01 14:18:00.389][INF] [cfg=Default][inst=配置 1/default][src=UI][op=ChangeResource] 当前资源变更：resource=, controller=Adb
[2026-07-01 14:18:00.391][INF] [cfg=Default][inst=配置 1/default][src=UI][op=ChangeResource] 当前资源变更：resource=刀剑乱舞, controller=Adb
[2026-07-01 14:18:00.394][INF] [cfg=Default][inst=配置 1/default][src=UI][op=ChangeResource] 当前资源变更：resource=, controller=Adb
[2026-07-01 14:18:00.395][INF] [cfg=Default][inst=配置 1/default][src=UI][op=ChangeResource] 当前资源变更：resource=刀剑乱舞, controller=Adb
[2026-07-01 14:18:00.852][INF] [cfg=Default] >>> 任务 公告和最新版本检测开始（异步）。
[2026-07-01 14:18:01.285][INF] [cfg=Default][inst=配置 1/default][src=Worker][op=ExecuteTaskQueue] 准备执行任务队列：任务数量=0
[2026-07-01 14:18:01.737][INF] [cfg=Default][inst=配置 1/default][src=Worker][op=ExecuteTaskQueue] >>> 任务 启动任务开始（异步）。
[2026-07-01 14:18:01.743][WRN] [cfg=Default][inst=配置 1/default][src=Worker][op=ExecuteTaskQueue] 已跳过启动程序，因为 SoftwarePath 为空。
[2026-07-01 14:18:01.751][INF] [cfg=Default][inst=配置 1/default][src=Worker][op=ExecuteTaskQueue] 严格匹配模式已启用，持续按已保存设备指纹匹配 ADB 设备。
[2026-07-01 14:18:01.753][INF] [cfg=Default][inst=配置 1/default][src=Worker][op=ExecuteTaskQueue] 已保存设备的指纹：MuMu安卓设备-MuMuPlayer12 v5|0|127.0.0.1|16384
[2026-07-01 14:18:01.874][INF] [cfg=Default][inst=配置 1/default][src=Worker][op=ExecuteTaskQueue] 按指纹匹配到的设备数量：1
[2026-07-01 14:18:01.874][INF] [cfg=Default][inst=配置 1/default][src=Worker][op=ExecuteTaskQueue] 已通过指纹匹配到设备：名称=MuMu安卓设备-MuMuPlayer12 v5，ADB 序列号=127.0.0.1:16384
[2026-07-01 14:18:01.877][INF] [cfg=Default][inst=配置 1/default][src=UI][op=ChangeDevice] 当前连接目标变更：controller=Adb, resource=刀剑乱舞, device=MuMu安卓设备-MuMuPlayer12 v5（127.0.0.1:16384)
[2026-07-01 14:18:01.890][INF] [cfg=Default][inst=配置 1/default][src=Worker][op=ExecuteTaskQueue] >>> 任务 启动附加开始脚本开始（异步）。
[2026-07-01 14:18:01.892][INF] [cfg=Default][inst=配置 1/default][src=Worker][op=ExecuteTaskQueue] >>> 任务 启动附加开始脚本完成（异步）。
[2026-07-01 14:18:01.899][INF] [cfg=Default][inst=配置 1/default][src=Monitor][op=MonitorLog] 正在连接至模拟器......
[2026-07-01 14:18:01.901][INF] [cfg=Default][inst=配置 1/default][src=Worker][op=ExecuteTaskQueue] 正在载入资源
[2026-07-01 14:18:01.901][INF] [cfg=Default][inst=配置 1/default][src=Worker][op=ExecuteTaskQueue] 资源路径：F:\AATL-v0.5.4-beta\AATL\resource\base
[2026-07-01 14:18:01.901][INF] [cfg=Default][inst=配置 1/default][src=Worker][op=ExecuteTaskQueue] >>> 任务 资源检测开始（异步）。
[2026-07-01 14:18:02.057][INF] [cfg=Default][inst=配置 1/default][src=Worker][op=ExecuteTaskQueue] >>> 任务 资源检测完成（异步）。
[2026-07-01 14:18:02.059][INF] [cfg=Default][inst=配置 1/default][src=Worker][op=ExecuteTaskQueue] 启用 GPU 推理：成功
[2026-07-01 14:18:02.059][INF] [cfg=Default][inst=配置 1/default][src=Worker][op=ExecuteTaskQueue] GPU acceleration: Auto
[2026-07-01 14:18:02.060][INF] [cfg=Default][inst=配置 1/default][src=Worker][op=ExecuteTaskQueue] >>> 任务 控制器检测开始（异步）。
[2026-07-01 14:18:02.061][INF] [cfg=Default][inst=配置 1/default][src=Worker][op=ExecuteTaskQueue] 正在加载 MAA 控制器配置...
[2026-07-01 14:18:02.062][INF] [cfg=Default][inst=配置 1/default][src=Worker][op=ExecuteTaskQueue] 触控模式:Default,捕获模式:EmulatorExtras
[2026-07-01 14:18:02.063][INF] [cfg=Default][inst=配置 1/default][src=Worker][op=ExecuteTaskQueue] 设备名称：MuMu安卓设备-MuMuPlayer12 v5
[2026-07-01 14:18:02.063][INF] [cfg=Default][inst=配置 1/default][src=Worker][op=ExecuteTaskQueue] ADB 路径：D:/Program Files/Netease/MuMu/nx_main/adb.exe
[2026-07-01 14:18:02.063][INF] [cfg=Default][inst=配置 1/default][src=Worker][op=ExecuteTaskQueue] ADB 序列号：127.0.0.1:16384
[2026-07-01 14:18:02.063][INF] [cfg=Default][inst=配置 1/default][src=Worker][op=ExecuteTaskQueue] 截图模式：EmulatorExtras
[2026-07-01 14:18:02.063][INF] [cfg=Default][inst=配置 1/default][src=Worker][op=ExecuteTaskQueue] 输入模式：Default
[2026-07-01 14:18:02.063][INF] [cfg=Default][inst=配置 1/default][src=Worker][op=ExecuteTaskQueue] 控制器配置：{"extras":{"mumu":{"enable":true,"index":0,"path":"D:/Program Files/Netease/MuMu"}}
[2026-07-01 14:18:02.301][INF] [cfg=Default] 公告数量：2
[2026-07-01 14:18:02.523][INF] [cfg=Default] >>> 任务 公告和最新版本检测完成（异步）。
[2026-07-01 14:18:02.878][INF] [cfg=Default][inst=配置 1/default][src=Worker][op=ExecuteTaskQueue] >>> 任务 控制器检测完成（异步）。
[2026-07-01 14:18:03.931][INF] [cfg=Default][inst=配置 1/default][src=Worker][op=ExecuteTaskQueue] 已注册内置特殊任务动作。
[2026-07-01 14:18:03.944][INF] [cfg=Default][inst=配置 1/default][src=Worker][op=ExecuteTaskQueue] 已启动自定义类目录监听：目录=F:\AATL-v0.5.4-beta\AATL\resource\base\custom
[2026-07-01 14:18:03.948][INF] [cfg=Default][inst=配置 1/default][src=Worker][op=ExecuteTaskQueue] 开始解析自定义类：名称=DamageLogAction，文件=F:\AATL-v0.5.4-beta\AATL\resource\base\custom\DamageLogAction.cs
[2026-07-01 14:18:05.376][INF] [cfg=Default][inst=配置 1/default][src=Worker][op=ExecuteTaskQueue] 已成功加载自定义类：名称=DamageLogAction，文件=F:\AATL-v0.5.4-beta\AATL\resource\base\custom\DamageLogAction.cs
[2026-07-01 14:18:05.376][INF] [cfg=Default][inst=配置 1/default][src=Worker][op=ExecuteTaskQueue] 开始解析自定义类：名称=DispatchLogAction，文件=F:\AATL-v0.5.4-beta\AATL\resource\base\custom\DispatchLogAction.cs
[2026-07-01 14:18:05.677][INF] [cfg=Default][inst=配置 1/default][src=Worker][op=ExecuteTaskQueue] 已成功加载自定义类：名称=DispatchLogAction，文件=F:\AATL-v0.5.4-beta\AATL\resource\base\custom\DispatchLogAction.cs
[2026-07-01 14:18:05.677][INF] [cfg=Default][inst=配置 1/default][src=Worker][op=ExecuteTaskQueue] 开始解析自定义类：名称=DungeonFloorSelectAction，文件=F:\AATL-v0.5.4-beta\AATL\resource\base\custom\DungeonFloorSelectAction.cs
[2026-07-01 14:18:05.856][INF] [cfg=Default][inst=配置 1/default][src=Worker][op=ExecuteTaskQueue] 已成功加载自定义类：名称=DungeonFloorSelectAction，文件=F:\AATL-v0.5.4-beta\AATL\resource\base\custom\DungeonFloorSelectAction.cs
[2026-07-01 14:18:05.856][INF] [cfg=Default][inst=配置 1/default][src=Worker][op=ExecuteTaskQueue] 开始解析自定义类：名称=ExpeditionMapSelectAction，文件=F:\AATL-v0.5.4-beta\AATL\resource\base\custom\ExpeditionMapSelectAction.cs
[2026-07-01 14:18:05.919][INF] [cfg=Default][inst=配置 1/default][src=Worker][op=ExecuteTaskQueue] 已成功加载自定义类：名称=ExpeditionMapSelectAction，文件=F:\AATL-v0.5.4-beta\AATL\resource\base\custom\ExpeditionMapSelectAction.cs
[2026-07-01 14:18:05.919][INF] [cfg=Default][inst=配置 1/default][src=Worker][op=ExecuteTaskQueue] 已注册自定义动作：DamageLogAction
[2026-07-01 14:18:05.919][INF] [cfg=Default][inst=配置 1/default][src=Worker][op=ExecuteTaskQueue] 已注册自定义动作：DispatchLogAction
[2026-07-01 14:18:05.919][INF] [cfg=Default][inst=配置 1/default][src=Worker][op=ExecuteTaskQueue] 已注册自定义动作：DungeonFloorSelectAction
[2026-07-01 14:18:05.920][INF] [cfg=Default][inst=配置 1/default][src=Worker][op=ExecuteTaskQueue] 已注册自定义动作：ExpeditionMapSelectAction
[2026-07-01 14:18:05.920][INF] [cfg=Default][inst=配置 1/default][src=Worker][op=ExecuteTaskQueue] 未找到自定义目录：F:\AATL-v0.5.4-beta\AATL\resource\custom
[2026-07-01 14:18:05.920][INF] [cfg=Default][inst=配置 1/default][src=Worker][op=ExecuteTaskQueue] 连接状态变更：已连接。
[2026-07-01 14:18:05.921][INF] [cfg=Default][inst=配置 1/default][src=Worker][op=ExecuteTaskQueue] MaaFW 调试模式：False
[2026-07-01 14:18:07.735][INF] [cfg=Default][inst=配置 1/default][src=Worker][op=ExecuteTaskQueue] >>> 任务 截图测试开始（异步）。
[2026-07-01 14:18:07.787][INF] [cfg=Default][inst=配置 1/default][src=Worker][op=ExecuteTaskQueue] >>> 任务 截图测试完成（异步）。
[2026-07-01 14:18:07.787][INF] [cfg=Default][inst=配置 1/default][src=Monitor][op=MonitorLog] 截图耗时：24ms(EmulatorExtras)
[2026-07-01 14:18:07.788][INF] [cfg=Default][inst=配置 1/default][src=Worker][op=ExecuteTaskQueue] >>> 任务 启动附加结束脚本开始（异步）。
[2026-07-01 14:18:07.789][INF] [cfg=Default][inst=配置 1/default][src=Worker][op=ExecuteTaskQueue] >>> 任务 启动附加结束脚本完成（异步）。
[2026-07-01 14:18:07.797][INF] [cfg=Default][inst=配置 1/default][src=Worker][op=ExecuteTaskQueue] >>> 任务 启动检测开始（异步）。
[2026-07-01 14:18:07.798][INF] [cfg=Default][inst=配置 1/default][src=Worker][op=ExecuteTaskQueue] 开始执行更新任务：名称=查询CDK
[2026-07-01 14:18:07.798][INF] [cfg=Default][inst=配置 1/default][src=Worker][op=ExecuteTaskQueue] 更新任务完成：名称=查询CDK
[2026-07-01 14:18:07.798][INF] [cfg=Default][inst=配置 1/default][src=Worker][op=ExecuteTaskQueue] 开始执行更新任务：名称=更新资源
[2026-07-01 14:18:09.120][INF] [cfg=Default][inst=配置 1/default][src=Worker][op=ExecuteTaskQueue] 目标系统：平台=win，系统家族=windows，架构=x64
[2026-07-01 14:18:09.611][INF] [cfg=Default][inst=配置 1/default][src=Worker][op=ExecuteTaskQueue] 候选资产优先级：名称=aatl-v0.5.3.zip，优先级=0
[2026-07-01 14:18:09.624][INF] [cfg=Default][inst=配置 1/default][src=Worker][op=ExecuteTaskQueue] 更新任务完成：名称=更新资源
[2026-07-01 14:18:09.624][INF] [cfg=Default][inst=配置 1/default][src=Worker][op=ExecuteTaskQueue] >>> 任务 启动检测完成（异步）。
[2026-07-01 14:18:09.624][INF] [cfg=Default][inst=配置 1/default][src=Worker][op=ExecuteTaskQueue] >>> 任务 启动任务完成（异步）。
[2026-07-01 14:18:09.638][INF] [cfg=Default][inst=配置 1/default][src=Worker][op=StopTask] 停止前状态：SUCCEEDED
[2026-07-01 14:18:09.641][INF] [cfg=Default][inst=配置 1/default][src=Worker][op=StopTask] >>> 任务 停止maafw任务开始（异步）。
[2026-07-01 14:18:09.644][INF] [cfg=Default][inst=配置 1/default][src=Worker][op=StopTask] >>> 任务 播放音频开始。
[2026-07-01 14:18:09.749][INF] [cfg=Default][inst=配置 1/default][src=Worker][op=StopTask] >>> 任务 播放音频完成。
[2026-07-01 14:18:09.842][INF] [cfg=Default][inst=配置 1/default][src=Monitor][op=MonitorLog] 任务已全部完成！
(用时 0h 0m 8s)
[2026-07-01 14:18:09.905][INF] [cfg=Default] 应用已关闭
[2026-07-01 14:18:09.907][INF] [cfg=Default] 已释放自定义类目录监听器。
[2026-07-01 14:20:18.503][INF] 正在加载配置列表...
[2026-07-01 14:20:18.532][INF] 应用安装目录：F:\AATL-v0.5.4-beta\AATL
[2026-07-01 14:20:18.532][INF] 应用数据目录：F:\AATL-v0.5.4-beta\AATL
[2026-07-01 14:20:18.532][INF] 是否使用独立数据目录：False
[2026-07-01 14:20:18.532][INF] 配置目录：F:\AATL-v0.5.4-beta\AATL\resource\config
[2026-07-01 14:20:18.532][INF] 是否使用本地配置目录：True
[2026-07-01 14:20:18.532][INF] 日志目录：F:\AATL-v0.5.4-beta\AATL\debug\logs
[2026-07-01 14:20:18.532][INF] 备份文件数量：0
[2026-07-01 14:20:18.532][INF] 临时目录是否存在：True
[2026-07-01 14:20:18.532][INF] [cfg=Default] 应用安装目录：F:\AATL-v0.5.4-beta\AATL
[2026-07-01 14:20:18.532][INF] [cfg=Default] 应用数据目录：F:\AATL-v0.5.4-beta\AATL
[2026-07-01 14:20:18.532][INF] [cfg=Default] 是否使用独立数据目录：False
[2026-07-01 14:20:18.532][INF] [cfg=Default] 配置目录：F:\AATL-v0.5.4-beta\AATL\resource\config
[2026-07-01 14:20:18.532][INF] [cfg=Default] 是否使用本地配置目录：True
[2026-07-01 14:20:18.532][INF] [cfg=Default] 日志目录：F:\AATL-v0.5.4-beta\AATL\debug\logs
[2026-07-01 14:20:18.532][INF] [cfg=Default] 备份文件数量：0
[2026-07-01 14:20:18.532][INF] [cfg=Default] 临时目录是否存在：True
[2026-07-01 14:20:18.537][INF] [cfg=Default] 已通过 Windows API 添加 DLL 搜索目录：F:\AATL-v0.5.4-beta\AATL\runtimes/libs
[2026-07-01 14:20:18.537][INF] [cfg=Default] 库解析器初始化完成：libsPath=F:\AATL-v0.5.4-beta\AATL\runtimes/libs，目录存在=True
[2026-07-01 14:20:18.540][INF] [cfg=Default] 检测到 MaaFramework 运行时目录：数量=1，路径=[F:\AATL-v0.5.4-beta\AATL\runtimes\win-x64\native]
[2026-07-01 14:20:18.542][INF] [cfg=Default] 启动参数：数量=0，内容=[]
[2026-07-01 14:20:18.542][INF] [cfg=Default] 程序版本：v2.12.2-beta.1
[2026-07-01 14:20:18.542][INF] [cfg=Default] .NET 运行时：.NET 10.0.9
[2026-07-01 14:20:19.390][INF] [cfg=Default] 开始初始化语言管理器。
[2026-07-01 14:20:19.728][INF] [cfg=Default] 当前配置：Default
[2026-07-01 14:20:19.791][INF] [cfg=Default] 已恢复系统休眠。
[2026-07-01 14:20:19.795][INF] [cfg=Default] 热键主进程选举：已成为主进程（创建了新的全局互斥锁）。
[2026-07-01 14:20:19.796][INF] [cfg=Default] 全局热键服务：作为主进程初始化。
[2026-07-01 14:20:19.808][INF] [cfg=Default] 热键 IPC 端口文件已保存：文件=C:\Users\18118\AppData\Local\Temp\MFAAvalonia\hotkey_ipc_port.txt
[2026-07-01 14:20:19.809][INF] [cfg=Default] 热键 IPC 服务端已启动：端口=52718
[2026-07-01 14:20:19.819][INF] [cfg=Default] [内存管理]释放了3.80 MB（56.1%)
[2026-07-01 14:20:19.898][WRN] [cfg=Default] 界面资源接口尚未初始化完成。
[2026-07-01 14:20:19.909][INF] [cfg=Default] [调试] instances 目录中实际存在的实例文件数量：1, ID列表：[default]
[2026-07-01 14:20:19.998][INF] [cfg=Default] 本地更新包按钮可见性已刷新：来源=config.Debug(string)，原始值=，解析结果=False
[2026-07-01 14:20:19.999][INF] [cfg=Default] 资源版本：0.5.4
[2026-07-01 14:20:19.999][INF] [cfg=Default] MaaFramework 版本：v5.11.1
[2026-07-01 14:20:20.074][INF] [cfg=Default] [懒加载] 已加载当天有定时任务的实例
[2026-07-01 14:20:20.156][INF] [cfg=Default] 窗口大小已加载：宽度=1280，高度=700.6666666666666
[2026-07-01 14:20:20.167][INF] [cfg=Default] 窗口位置已加载：X=416，Y=191
[2026-07-01 14:20:20.664][WRN] [cfg=Default] 跨平台数据解密失败：参数错误。
[2026-07-01 14:20:20.670][ERR] [cfg=Default] 获取设备唯一标识失败：原因=System.Management currently is only supported for Windows desktop applications.
System.PlatformNotSupportedException: System.Management currently is only supported for Windows desktop applications.
   at System.Management.ManagementObjectSearcher..ctor(String queryString)
   at MFAAvalonia.Helper.SimpleEncryptionHelper.GetPlatformSpecificId()
[2026-07-01 14:20:20.687][ERR] [cfg=Default] 获取设备唯一标识失败：原因=System.Management currently is only supported for Windows desktop applications.
System.PlatformNotSupportedException: System.Management currently is only supported for Windows desktop applications.
   at System.Management.ManagementObjectSearcher..ctor(String queryString)
   at MFAAvalonia.Helper.SimpleEncryptionHelper.GetPlatformSpecificId()
[2026-07-01 14:20:20.688][WRN] [cfg=Default] 跨平台数据解密失败：The input is not a valid Base-64 string as it contains a non-base 64 character, more than two padding characters, or an illegal character among the padding characters.
[2026-07-01 14:20:20.688][ERR] [cfg=Default] 获取设备唯一标识失败：原因=System.Management currently is only supported for Windows desktop applications.
System.PlatformNotSupportedException: System.Management currently is only supported for Windows desktop applications.
   at System.Management.ManagementObjectSearcher..ctor(String queryString)
   at MFAAvalonia.Helper.SimpleEncryptionHelper.GetPlatformSpecificId()
[2026-07-01 14:20:20.688][ERR] [cfg=Default] 获取设备唯一标识失败：原因=System.Management currently is only supported for Windows desktop applications.
System.PlatformNotSupportedException: System.Management currently is only supported for Windows desktop applications.
   at System.Management.ManagementObjectSearcher..ctor(String queryString)
   at MFAAvalonia.Helper.SimpleEncryptionHelper.GetPlatformSpecificId()
[2026-07-01 14:20:20.760][INF] [cfg=Default] 本地更新包按钮可见性已刷新：来源=config.Debug(string)，原始值=，解析结果=False
[2026-07-01 14:20:20.761][INF] [cfg=Default] 设置页调试卡片可见性已应用：False
[2026-07-01 14:20:20.944][INF] [cfg=Default] [调试] instances 目录中实际存在的实例文件数量：1, ID列表：[default]
[2026-07-01 14:20:20.957][INF] [cfg=Default] [懒加载] 已加载当天有定时任务的实例
[2026-07-01 14:20:21.383][INF] [cfg=Default] [懒加载] 所有实例加载完成
[2026-07-01 14:20:21.384][INF] [cfg=Default] [懒加载] 所有实例加载完成
[2026-07-01 14:20:21.477][INF] [cfg=Default] 界面初始化开始
[2026-07-01 14:20:21.623][INF] [cfg=Default][inst=配置 1/default][src=UI][op=ChangeResource] 当前资源变更：resource=, controller=Adb
[2026-07-01 14:20:21.625][INF] [cfg=Default][inst=配置 1/default][src=UI][op=ChangeResource] 当前资源变更：resource=刀剑乱舞, controller=Adb
[2026-07-01 14:20:21.629][INF] [cfg=Default][inst=配置 1/default][src=UI][op=ChangeResource] 当前资源变更：resource=, controller=Adb
[2026-07-01 14:20:21.631][INF] [cfg=Default][inst=配置 1/default][src=UI][op=ChangeResource] 当前资源变更：resource=刀剑乱舞, controller=Adb
[2026-07-01 14:20:22.128][INF] [cfg=Default] >>> 任务 公告和最新版本检测开始（异步）。
[2026-07-01 14:20:22.533][INF] [cfg=Default][inst=配置 1/default][src=Worker][op=ExecuteTaskQueue] 准备执行任务队列：任务数量=1
[2026-07-01 14:20:22.545][INF] [cfg=Default][inst=配置 1/default][src=Worker][op=ExecuteTaskQueue] [任务管线合并] 任务#1 名称=[地下城] 入口=[Underground] 参数=[
  {},
  {
    "U_SelectFloor"：{
      "on_error"：[
        "U_DetectWhereAmI"
      ],
      "custom_action_param"：{
        "target_floor"：99,
        "tens_roi"：[
          985,
          303,
          60,
          99
        ],
        "ones_roi"：[
          1053,
          303,
          60,
          99
        ],
        "tens_up"：[
          988,
          275,
          54,
          18
        ],
        "tens_down"：[
          988,
          412,
          54,
          18
        ],
        "ones_up"：[
          1058,
          275,
          54,
          18
        ],
        "ones_down"：[
          1058,
          412,
          54,
          18
        ]
      }
    }
  },
  {
    "U_IsRepair"：{
      "enabled"：true
    },
    "U_IsStopOnDamage"：{
      "enabled"：false
    },
    "U_IsPreDamage1"：{
      "enabled"：true
    },
    "U_IsPreDamage2"：{
      "enabled"：true
    },
    "U_StopOnDamagePopup"：{
      "enabled"：false
    },
    "U_StopOnDamageText"：{
      "enabled"：false
    }
  },
  {
    "U_ClickTeam"：{
      "target"：[
        282,
        94,
        1,
        1
      ]
    }
  },
  {
    "U_IsFormationSelect"：{
      "enabled"：false
    }
  },
  {
    "U_GoHomeAfterRound"：{
      "enabled"：true
    },
    "U_ContinueNextRound"：{
      "enabled"：false
    },
    "U_ConfirmReturnHome"：{
      "next"：[]
    }
  },
  {
    "U_IsSwordSelect"：{
      "enabled"：true
    },
    "U_DetectSortOrder"：{
      "enabled"：true
    },
    "U_ClickDescending"：{
      "enabled"：true
    },
    "U_ConfirmSortAsc"：{
      "enabled"：true
    },
    "U_ClickCaptain1"：{
      "enabled"：true
    },
    "U_ClickCaptain2"：{
      "enabled"：true
    },
    "U_ClickCaptain3"：{
      "enabled"：true
    },
    "U_ClickCaptain4"：{
      "enabled"：true
    },
    "U_ClickCaptain5"：{
      "enabled"：true
    },
    "U_ClickCaptainSlot"：{
      "enabled"：true
    }
  }
]
[2026-07-01 14:20:22.970][INF] [cfg=Default][inst=配置 1/default][src=Worker][op=ExecuteTaskQueue] >>> 任务 启动任务开始（异步）。
[2026-07-01 14:20:22.975][WRN] [cfg=Default][inst=配置 1/default][src=Worker][op=ExecuteTaskQueue] 已跳过启动程序，因为 SoftwarePath 为空。
[2026-07-01 14:20:22.982][INF] [cfg=Default][inst=配置 1/default][src=Worker][op=ExecuteTaskQueue] 严格匹配模式已启用，持续按已保存设备指纹匹配 ADB 设备。
[2026-07-01 14:20:22.983][INF] [cfg=Default][inst=配置 1/default][src=Worker][op=ExecuteTaskQueue] 已保存设备的指纹：MuMu安卓设备-MuMuPlayer12 v5|0|127.0.0.1|16384
[2026-07-01 14:20:23.188][INF] [cfg=Default][inst=配置 1/default][src=Worker][op=ExecuteTaskQueue] 按指纹匹配到的设备数量：1
[2026-07-01 14:20:23.188][INF] [cfg=Default][inst=配置 1/default][src=Worker][op=ExecuteTaskQueue] 已通过指纹匹配到设备：名称=MuMu安卓设备-MuMuPlayer12 v5，ADB 序列号=127.0.0.1:16384
[2026-07-01 14:20:23.190][INF] [cfg=Default][inst=配置 1/default][src=UI][op=ChangeDevice] 当前连接目标变更：controller=Adb, resource=刀剑乱舞, device=MuMu安卓设备-MuMuPlayer12 v5（127.0.0.1:16384)
[2026-07-01 14:20:23.202][INF] [cfg=Default][inst=配置 1/default][src=Worker][op=ExecuteTaskQueue] >>> 任务 启动附加开始脚本开始（异步）。
[2026-07-01 14:20:23.204][INF] [cfg=Default][inst=配置 1/default][src=Worker][op=ExecuteTaskQueue] >>> 任务 启动附加开始脚本完成（异步）。
[2026-07-01 14:20:23.209][INF] [cfg=Default][inst=配置 1/default][src=Monitor][op=MonitorLog] 正在连接至模拟器......
[2026-07-01 14:20:23.212][INF] [cfg=Default][inst=配置 1/default][src=Worker][op=ExecuteTaskQueue] 正在载入资源
[2026-07-01 14:20:23.213][INF] [cfg=Default][inst=配置 1/default][src=Worker][op=ExecuteTaskQueue] 资源路径：F:\AATL-v0.5.4-beta\AATL\resource\base
[2026-07-01 14:20:23.213][INF] [cfg=Default][inst=配置 1/default][src=Worker][op=ExecuteTaskQueue] >>> 任务 资源检测开始（异步）。
[2026-07-01 14:20:23.410][INF] [cfg=Default][inst=配置 1/default][src=Worker][op=ExecuteTaskQueue] >>> 任务 资源检测完成（异步）。
[2026-07-01 14:20:23.412][INF] [cfg=Default][inst=配置 1/default][src=Worker][op=ExecuteTaskQueue] 启用 GPU 推理：成功
[2026-07-01 14:20:23.412][INF] [cfg=Default][inst=配置 1/default][src=Worker][op=ExecuteTaskQueue] GPU acceleration: Auto
[2026-07-01 14:20:23.412][INF] [cfg=Default][inst=配置 1/default][src=Worker][op=ExecuteTaskQueue] >>> 任务 控制器检测开始（异步）。
[2026-07-01 14:20:23.413][INF] [cfg=Default][inst=配置 1/default][src=Worker][op=ExecuteTaskQueue] 正在加载 MAA 控制器配置...
[2026-07-01 14:20:23.415][INF] [cfg=Default][inst=配置 1/default][src=Worker][op=ExecuteTaskQueue] 触控模式:Default,捕获模式:EmulatorExtras
[2026-07-01 14:20:23.415][INF] [cfg=Default][inst=配置 1/default][src=Worker][op=ExecuteTaskQueue] 设备名称：MuMu安卓设备-MuMuPlayer12 v5
[2026-07-01 14:20:23.415][INF] [cfg=Default][inst=配置 1/default][src=Worker][op=ExecuteTaskQueue] ADB 路径：D:/Program Files/Netease/MuMu/nx_main/adb.exe
[2026-07-01 14:20:23.416][INF] [cfg=Default][inst=配置 1/default][src=Worker][op=ExecuteTaskQueue] ADB 序列号：127.0.0.1:16384
[2026-07-01 14:20:23.416][INF] [cfg=Default][inst=配置 1/default][src=Worker][op=ExecuteTaskQueue] 截图模式：EmulatorExtras
[2026-07-01 14:20:23.416][INF] [cfg=Default][inst=配置 1/default][src=Worker][op=ExecuteTaskQueue] 输入模式：Default
[2026-07-01 14:20:23.416][INF] [cfg=Default][inst=配置 1/default][src=Worker][op=ExecuteTaskQueue] 控制器配置：{"extras":{"mumu":{"enable":true,"index":0,"path":"D:/Program Files/Netease/MuMu"}}
[2026-07-01 14:20:23.607][INF] [cfg=Default] 公告数量：2
[2026-07-01 14:20:23.811][INF] [cfg=Default] >>> 任务 公告和最新版本检测完成（异步）。
[2026-07-01 14:20:24.214][INF] [cfg=Default][inst=配置 1/default][src=Worker][op=ExecuteTaskQueue] >>> 任务 控制器检测完成（异步）。
[2026-07-01 14:20:25.236][INF] [cfg=Default][inst=配置 1/default][src=Worker][op=ExecuteTaskQueue] 已注册内置特殊任务动作。
[2026-07-01 14:20:25.248][INF] [cfg=Default][inst=配置 1/default][src=Worker][op=ExecuteTaskQueue] 已启动自定义类目录监听：目录=F:\AATL-v0.5.4-beta\AATL\resource\base\custom
[2026-07-01 14:20:25.251][INF] [cfg=Default][inst=配置 1/default][src=Worker][op=ExecuteTaskQueue] 开始解析自定义类：名称=DamageLogAction，文件=F:\AATL-v0.5.4-beta\AATL\resource\base\custom\DamageLogAction.cs
[2026-07-01 14:20:26.622][INF] [cfg=Default][inst=配置 1/default][src=Worker][op=ExecuteTaskQueue] 已成功加载自定义类：名称=DamageLogAction，文件=F:\AATL-v0.5.4-beta\AATL\resource\base\custom\DamageLogAction.cs
[2026-07-01 14:20:26.622][INF] [cfg=Default][inst=配置 1/default][src=Worker][op=ExecuteTaskQueue] 开始解析自定义类：名称=DispatchLogAction，文件=F:\AATL-v0.5.4-beta\AATL\resource\base\custom\DispatchLogAction.cs
[2026-07-01 14:20:26.928][INF] [cfg=Default][inst=配置 1/default][src=Worker][op=ExecuteTaskQueue] 已成功加载自定义类：名称=DispatchLogAction，文件=F:\AATL-v0.5.4-beta\AATL\resource\base\custom\DispatchLogAction.cs
[2026-07-01 14:20:26.928][INF] [cfg=Default][inst=配置 1/default][src=Worker][op=ExecuteTaskQueue] 开始解析自定义类：名称=DungeonFloorSelectAction，文件=F:\AATL-v0.5.4-beta\AATL\resource\base\custom\DungeonFloorSelectAction.cs
[2026-07-01 14:20:27.128][INF] [cfg=Default][inst=配置 1/default][src=Worker][op=ExecuteTaskQueue] 已成功加载自定义类：名称=DungeonFloorSelectAction，文件=F:\AATL-v0.5.4-beta\AATL\resource\base\custom\DungeonFloorSelectAction.cs
[2026-07-01 14:20:27.128][INF] [cfg=Default][inst=配置 1/default][src=Worker][op=ExecuteTaskQueue] 开始解析自定义类：名称=ExpeditionMapSelectAction，文件=F:\AATL-v0.5.4-beta\AATL\resource\base\custom\ExpeditionMapSelectAction.cs
[2026-07-01 14:20:27.189][INF] [cfg=Default][inst=配置 1/default][src=Worker][op=ExecuteTaskQueue] 已成功加载自定义类：名称=ExpeditionMapSelectAction，文件=F:\AATL-v0.5.4-beta\AATL\resource\base\custom\ExpeditionMapSelectAction.cs
[2026-07-01 14:20:27.189][INF] [cfg=Default][inst=配置 1/default][src=Worker][op=ExecuteTaskQueue] 已注册自定义动作：DamageLogAction
[2026-07-01 14:20:27.189][INF] [cfg=Default][inst=配置 1/default][src=Worker][op=ExecuteTaskQueue] 已注册自定义动作：DispatchLogAction
[2026-07-01 14:20:27.190][INF] [cfg=Default][inst=配置 1/default][src=Worker][op=ExecuteTaskQueue] 已注册自定义动作：DungeonFloorSelectAction
[2026-07-01 14:20:27.190][INF] [cfg=Default][inst=配置 1/default][src=Worker][op=ExecuteTaskQueue] 已注册自定义动作：ExpeditionMapSelectAction
[2026-07-01 14:20:27.190][INF] [cfg=Default][inst=配置 1/default][src=Worker][op=ExecuteTaskQueue] 未找到自定义目录：F:\AATL-v0.5.4-beta\AATL\resource\custom
[2026-07-01 14:20:27.190][INF] [cfg=Default][inst=配置 1/default][src=Worker][op=ExecuteTaskQueue] 连接状态变更：已连接。
[2026-07-01 14:20:27.527][INF] [cfg=Default][inst=配置 1/default][src=Worker][op=ExecuteTaskQueue] MaaFW 调试模式：False
[2026-07-01 14:20:29.352][INF] [cfg=Default][inst=配置 1/default][src=Worker][op=ExecuteTaskQueue] >>> 任务 截图测试开始（异步）。
[2026-07-01 14:20:29.391][INF] [cfg=Default][inst=配置 1/default][src=Worker][op=ExecuteTaskQueue] >>> 任务 截图测试完成（异步）。
[2026-07-01 14:20:29.391][INF] [cfg=Default][inst=配置 1/default][src=Monitor][op=MonitorLog] 截图耗时：18ms(EmulatorExtras)
[2026-07-01 14:20:29.393][INF] [cfg=Default][inst=配置 1/default][src=Monitor][op=MonitorLog] 开始任务：地下城
[2026-07-01 14:20:29.397][INF] [cfg=Default][inst=配置 1/default][src=Worker][op=ExecuteTaskQueue] >>> 任务 队列任务开始（异步）。
[2026-07-01 14:20:37.317][INF] [cfg=Default] [DungeonFloorSelect] 目标层数：99（十位=9, 个位=9)
[2026-07-01 14:20:37.439][INF] [cfg=Default] 识别结果：9
[2026-07-01 14:20:37.440][INF] [cfg=Default] [DungeonFloorSelect] 十位 OCR 识别：9
[2026-07-01 14:20:37.540][INF] [cfg=Default] 识别结果：9
[2026-07-01 14:20:37.540][INF] [cfg=Default] [DungeonFloorSelect] 个位 OCR 识别：9
[2026-07-01 14:20:37.540][INF] [cfg=Default] [DungeonFloorSelect] 当前层数：99
[2026-07-01 14:20:37.950][INF] [cfg=Default] 识别结果：9
[2026-07-01 14:20:37.950][INF] [cfg=Default] [DungeonFloorSelect] 个位 OCR 识别：9
[2026-07-01 14:20:38.353][INF] [cfg=Default] 识别结果：9
[2026-07-01 14:20:38.353][INF] [cfg=Default] [DungeonFloorSelect] 十位验证 OCR 识别：9
[2026-07-01 14:20:38.454][INF] [cfg=Default] 识别结果：9
[2026-07-01 14:20:38.454][INF] [cfg=Default] [DungeonFloorSelect] 个位验证 OCR 识别：9
[2026-07-01 14:20:38.454][INF] [cfg=Default] [DungeonFloorSelect] 验证结果：99
[2026-07-01 14:20:38.454][INF] [cfg=Default] [DungeonFloorSelect] 层数选择完成
[2026-07-01 14:21:09.782][INF] [cfg=Default][inst=配置 1/default][src=Worker][op=ExecuteTaskQueue] >>> 任务 队列任务完成（异步）。
[2026-07-01 14:21:10.283][INF] [cfg=Default][inst=配置 1/default][src=Monitor][op=MonitorLog] 开始任务：地下城
[2026-07-01 14:21:10.284][INF] [cfg=Default][inst=配置 1/default][src=Worker][op=ExecuteTaskQueue] >>> 任务 队列任务开始（异步）。
[2026-07-01 14:21:36.494][INF] [cfg=Default][inst=配置 1/default][src=Worker][op=ExecuteTaskQueue] >>> 任务 队列任务完成（异步）。
[2026-07-01 14:21:36.997][INF] [cfg=Default][inst=配置 1/default][src=Worker][op=ExecuteTaskQueue] >>> 任务 启动附加结束脚本开始（异步）。
[2026-07-01 14:21:36.997][INF] [cfg=Default][inst=配置 1/default][src=Worker][op=ExecuteTaskQueue] >>> 任务 启动附加结束脚本完成（异步）。
[2026-07-01 14:21:37.008][INF] [cfg=Default][inst=配置 1/default][src=Worker][op=ExecuteTaskQueue] >>> 任务 启动检测开始（异步）。
[2026-07-01 14:21:37.009][INF] [cfg=Default][inst=配置 1/default][src=Worker][op=ExecuteTaskQueue] 开始执行更新任务：名称=查询CDK
[2026-07-01 14:21:37.009][INF] [cfg=Default][inst=配置 1/default][src=Worker][op=ExecuteTaskQueue] 更新任务完成：名称=查询CDK
[2026-07-01 14:21:37.010][INF] [cfg=Default][inst=配置 1/default][src=Worker][op=ExecuteTaskQueue] 开始执行更新任务：名称=更新资源
[2026-07-01 14:21:38.423][INF] [cfg=Default][inst=配置 1/default][src=Worker][op=ExecuteTaskQueue] 目标系统：平台=win，系统家族=windows，架构=x64
[2026-07-01 14:21:39.377][INF] [cfg=Default][inst=配置 1/default][src=Worker][op=ExecuteTaskQueue] 候选资产优先级：名称=aatl-v0.5.3.zip，优先级=0
[2026-07-01 14:21:39.388][INF] [cfg=Default][inst=配置 1/default][src=Worker][op=ExecuteTaskQueue] 更新任务完成：名称=更新资源
[2026-07-01 14:21:39.389][INF] [cfg=Default][inst=配置 1/default][src=Worker][op=ExecuteTaskQueue] >>> 任务 启动检测完成（异步）。
[2026-07-01 14:21:39.389][INF] [cfg=Default][inst=配置 1/default][src=Worker][op=ExecuteTaskQueue] >>> 任务 启动任务完成（异步）。
[2026-07-01 14:21:39.401][INF] [cfg=Default][inst=配置 1/default][src=Worker][op=StopTask] 停止前状态：SUCCEEDED
[2026-07-01 14:21:39.403][INF] [cfg=Default][inst=配置 1/default][src=Worker][op=StopTask] >>> 任务 停止maafw任务开始（异步）。
[2026-07-01 14:21:39.406][INF] [cfg=Default][inst=配置 1/default][src=Worker][op=StopTask] >>> 任务 播放音频开始。
[2026-07-01 14:21:39.525][INF] [cfg=Default][inst=配置 1/default][src=Worker][op=StopTask] >>> 任务 播放音频完成。
[2026-07-01 14:21:39.580][INF] [cfg=Default][inst=配置 1/default][src=Monitor][op=MonitorLog] 任务已全部完成！
(用时 0h 1m 16s)
[2026-07-01 14:21:39.625][INF] [cfg=Default] 应用已关闭
[2026-07-01 14:21:39.628][INF] [cfg=Default] 已释放自定义类目录监听器。
[2026-07-01 14:21:48.938][INF] 正在加载配置列表...
[2026-07-01 14:21:48.967][INF] 应用安装目录：F:\AATL-v0.5.4-beta\AATL
[2026-07-01 14:21:48.967][INF] 应用数据目录：F:\AATL-v0.5.4-beta\AATL
[2026-07-01 14:21:48.967][INF] 是否使用独立数据目录：False
[2026-07-01 14:21:48.967][INF] 配置目录：F:\AATL-v0.5.4-beta\AATL\resource\config
[2026-07-01 14:21:48.967][INF] 是否使用本地配置目录：True
[2026-07-01 14:21:48.967][INF] 日志目录：F:\AATL-v0.5.4-beta\AATL\debug\logs
[2026-07-01 14:21:48.967][INF] 备份文件数量：0
[2026-07-01 14:21:48.967][INF] 临时目录是否存在：True
[2026-07-01 14:21:48.967][INF] [cfg=Default] 应用安装目录：F:\AATL-v0.5.4-beta\AATL
[2026-07-01 14:21:48.967][INF] [cfg=Default] 应用数据目录：F:\AATL-v0.5.4-beta\AATL
[2026-07-01 14:21:48.967][INF] [cfg=Default] 是否使用独立数据目录：False
[2026-07-01 14:21:48.967][INF] [cfg=Default] 配置目录：F:\AATL-v0.5.4-beta\AATL\resource\config
[2026-07-01 14:21:48.967][INF] [cfg=Default] 是否使用本地配置目录：True
[2026-07-01 14:21:48.967][INF] [cfg=Default] 日志目录：F:\AATL-v0.5.4-beta\AATL\debug\logs
[2026-07-01 14:21:48.967][INF] [cfg=Default] 备份文件数量：0
[2026-07-01 14:21:48.967][INF] [cfg=Default] 临时目录是否存在：True
[2026-07-01 14:21:48.973][INF] [cfg=Default] 已通过 Windows API 添加 DLL 搜索目录：F:\AATL-v0.5.4-beta\AATL\runtimes/libs
[2026-07-01 14:21:48.973][INF] [cfg=Default] 库解析器初始化完成：libsPath=F:\AATL-v0.5.4-beta\AATL\runtimes/libs，目录存在=True
[2026-07-01 14:21:48.975][INF] [cfg=Default] 检测到 MaaFramework 运行时目录：数量=1，路径=[F:\AATL-v0.5.4-beta\AATL\runtimes\win-x64\native]
[2026-07-01 14:21:48.978][INF] [cfg=Default] 启动参数：数量=0，内容=[]
[2026-07-01 14:21:48.978][INF] [cfg=Default] 程序版本：v2.12.2-beta.1
[2026-07-01 14:21:48.978][INF] [cfg=Default] .NET 运行时：.NET 10.0.9
[2026-07-01 14:21:49.798][INF] [cfg=Default] 开始初始化语言管理器。
[2026-07-01 14:21:49.984][INF] [cfg=Default] 当前配置：Default
[2026-07-01 14:21:50.049][INF] [cfg=Default] 已恢复系统休眠。
[2026-07-01 14:21:50.053][INF] [cfg=Default] 热键主进程选举：已成为主进程（创建了新的全局互斥锁）。
[2026-07-01 14:21:50.053][INF] [cfg=Default] 全局热键服务：作为主进程初始化。
[2026-07-01 14:21:50.066][INF] [cfg=Default] 热键 IPC 端口文件已保存：文件=C:\Users\18118\AppData\Local\Temp\MFAAvalonia\hotkey_ipc_port.txt
[2026-07-01 14:21:50.066][INF] [cfg=Default] 热键 IPC 服务端已启动：端口=52718
[2026-07-01 14:21:50.078][INF] [cfg=Default] [内存管理]释放了3.80 MB（56.1%)
[2026-07-01 14:21:50.155][WRN] [cfg=Default] 界面资源接口尚未初始化完成。
[2026-07-01 14:21:50.167][INF] [cfg=Default] [调试] instances 目录中实际存在的实例文件数量：1, ID列表：[default]
[2026-07-01 14:21:50.252][INF] [cfg=Default] 本地更新包按钮可见性已刷新：来源=config.Debug(string)，原始值=，解析结果=False
[2026-07-01 14:21:50.253][INF] [cfg=Default] 资源版本：0.5.4
[2026-07-01 14:21:50.253][INF] [cfg=Default] MaaFramework 版本：v5.11.1
[2026-07-01 14:21:50.329][INF] [cfg=Default] [懒加载] 已加载当天有定时任务的实例
[2026-07-01 14:21:50.410][INF] [cfg=Default] 窗口大小已加载：宽度=1280，高度=700.6666666666666
[2026-07-01 14:21:50.420][INF] [cfg=Default] 窗口位置已加载：X=416，Y=191
[2026-07-01 14:21:50.922][WRN] [cfg=Default] 跨平台数据解密失败：参数错误。
[2026-07-01 14:21:50.928][ERR] [cfg=Default] 获取设备唯一标识失败：原因=System.Management currently is only supported for Windows desktop applications.
System.PlatformNotSupportedException: System.Management currently is only supported for Windows desktop applications.
   at System.Management.ManagementObjectSearcher..ctor(String queryString)
   at MFAAvalonia.Helper.SimpleEncryptionHelper.GetPlatformSpecificId()
[2026-07-01 14:21:50.944][ERR] [cfg=Default] 获取设备唯一标识失败：原因=System.Management currently is only supported for Windows desktop applications.
System.PlatformNotSupportedException: System.Management currently is only supported for Windows desktop applications.
   at System.Management.ManagementObjectSearcher..ctor(String queryString)
   at MFAAvalonia.Helper.SimpleEncryptionHelper.GetPlatformSpecificId()
[2026-07-01 14:21:50.945][WRN] [cfg=Default] 跨平台数据解密失败：The input is not a valid Base-64 string as it contains a non-base 64 character, more than two padding characters, or an illegal character among the padding characters.
[2026-07-01 14:21:50.945][ERR] [cfg=Default] 获取设备唯一标识失败：原因=System.Management currently is only supported for Windows desktop applications.
System.PlatformNotSupportedException: System.Management currently is only supported for Windows desktop applications.
   at System.Management.ManagementObjectSearcher..ctor(String queryString)
   at MFAAvalonia.Helper.SimpleEncryptionHelper.GetPlatformSpecificId()
[2026-07-01 14:21:50.945][ERR] [cfg=Default] 获取设备唯一标识失败：原因=System.Management currently is only supported for Windows desktop applications.
System.PlatformNotSupportedException: System.Management currently is only supported for Windows desktop applications.
   at System.Management.ManagementObjectSearcher..ctor(String queryString)
   at MFAAvalonia.Helper.SimpleEncryptionHelper.GetPlatformSpecificId()
[2026-07-01 14:21:51.018][INF] [cfg=Default] 本地更新包按钮可见性已刷新：来源=config.Debug(string)，原始值=，解析结果=False
[2026-07-01 14:21:51.019][INF] [cfg=Default] 设置页调试卡片可见性已应用：False
[2026-07-01 14:21:51.200][INF] [cfg=Default] [调试] instances 目录中实际存在的实例文件数量：1, ID列表：[default]
[2026-07-01 14:21:51.212][INF] [cfg=Default] [懒加载] 已加载当天有定时任务的实例
[2026-07-01 14:21:51.599][INF] [cfg=Default] [懒加载] 所有实例加载完成
[2026-07-01 14:21:51.600][INF] [cfg=Default] [懒加载] 所有实例加载完成
[2026-07-01 14:21:51.679][INF] [cfg=Default] 界面初始化开始
[2026-07-01 14:21:51.815][INF] [cfg=Default][inst=配置 1/default][src=UI][op=ChangeResource] 当前资源变更：resource=, controller=Adb
[2026-07-01 14:21:51.817][INF] [cfg=Default][inst=配置 1/default][src=UI][op=ChangeResource] 当前资源变更：resource=刀剑乱舞, controller=Adb
[2026-07-01 14:21:51.822][INF] [cfg=Default][inst=配置 1/default][src=UI][op=ChangeResource] 当前资源变更：resource=, controller=Adb
[2026-07-01 14:21:51.823][INF] [cfg=Default][inst=配置 1/default][src=UI][op=ChangeResource] 当前资源变更：resource=刀剑乱舞, controller=Adb
[2026-07-01 14:21:52.323][INF] [cfg=Default] >>> 任务 公告和最新版本检测开始（异步）。
[2026-07-01 14:21:52.700][ERR] [cfg=Default] 配置保存失败：default.json
System.IO.IOException: The process cannot access the file 'F:\AATL-v0.5.4-beta\AATL\resource\config\instances\default.json' because it is being used by another process.
   at Microsoft.Win32.SafeHandles.SafeFileHandle.CreateFile(String fullPath, FileMode mode, FileAccess access, FileShare share, FileOptions options)
   at Microsoft.Win32.SafeHandles.SafeFileHandle.Open(String fullPath, FileMode mode, FileAccess access, FileShare share, FileOptions options, Int64 preallocationSize, Nullable`1 unixCreateMode)
   at System.IO.File.OpenHandle(String path, FileMode mode, FileAccess access, FileShare share, FileOptions options, Int64 preallocationSize)
   at System.IO.File.WriteToFile(String path, FileMode mode, ReadOnlySpan`1 contents, Encoding encoding)
   at System.IO.File.WriteAllText(String path, String contents, Encoding encoding)
   at MFAAvalonia.Helper.JsonHelper.SaveJson[T](String filePath, T config, JsonConverter[] converters)
[2026-07-01 14:21:52.757][INF] [cfg=Default][inst=配置 1/default][src=Worker][op=ExecuteTaskQueue] 准备执行任务队列：任务数量=1
[2026-07-01 14:21:52.768][INF] [cfg=Default][inst=配置 1/default][src=Worker][op=ExecuteTaskQueue] [任务管线合并] 任务#1 名称=[地下城] 入口=[Underground] 参数=[
  {},
  {
    "U_SelectFloor"：{
      "on_error"：[
        "U_DetectWhereAmI"
      ],
      "custom_action_param"：{
        "target_floor"：99,
        "tens_roi"：[
          985,
          303,
          60,
          99
        ],
        "ones_roi"：[
          1053,
          303,
          60,
          99
        ],
        "tens_up"：[
          988,
          275,
          54,
          18
        ],
        "tens_down"：[
          988,
          412,
          54,
          18
        ],
        "ones_up"：[
          1058,
          275,
          54,
          18
        ],
        "ones_down"：[
          1058,
          412,
          54,
          18
        ]
      }
    }
  },
  {
    "U_IsRepair"：{
      "enabled"：true
    },
    "U_IsStopOnDamage"：{
      "enabled"：false
    },
    "U_IsPreDamage1"：{
      "enabled"：true
    },
    "U_IsPreDamage2"：{
      "enabled"：true
    },
    "U_StopOnDamagePopup"：{
      "enabled"：false
    },
    "U_StopOnDamageText"：{
      "enabled"：false
    }
  },
  {
    "U_ClickTeam"：{
      "target"：[
        282,
        94,
        1,
        1
      ]
    }
  },
  {
    "U_IsFormationSelect"：{
      "enabled"：false
    }
  },
  {
    "U_GoHomeAfterRound"：{
      "enabled"：true
    },
    "U_ContinueNextRound"：{
      "enabled"：false
    },
    "U_ConfirmReturnHome"：{
      "next"：[]
    }
  },
  {
    "U_IsSwordSelect"：{
      "enabled"：true
    },
    "U_DetectSortOrder"：{
      "enabled"：true
    },
    "U_ClickDescending"：{
      "enabled"：true
    },
    "U_ConfirmSortAsc"：{
      "enabled"：true
    },
    "U_ClickCaptain1"：{
      "enabled"：true
    },
    "U_ClickCaptain2"：{
      "enabled"：true
    },
    "U_ClickCaptain3"：{
      "enabled"：true
    },
    "U_ClickCaptain4"：{
      "enabled"：true
    },
    "U_ClickCaptain5"：{
      "enabled"：true
    },
    "U_ClickCaptainSlot"：{
      "enabled"：true
    }
  }
]
[2026-07-01 14:21:53.211][INF] [cfg=Default][inst=配置 1/default][src=Worker][op=ExecuteTaskQueue] >>> 任务 启动任务开始（异步）。
[2026-07-01 14:21:53.240][WRN] [cfg=Default][inst=配置 1/default][src=Worker][op=ExecuteTaskQueue] 已跳过启动程序，因为文件不存在：C:\Users\18118\AppData\Roaming\Microsoft\Windows\Start Menu\Programs\MuMu模拟器
[2026-07-01 14:21:53.269][INF] [cfg=Default][inst=配置 1/default][src=Worker][op=ExecuteTaskQueue] 严格匹配模式已启用，持续按已保存设备指纹匹配 ADB 设备。
[2026-07-01 14:21:53.270][INF] [cfg=Default][inst=配置 1/default][src=Worker][op=ExecuteTaskQueue] 已保存设备的指纹：MuMu安卓设备-MuMuPlayer12 v5|0|127.0.0.1|16384
[2026-07-01 14:21:53.388][INF] [cfg=Default][inst=配置 1/default][src=Worker][op=ExecuteTaskQueue] 按指纹匹配到的设备数量：1
[2026-07-01 14:21:53.388][INF] [cfg=Default][inst=配置 1/default][src=Worker][op=ExecuteTaskQueue] 已通过指纹匹配到设备：名称=MuMu安卓设备-MuMuPlayer12 v5，ADB 序列号=127.0.0.1:16384
[2026-07-01 14:21:53.393][INF] [cfg=Default][inst=配置 1/default][src=Worker][op=ExecuteTaskQueue] >>> 任务 启动附加开始脚本开始（异步）。
[2026-07-01 14:21:53.394][INF] [cfg=Default][inst=配置 1/default][src=Worker][op=ExecuteTaskQueue] >>> 任务 启动附加开始脚本完成（异步）。
[2026-07-01 14:21:53.395][INF] [cfg=Default][inst=配置 1/default][src=UI][op=ChangeDevice] 当前连接目标变更：controller=Adb, resource=刀剑乱舞, device=MuMu安卓设备-MuMuPlayer12 v5（127.0.0.1:16384)
[2026-07-01 14:21:53.414][INF] [cfg=Default][inst=配置 1/default][src=Monitor][op=MonitorLog] 正在连接至模拟器......
[2026-07-01 14:21:53.416][INF] [cfg=Default][inst=配置 1/default][src=Worker][op=ExecuteTaskQueue] 正在载入资源
[2026-07-01 14:21:53.416][INF] [cfg=Default][inst=配置 1/default][src=Worker][op=ExecuteTaskQueue] 资源路径：F:\AATL-v0.5.4-beta\AATL\resource\base
[2026-07-01 14:21:53.417][INF] [cfg=Default][inst=配置 1/default][src=Worker][op=ExecuteTaskQueue] >>> 任务 资源检测开始（异步）。
[2026-07-01 14:21:53.556][INF] [cfg=Default][inst=配置 1/default][src=Worker][op=ExecuteTaskQueue] >>> 任务 资源检测完成（异步）。
[2026-07-01 14:21:53.558][INF] [cfg=Default][inst=配置 1/default][src=Worker][op=ExecuteTaskQueue] 启用 GPU 推理：成功
[2026-07-01 14:21:53.558][INF] [cfg=Default][inst=配置 1/default][src=Worker][op=ExecuteTaskQueue] GPU acceleration: Auto
[2026-07-01 14:21:53.558][INF] [cfg=Default][inst=配置 1/default][src=Worker][op=ExecuteTaskQueue] >>> 任务 控制器检测开始（异步）。
[2026-07-01 14:21:53.559][INF] [cfg=Default][inst=配置 1/default][src=Worker][op=ExecuteTaskQueue] 正在加载 MAA 控制器配置...
[2026-07-01 14:21:53.561][INF] [cfg=Default][inst=配置 1/default][src=Worker][op=ExecuteTaskQueue] 触控模式:Default,捕获模式:EmulatorExtras
[2026-07-01 14:21:53.561][INF] [cfg=Default][inst=配置 1/default][src=Worker][op=ExecuteTaskQueue] 设备名称：MuMu安卓设备-MuMuPlayer12 v5
[2026-07-01 14:21:53.561][INF] [cfg=Default][inst=配置 1/default][src=Worker][op=ExecuteTaskQueue] ADB 路径：D:/Program Files/Netease/MuMu/nx_main/adb.exe
[2026-07-01 14:21:53.561][INF] [cfg=Default][inst=配置 1/default][src=Worker][op=ExecuteTaskQueue] ADB 序列号：127.0.0.1:16384
[2026-07-01 14:21:53.561][INF] [cfg=Default][inst=配置 1/default][src=Worker][op=ExecuteTaskQueue] 截图模式：EmulatorExtras
[2026-07-01 14:21:53.561][INF] [cfg=Default][inst=配置 1/default][src=Worker][op=ExecuteTaskQueue] 输入模式：Default
[2026-07-01 14:21:53.561][INF] [cfg=Default][inst=配置 1/default][src=Worker][op=ExecuteTaskQueue] 控制器配置：{"extras":{"mumu":{"enable":true,"index":0,"path":"D:/Program Files/Netease/MuMu"}}
[2026-07-01 14:21:53.752][INF] [cfg=Default] 公告数量：2
[2026-07-01 14:21:53.957][INF] [cfg=Default] >>> 任务 公告和最新版本检测完成（异步）。
[2026-07-01 14:21:54.353][INF] [cfg=Default][inst=配置 1/default][src=Worker][op=ExecuteTaskQueue] >>> 任务 控制器检测完成（异步）。
[2026-07-01 14:21:55.355][INF] [cfg=Default][inst=配置 1/default][src=Worker][op=ExecuteTaskQueue] 已注册内置特殊任务动作。
[2026-07-01 14:21:55.367][INF] [cfg=Default][inst=配置 1/default][src=Worker][op=ExecuteTaskQueue] 已启动自定义类目录监听：目录=F:\AATL-v0.5.4-beta\AATL\resource\base\custom
[2026-07-01 14:21:55.370][INF] [cfg=Default][inst=配置 1/default][src=Worker][op=ExecuteTaskQueue] 开始解析自定义类：名称=DamageLogAction，文件=F:\AATL-v0.5.4-beta\AATL\resource\base\custom\DamageLogAction.cs
[2026-07-01 14:21:56.812][INF] [cfg=Default][inst=配置 1/default][src=Worker][op=ExecuteTaskQueue] 已成功加载自定义类：名称=DamageLogAction，文件=F:\AATL-v0.5.4-beta\AATL\resource\base\custom\DamageLogAction.cs
[2026-07-01 14:21:56.812][INF] [cfg=Default][inst=配置 1/default][src=Worker][op=ExecuteTaskQueue] 开始解析自定义类：名称=DispatchLogAction，文件=F:\AATL-v0.5.4-beta\AATL\resource\base\custom\DispatchLogAction.cs
[2026-07-01 14:21:57.092][INF] [cfg=Default][inst=配置 1/default][src=Worker][op=ExecuteTaskQueue] 已成功加载自定义类：名称=DispatchLogAction，文件=F:\AATL-v0.5.4-beta\AATL\resource\base\custom\DispatchLogAction.cs
[2026-07-01 14:21:57.092][INF] [cfg=Default][inst=配置 1/default][src=Worker][op=ExecuteTaskQueue] 开始解析自定义类：名称=DungeonFloorSelectAction，文件=F:\AATL-v0.5.4-beta\AATL\resource\base\custom\DungeonFloorSelectAction.cs
[2026-07-01 14:21:57.268][INF] [cfg=Default][inst=配置 1/default][src=Worker][op=ExecuteTaskQueue] 已成功加载自定义类：名称=DungeonFloorSelectAction，文件=F:\AATL-v0.5.4-beta\AATL\resource\base\custom\DungeonFloorSelectAction.cs
[2026-07-01 14:21:57.268][INF] [cfg=Default][inst=配置 1/default][src=Worker][op=ExecuteTaskQueue] 开始解析自定义类：名称=ExpeditionMapSelectAction，文件=F:\AATL-v0.5.4-beta\AATL\resource\base\custom\ExpeditionMapSelectAction.cs
[2026-07-01 14:21:57.319][INF] [cfg=Default][inst=配置 1/default][src=Worker][op=ExecuteTaskQueue] 已成功加载自定义类：名称=ExpeditionMapSelectAction，文件=F:\AATL-v0.5.4-beta\AATL\resource\base\custom\ExpeditionMapSelectAction.cs
[2026-07-01 14:21:57.319][INF] [cfg=Default][inst=配置 1/default][src=Worker][op=ExecuteTaskQueue] 已注册自定义动作：DamageLogAction
[2026-07-01 14:21:57.320][INF] [cfg=Default][inst=配置 1/default][src=Worker][op=ExecuteTaskQueue] 已注册自定义动作：DispatchLogAction
[2026-07-01 14:21:57.320][INF] [cfg=Default][inst=配置 1/default][src=Worker][op=ExecuteTaskQueue] 已注册自定义动作：DungeonFloorSelectAction
[2026-07-01 14:21:57.320][INF] [cfg=Default][inst=配置 1/default][src=Worker][op=ExecuteTaskQueue] 已注册自定义动作：ExpeditionMapSelectAction
[2026-07-01 14:21:57.320][INF] [cfg=Default][inst=配置 1/default][src=Worker][op=ExecuteTaskQueue] 未找到自定义目录：F:\AATL-v0.5.4-beta\AATL\resource\custom
[2026-07-01 14:21:57.320][INF] [cfg=Default][inst=配置 1/default][src=Worker][op=ExecuteTaskQueue] 连接状态变更：已连接。
[2026-07-01 14:21:57.321][INF] [cfg=Default][inst=配置 1/default][src=Worker][op=ExecuteTaskQueue] MaaFW 调试模式：False
[2026-07-01 14:21:59.048][INF] [cfg=Default][inst=配置 1/default][src=Worker][op=ExecuteTaskQueue] >>> 任务 截图测试开始（异步）。
[2026-07-01 14:21:59.108][INF] [cfg=Default][inst=配置 1/default][src=Worker][op=ExecuteTaskQueue] >>> 任务 截图测试完成（异步）。
[2026-07-01 14:21:59.108][INF] [cfg=Default][inst=配置 1/default][src=Monitor][op=MonitorLog] 截图耗时：28ms(EmulatorExtras)
[2026-07-01 14:21:59.109][INF] [cfg=Default][inst=配置 1/default][src=Monitor][op=MonitorLog] 开始任务：地下城
[2026-07-01 14:21:59.114][INF] [cfg=Default][inst=配置 1/default][src=Worker][op=ExecuteTaskQueue] >>> 任务 队列任务开始（异步）。
[2026-07-01 14:22:26.359][INF] [cfg=Default][inst=配置 1/default][src=Worker][op=ExecuteTaskQueue] >>> 任务 队列任务完成（异步）。
[2026-07-01 14:22:26.861][INF] [cfg=Default][inst=配置 1/default][src=Monitor][op=MonitorLog] 开始任务：地下城
[2026-07-01 14:22:26.863][INF] [cfg=Default][inst=配置 1/default][src=Worker][op=ExecuteTaskQueue] >>> 任务 队列任务开始（异步）。
[2026-07-01 14:22:53.038][INF] [cfg=Default][inst=配置 1/default][src=Worker][op=ExecuteTaskQueue] >>> 任务 队列任务完成（异步）。
[2026-07-01 14:22:53.544][INF] [cfg=Default][inst=配置 1/default][src=Worker][op=ExecuteTaskQueue] >>> 任务 启动附加结束脚本开始（异步）。
[2026-07-01 14:22:53.545][INF] [cfg=Default][inst=配置 1/default][src=Worker][op=ExecuteTaskQueue] >>> 任务 启动附加结束脚本完成（异步）。
[2026-07-01 14:22:53.554][INF] [cfg=Default][inst=配置 1/default][src=Worker][op=ExecuteTaskQueue] >>> 任务 启动检测开始（异步）。
[2026-07-01 14:22:53.555][INF] [cfg=Default][inst=配置 1/default][src=Worker][op=ExecuteTaskQueue] 开始执行更新任务：名称=查询CDK
[2026-07-01 14:22:53.555][INF] [cfg=Default][inst=配置 1/default][src=Worker][op=ExecuteTaskQueue] 更新任务完成：名称=查询CDK
[2026-07-01 14:22:53.555][INF] [cfg=Default][inst=配置 1/default][src=Worker][op=ExecuteTaskQueue] 开始执行更新任务：名称=更新资源
[2026-07-01 14:22:55.051][INF] [cfg=Default][inst=配置 1/default][src=Worker][op=ExecuteTaskQueue] 目标系统：平台=win，系统家族=windows，架构=x64
[2026-07-01 14:22:56.041][INF] [cfg=Default][inst=配置 1/default][src=Worker][op=ExecuteTaskQueue] 候选资产优先级：名称=aatl-v0.5.3.zip，优先级=0
[2026-07-01 14:22:56.048][INF] [cfg=Default][inst=配置 1/default][src=Worker][op=ExecuteTaskQueue] 更新任务完成：名称=更新资源
[2026-07-01 14:22:56.048][INF] [cfg=Default][inst=配置 1/default][src=Worker][op=ExecuteTaskQueue] >>> 任务 启动检测完成（异步）。
[2026-07-01 14:22:56.048][INF] [cfg=Default][inst=配置 1/default][src=Worker][op=ExecuteTaskQueue] >>> 任务 启动任务完成（异步）。
[2026-07-01 14:22:56.049][INF] [cfg=Default][inst=配置 1/default][src=Worker][op=StopTask] 停止前状态：SUCCEEDED
[2026-07-01 14:22:56.051][INF] [cfg=Default][inst=配置 1/default][src=Worker][op=StopTask] >>> 任务 停止maafw任务开始（异步）。
[2026-07-01 14:22:56.054][INF] [cfg=Default][inst=配置 1/default][src=Worker][op=StopTask] >>> 任务 播放音频开始。
[2026-07-01 14:22:56.172][INF] [cfg=Default][inst=配置 1/default][src=Worker][op=StopTask] >>> 任务 播放音频完成。
[2026-07-01 14:22:56.180][INF] [cfg=Default][inst=配置 1/default][src=Monitor][op=MonitorLog] 任务已全部完成！
(用时 0h 1m 3s)
[2026-07-01 14:22:56.241][INF] [cfg=Default] 应用已关闭
[2026-07-01 14:22:56.245][INF] [cfg=Default] 已释放自定义类目录监听器。
