[2026-07-03 19:16:23.612][INF] 正在加载配置列表...
[2026-07-03 19:16:23.635][INF] 应用安装目录：D:\Claude_Workspace\AATL
[2026-07-03 19:16:23.635][INF] 应用数据目录：D:\Claude_Workspace\AATL
[2026-07-03 19:16:23.635][INF] 是否使用独立数据目录：False
[2026-07-03 19:16:23.635][INF] 配置目录：D:\Claude_Workspace\AATL\resource\config
[2026-07-03 19:16:23.635][INF] 是否使用本地配置目录：True
[2026-07-03 19:16:23.635][INF] 日志目录：D:\Claude_Workspace\AATL\debug\logs
[2026-07-03 19:16:23.635][INF] 备份文件数量：0
[2026-07-03 19:16:23.635][INF] 临时目录是否存在：True
[2026-07-03 19:16:23.635][INF] [cfg=Default] 应用安装目录：D:\Claude_Workspace\AATL
[2026-07-03 19:16:23.636][INF] [cfg=Default] 应用数据目录：D:\Claude_Workspace\AATL
[2026-07-03 19:16:23.636][INF] [cfg=Default] 是否使用独立数据目录：False
[2026-07-03 19:16:23.636][INF] [cfg=Default] 配置目录：D:\Claude_Workspace\AATL\resource\config
[2026-07-03 19:16:23.636][INF] [cfg=Default] 是否使用本地配置目录：True
[2026-07-03 19:16:23.636][INF] [cfg=Default] 日志目录：D:\Claude_Workspace\AATL\debug\logs
[2026-07-03 19:16:23.636][INF] [cfg=Default] 备份文件数量：0
[2026-07-03 19:16:23.636][INF] [cfg=Default] 临时目录是否存在：True
[2026-07-03 19:16:23.641][INF] [cfg=Default] 已通过 Windows API 添加 DLL 搜索目录：D:\Claude_Workspace\AATL\runtimes/libs
[2026-07-03 19:16:23.642][INF] [cfg=Default] 库解析器初始化完成：libsPath=D:\Claude_Workspace\AATL\runtimes/libs，目录存在=True
[2026-07-03 19:16:23.645][INF] [cfg=Default] 检测到 MaaFramework 运行时目录：数量=1，路径=[D:\Claude_Workspace\AATL\runtimes\win-x64\native]
[2026-07-03 19:16:23.647][INF] [cfg=Default] 启动参数：数量=0，内容=[]
[2026-07-03 19:16:23.647][INF] [cfg=Default] 程序版本：v2.12.2-beta.1
[2026-07-03 19:16:23.647][INF] [cfg=Default] .NET 运行时：.NET 10.0.8
[2026-07-03 19:16:24.148][INF] [cfg=Default] 开始初始化语言管理器。
[2026-07-03 19:16:24.279][INF] [cfg=Default] 当前配置：Default
[2026-07-03 19:16:24.321][INF] [cfg=Default] 已恢复系统休眠。
[2026-07-03 19:16:24.324][INF] [cfg=Default] 热键主进程选举：已成为主进程（创建了新的全局互斥锁）。
[2026-07-03 19:16:24.324][INF] [cfg=Default] 全局热键服务：作为主进程初始化。
[2026-07-03 19:16:24.334][INF] [cfg=Default] 热键 IPC 端口文件已保存：文件=C:\Users\Alouette\AppData\Local\Temp\MFAAvalonia\hotkey_ipc_port.txt
[2026-07-03 19:16:24.334][INF] [cfg=Default] 热键 IPC 服务端已启动：端口=52718
[2026-07-03 19:16:24.348][INF] [cfg=Default] [内存管理]释放了1.15 MB（28.0%)
[2026-07-03 19:16:24.406][WRN] [cfg=Default] 界面资源接口尚未初始化完成。
[2026-07-03 19:16:24.415][INF] [cfg=Default] [调试] instances 目录中实际存在的实例文件数量：1, ID列表：[default]
[2026-07-03 19:16:24.485][INF] [cfg=Default] 本地更新包按钮可见性已刷新：来源=config.Debug(string)，原始值=，解析结果=False
[2026-07-03 19:16:24.486][INF] [cfg=Default] 资源版本：0.5.4
[2026-07-03 19:16:24.486][INF] [cfg=Default] MaaFramework 版本：v5.11.1
[2026-07-03 19:16:24.542][INF] [cfg=Default] [懒加载] 已加载当天有定时任务的实例
[2026-07-03 19:16:24.603][INF] [cfg=Default] 窗口大小已加载：宽度=1028，高度=650
[2026-07-03 19:16:24.611][INF] [cfg=Default] 窗口位置已加载：X=754，Y=262
[2026-07-03 19:16:24.901][WRN] [cfg=Default] 跨平台数据解密失败：参数错误。
[2026-07-03 19:16:24.959][WRN] [cfg=Default] 跨平台数据解密失败：The input is not a valid Base-64 string as it contains a non-base 64 character, more than two padding characters, or an illegal character among the padding characters.
[2026-07-03 19:16:25.004][INF] [cfg=Default] 本地更新包按钮可见性已刷新：来源=config.Debug(string)，原始值=，解析结果=False
[2026-07-03 19:16:25.004][INF] [cfg=Default] 设置页调试卡片可见性已应用：False
[2026-07-03 19:16:25.123][INF] [cfg=Default] [调试] instances 目录中实际存在的实例文件数量：1, ID列表：[default]
[2026-07-03 19:16:25.132][INF] [cfg=Default] [懒加载] 已加载当天有定时任务的实例
[2026-07-03 19:16:25.432][INF] [cfg=Default] [懒加载] 所有实例加载完成
[2026-07-03 19:16:25.432][INF] [cfg=Default] [懒加载] 所有实例加载完成
[2026-07-03 19:16:25.488][INF] [cfg=Default] 界面初始化开始
[2026-07-03 19:16:25.555][INF] [cfg=Default][inst=配置 1/default][src=UI][op=ChangeResource] 当前资源变更：resource=, controller=Adb
[2026-07-03 19:16:25.556][INF] [cfg=Default][inst=配置 1/default][src=UI][op=ChangeResource] 当前资源变更：resource=刀剑乱舞, controller=Adb
[2026-07-03 19:16:25.558][INF] [cfg=Default][inst=配置 1/default][src=UI][op=ChangeResource] 当前资源变更：resource=, controller=Adb
[2026-07-03 19:16:25.564][INF] [cfg=Default][inst=配置 1/default][src=UI][op=ChangeResource] 当前资源变更：resource=刀剑乱舞, controller=Adb
[2026-07-03 19:16:26.180][INF] [cfg=Default] >>> 任务 公告和最新版本检测开始（异步）。
[2026-07-03 19:16:26.543][INF] [cfg=Default] 正在从配置中读取已保存的 ADB 设备，并启用指纹匹配。
[2026-07-03 19:16:26.544][INF] [cfg=Default] 已保存设备的指纹：MuMu安卓设备-MuMuPlayer12 v5|0|127.0.0.1|16384
[2026-07-03 19:16:26.927][INF] [cfg=Default] 按指纹匹配到的设备数量：1
[2026-07-03 19:16:26.927][INF] [cfg=Default] 已通过指纹匹配到设备：名称=MuMu安卓设备-MuMuPlayer12 v5，ADB 序列号=127.0.0.1:16384
[2026-07-03 19:16:26.958][ERR] [cfg=Default] 配置保存失败：default.json
System.IO.IOException: The process cannot access the file 'D:\Claude_Workspace\AATL\resource\config\instances\default.json' because it is being used by another process.
   at Microsoft.Win32.SafeHandles.SafeFileHandle.CreateFile(String fullPath, FileMode mode, FileAccess access, FileShare share, FileOptions options)
   at Microsoft.Win32.SafeHandles.SafeFileHandle.Open(String fullPath, FileMode mode, FileAccess access, FileShare share, FileOptions options, Int64 preallocationSize, Nullable`1 unixCreateMode)
   at System.IO.File.OpenHandle(String path, FileMode mode, FileAccess access, FileShare share, FileOptions options, Int64 preallocationSize)
   at System.IO.File.WriteToFile(String path, FileMode mode, ReadOnlySpan`1 contents, Encoding encoding)
   at System.IO.File.WriteAllText(String path, String contents, Encoding encoding)
   at MFAAvalonia.Helper.JsonHelper.SaveJson[T](String filePath, T config, JsonConverter[] converters)
[2026-07-03 19:16:27.155][INF] [cfg=Default][inst=配置 1/default][src=Monitor][op=MonitorLog] 正在连接至模拟器......
[2026-07-03 19:16:27.192][INF] [cfg=Default][inst=配置 1/default][src=Worker][op=ExecuteTaskQueue] >>> 任务 启动任务开始（异步）。
[2026-07-03 19:16:27.245][INF] [cfg=Default][inst=配置 1/default][src=Worker][op=ExecuteTaskQueue] 正在载入资源
[2026-07-03 19:16:27.245][INF] [cfg=Default][inst=配置 1/default][src=Worker][op=ExecuteTaskQueue] 资源路径：D:\Claude_Workspace\AATL\resource\base
[2026-07-03 19:16:27.245][INF] [cfg=Default][inst=配置 1/default][src=Worker][op=ExecuteTaskQueue] >>> 任务 资源检测开始（异步）。
[2026-07-03 19:16:27.294][INF] [cfg=Default][inst=配置 1/default][src=Worker][op=ExecuteTaskQueue] >>> 任务 资源检测完成（异步）。
[2026-07-03 19:16:27.295][INF] [cfg=Default][inst=配置 1/default][src=Worker][op=ExecuteTaskQueue] 启用 GPU 推理：成功
[2026-07-03 19:16:27.295][INF] [cfg=Default][inst=配置 1/default][src=Worker][op=ExecuteTaskQueue] GPU acceleration: Auto
[2026-07-03 19:16:27.295][INF] [cfg=Default][inst=配置 1/default][src=Worker][op=ExecuteTaskQueue] >>> 任务 控制器检测开始（异步）。
[2026-07-03 19:16:27.296][INF] [cfg=Default][inst=配置 1/default][src=Worker][op=ExecuteTaskQueue] 正在加载 MAA 控制器配置...
[2026-07-03 19:16:27.298][INF] [cfg=Default][inst=配置 1/default][src=Worker][op=ExecuteTaskQueue] 触控模式:Default,捕获模式:Default
[2026-07-03 19:16:27.299][INF] [cfg=Default][inst=配置 1/default][src=Worker][op=ExecuteTaskQueue] 设备名称：
[2026-07-03 19:16:27.299][INF] [cfg=Default][inst=配置 1/default][src=Worker][op=ExecuteTaskQueue] ADB 路径：adb
[2026-07-03 19:16:27.299][INF] [cfg=Default][inst=配置 1/default][src=Worker][op=ExecuteTaskQueue] ADB 序列号：
[2026-07-03 19:16:27.299][INF] [cfg=Default][inst=配置 1/default][src=Worker][op=ExecuteTaskQueue] 截图模式：Default
[2026-07-03 19:16:27.299][INF] [cfg=Default][inst=配置 1/default][src=Worker][op=ExecuteTaskQueue] 输入模式：Default
[2026-07-03 19:16:27.299][INF] [cfg=Default][inst=配置 1/default][src=Worker][op=ExecuteTaskQueue] 控制器配置：{}
[2026-07-03 19:16:27.310][WRN] [cfg=Default][inst=配置 1/default][src=Worker][op=ExecuteTaskQueue] 初始化控制器时发生错误！
[2026-07-03 19:16:27.310][ERR] [cfg=Default][inst=配置 1/default][src=Worker][op=ExecuteTaskQueue] 初始化控制器失败：message=连接模拟器时发生错误！, reason=The value cannot be an empty string.（Parameter 'info.AdbSerial')
System.ArgumentException: The value cannot be an empty string. (Parameter 'info.AdbSerial')
   at System.ArgumentException.ThrowNullOrEmptyException(String argument, String paramName)
   at System.ArgumentException.ThrowIfNullOrEmpty(String argument, String paramName)
   at MaaFramework.Binding.MaaAdbController..ctor(AdbDeviceInfo info, LinkOption link, CheckStatusOption check)
   at MaaFramework.Binding.MaaAdbController..ctor(String adbPath, String adbSerial, AdbScreencapMethods screencapMethods, AdbInputMethods inputMethods, String config, String agentPath, LinkOption link, CheckStatusOption check)
   at MFAAvalonia.Extensions.MaaFW.MaaProcessor.InitializeController(MaaControllerTypes controllerType, Boolean logConfig)
   at MFAAvalonia.Extensions.MaaFW.MaaProcessor.<>c__DisplayClass143_0.<InitializeMaaTasker>b__7()
   at MFAAvalonia.Helper.TaskManager.<>c__DisplayClass6_0`1.<RunTaskAsync>b__0()
   at System.Threading.Tasks.Task`1.InnerInvoke()
   at System.Threading.ExecutionContext.RunFromThreadPoolDispatchLoop(Thread threadPoolThread, ExecutionContext executionContext, ContextCallback callback, Object state)
--- End of stack trace from previous location ---
   at System.Threading.ExecutionContext.RunFromThreadPoolDispatchLoop(Thread threadPoolThread, ExecutionContext executionContext, ContextCallback callback, Object state)
   at System.Threading.Tasks.Task.ExecuteWithThreadLocal(Task& currentTaskSlot, Thread threadPoolThread)
--- End of stack trace from previous location ---
   at MFAAvalonia.Helper.TaskManager.RunTaskAsync[TResult](Func`1 function, CancellationToken token, Action`1 handleError, String name, String prompt, Boolean catchException, Boolean shouldLog, Boolean noMessage)
[2026-07-03 19:16:27.310][INF] [cfg=Default][inst=配置 1/default][src=Worker][op=ExecuteTaskQueue] >>> 任务 控制器检测完成（异步）。
[2026-07-03 19:16:27.310][WRN] [cfg=Default][inst=配置 1/default][src=Worker][op=ExecuteTaskQueue] 控制器初始化结果为空，已中止本次连接尝试。
[2026-07-03 19:16:27.334][INF] [cfg=Default][inst=配置 1/default][src=Worker][op=ExecuteTaskQueue] >>> 任务 启动检测开始（异步）。
[2026-07-03 19:16:27.335][INF] [cfg=Default][inst=配置 1/default][src=Worker][op=ExecuteTaskQueue] 开始执行更新任务：名称=查询CDK
[2026-07-03 19:16:27.335][INF] [cfg=Default][inst=配置 1/default][src=Worker][op=ExecuteTaskQueue] 更新任务完成：名称=查询CDK
[2026-07-03 19:16:27.335][INF] [cfg=Default][inst=配置 1/default][src=Worker][op=ExecuteTaskQueue] 开始执行更新任务：名称=更新资源
[2026-07-03 19:16:27.464][INF] [cfg=Default][inst=配置 1/default][src=UI][op=ChangeDevice] 当前连接目标变更：controller=Adb, resource=刀剑乱舞, device=MuMu安卓设备-MuMuPlayer12 v5（127.0.0.1:16384)
[2026-07-03 19:16:27.487][INF] [cfg=Default] >>> 任务 公告和最新版本检测完成（异步）。
[2026-07-03 19:16:28.953][INF] [cfg=Default][inst=配置 1/default][src=Worker][op=ExecuteTaskQueue] 目标系统：平台=win，系统家族=windows，架构=x64
[2026-07-03 19:16:29.806][INF] [cfg=Default][inst=配置 1/default][src=Worker][op=ExecuteTaskQueue] 候选资产优先级：名称=aatl-v0.5.3-beta.zip，优先级=0
[2026-07-03 19:16:29.812][INF] [cfg=Default][inst=配置 1/default][src=Worker][op=ExecuteTaskQueue] 更新任务完成：名称=更新资源
[2026-07-03 19:16:29.812][INF] [cfg=Default][inst=配置 1/default][src=Worker][op=ExecuteTaskQueue] >>> 任务 启动检测完成（异步）。
[2026-07-03 19:16:29.812][INF] [cfg=Default][inst=配置 1/default][src=Worker][op=ExecuteTaskQueue] >>> 任务 启动任务完成（异步）。
[2026-07-03 19:16:29.813][INF] [cfg=Default][inst=配置 1/default][src=Worker][op=StopTask] 停止前状态：SUCCEEDED
[2026-07-03 19:16:29.814][INF] [cfg=Default][inst=配置 1/default][src=Worker][op=StopTask] >>> 任务 停止maafw任务开始（异步）。
[2026-07-03 19:16:29.816][INF] [cfg=Default][inst=配置 1/default][src=Monitor][op=MonitorLog] 任务已全部完成！
(用时 0h 0m 2s)
[2026-07-03 19:16:38.727][INF] [cfg=Default] >>> 任务 更新MFA开始（异步）。
[2026-07-03 19:16:40.168][INF] [cfg=Default] 已保存更新日志文件：文件=D:\Claude_Workspace\AATL\resource\Changelog.md，长度=960
[2026-07-03 19:16:40.169][INF] [cfg=Default] 目标系统：平台=win，系统家族=windows，架构=x64
[2026-07-03 19:16:41.005][INF] [cfg=Default] 候选资产优先级：名称=aatl-v0.5.4-alpha.zip，优先级=0
[2026-07-03 19:16:44.391][INF] [cfg=Default] [内存管理]释放了5.66 MB（7.6%)
[2026-07-03 19:17:16.768][INF] [cfg=Default] 已下载更新包到临时文件：文件=D:\Claude_Workspace\AATL\resource\temp\temp_res\resource_v0.5.4-alpha.zip
[2026-07-03 19:17:16.884][INF] [cfg=Default] SHA256 校验结果：文件=D:\Claude_Workspace\AATL\resource\temp\temp_res\resource_v0.5.4-alpha.zip，期望值=8e7c9ac0a16d21ce0517f5426493ff28ec071eedf0d31d540b9844fd05a0ddfc，通过=True
[2026-07-03 19:17:16.884][INF] [cfg=Default] 准备解压资源包：源文件=D:\Claude_Workspace\AATL\resource\temp\temp_res\resource_v0.5.4-alpha.zip，目标目录=D:\Claude_Workspace\AATL\resource\temp\temp_res\resource_v0.5.4-alpha_extracted
[2026-07-03 19:17:18.408][WRN] [cfg=Default] 更新包包含核心程序文件，将按二合一路径处理安装目录与数据目录：目录=D:\Claude_Workspace\AATL\resource\temp\temp_res\resource_v0.5.4-alpha_extracted\AATL
[2026-07-03 19:17:18.425][INF] [cfg=Default] 当前进程可执行文件：D:\Claude_Workspace\AATL\AATL.exe
[2026-07-03 19:17:18.426][ERR] [cfg=Default] 未找到 changes.json，无法执行增量更新：文件=D:\Claude_Workspace\AATL\resource\temp\temp_res\resource_v0.5.4-alpha_extracted\changes.json
[2026-07-03 19:17:18.426][INF] [cfg=Default] 全量更新
[2026-07-03 19:17:18.427][INF] [cfg=Default] 准备删除旧文件：文件=D:\Claude_Workspace\AATL\resource\mfa_layout.json
[2026-07-03 19:17:18.429][INF] [cfg=Default] 准备删除旧文件：文件=D:\Claude_Workspace\AATL\resource\announcement\1-v0.5.4.md
[2026-07-03 19:17:18.429][INF] [cfg=Default] 准备删除旧文件：文件=D:\Claude_Workspace\AATL\resource\announcement\2-长期公告.md
[2026-07-03 19:17:18.430][INF] [cfg=Default] 准备删除旧文件：文件=D:\Claude_Workspace\AATL\resource\base\default_pipeline.json
[2026-07-03 19:17:18.431][INF] [cfg=Default] 准备删除旧文件：文件=D:\Claude_Workspace\AATL\resource\config\appsettings.json
[2026-07-03 19:17:18.431][INF] [cfg=Default] 准备删除旧文件：文件=D:\Claude_Workspace\AATL\resource\config\config.json
[2026-07-03 19:17:18.432][INF] [cfg=Default] 准备删除旧文件：文件=D:\Claude_Workspace\AATL\resource\logo\AATL.ico
[2026-07-03 19:17:18.432][INF] [cfg=Default] 准备删除旧文件：文件=D:\Claude_Workspace\AATL\resource\logo\AATL.png
[2026-07-03 19:17:18.433][INF] [cfg=Default] 准备删除旧文件：文件=D:\Claude_Workspace\AATL\resource\base\custom\CaptainDamageAction.cs
[2026-07-03 19:17:18.433][INF] [cfg=Default] 准备删除旧文件：文件=D:\Claude_Workspace\AATL\resource\base\custom\DamageLogAction.cs
[2026-07-03 19:17:18.434][INF] [cfg=Default] 准备删除旧文件：文件=D:\Claude_Workspace\AATL\resource\base\custom\DispatchLogAction.cs
[2026-07-03 19:17:18.434][INF] [cfg=Default] 准备删除旧文件：文件=D:\Claude_Workspace\AATL\resource\base\custom\DungeonFloorSelectAction.cs
[2026-07-03 19:17:18.434][INF] [cfg=Default] 准备删除旧文件：文件=D:\Claude_Workspace\AATL\resource\base\custom\ExpeditionMapSelectAction.cs
[2026-07-03 19:17:18.435][INF] [cfg=Default] 准备删除旧文件：文件=D:\Claude_Workspace\AATL\resource\base\custom\TeamSwitchAction.cs
[2026-07-03 19:17:18.435][INF] [cfg=Default] 准备删除旧文件：文件=D:\Claude_Workspace\AATL\resource\base\image\使用记录.png
[2026-07-03 19:17:18.435][INF] [cfg=Default] 准备删除旧文件：文件=D:\Claude_Workspace\AATL\resource\base\image\公告弹窗.png
[2026-07-03 19:17:18.436][INF] [cfg=Default] 准备删除旧文件：文件=D:\Claude_Workspace\AATL\resource\base\image\内番报告.png
[2026-07-03 19:17:18.436][INF] [cfg=Default] 准备删除旧文件：文件=D:\Claude_Workspace\AATL\resource\base\image\出阵确认.png
[2026-07-03 19:17:18.436][INF] [cfg=Default] 准备删除旧文件：文件=D:\Claude_Workspace\AATL\resource\base\image\刀剑对话.png
[2026-07-03 19:17:18.437][INF] [cfg=Default] 准备删除旧文件：文件=D:\Claude_Workspace\AATL\resource\base\image\刀解确认.png
[2026-07-03 19:17:18.437][INF] [cfg=Default] 准备删除旧文件：文件=D:\Claude_Workspace\AATL\resource\base\image\即刻出阵.png
[2026-07-03 19:17:18.437][INF] [cfg=Default] 准备删除旧文件：文件=D:\Claude_Workspace\AATL\resource\base\image\合战场_行军.png
[2026-07-03 19:17:18.438][INF] [cfg=Default] 准备删除旧文件：文件=D:\Claude_Workspace\AATL\resource\base\image\合战场选中.png
[2026-07-03 19:17:18.438][INF] [cfg=Default] 准备删除旧文件：文件=D:\Claude_Workspace\AATL\resource\base\image\地下城.png
[2026-07-03 19:17:18.438][INF] [cfg=Default] 准备删除旧文件：文件=D:\Claude_Workspace\AATL\resource\base\image\地下城教程.png
[2026-07-03 19:17:18.439][INF] [cfg=Default] 准备删除旧文件：文件=D:\Claude_Workspace\AATL\resource\base\image\地域选择.png
[2026-07-03 19:17:18.439][INF] [cfg=Default] 准备删除旧文件：文件=D:\Claude_Workspace\AATL\resource\base\image\整备刀装.png
[2026-07-03 19:17:18.439][INF] [cfg=Default] 准备删除旧文件：文件=D:\Claude_Workspace\AATL\resource\base\image\时代选择.png
[2026-07-03 19:17:18.440][INF] [cfg=Default] 准备删除旧文件：文件=D:\Claude_Workspace\AATL\resource\base\image\本丸.png
[2026-07-03 19:17:18.440][INF] [cfg=Default] 准备删除旧文件：文件=D:\Claude_Workspace\AATL\resource\base\image\本丸远征.png
[2026-07-03 19:17:18.440][INF] [cfg=Default] 准备删除旧文件：文件=D:\Claude_Workspace\AATL\resource\base\image\检非.png
[2026-07-03 19:17:18.441][INF] [cfg=Default] 准备删除旧文件：文件=D:\Claude_Workspace\AATL\resource\base\image\江户城.png
[2026-07-03 19:17:18.441][INF] [cfg=Default] 准备删除旧文件：文件=D:\Claude_Workspace\AATL\resource\base\image\江户城_点1.png
[2026-07-03 19:17:18.441][INF] [cfg=Default] 准备删除旧文件：文件=D:\Claude_Workspace\AATL\resource\base\image\江户城_点2.png
[2026-07-03 19:17:18.442][INF] [cfg=Default] 准备删除旧文件：文件=D:\Claude_Workspace\AATL\resource\base\image\江户城_点3.png
[2026-07-03 19:17:18.442][INF] [cfg=Default] 准备删除旧文件：文件=D:\Claude_Workspace\AATL\resource\base\image\江户城_点4.png
[2026-07-03 19:17:18.442][INF] [cfg=Default] 准备删除旧文件：文件=D:\Claude_Workspace\AATL\resource\base\image\江户城地图点选择.png
[2026-07-03 19:17:18.443][INF] [cfg=Default] 准备删除旧文件：文件=D:\Claude_Workspace\AATL\resource\base\image\活动选中.png
[2026-07-03 19:17:18.443][INF] [cfg=Default] 准备删除旧文件：文件=D:\Claude_Workspace\AATL\resource\base\image\游戏图标.png
[2026-07-03 19:17:18.443][INF] [cfg=Default] 准备删除旧文件：文件=D:\Claude_Workspace\AATL\resource\base\image\游戏更新.png
[2026-07-03 19:17:18.443][INF] [cfg=Default] 准备删除旧文件：文件=D:\Claude_Workspace\AATL\resource\base\image\特殊掉落_地下城.png
[2026-07-03 19:17:18.444][INF] [cfg=Default] 准备删除旧文件：文件=D:\Claude_Workspace\AATL\resource\base\image\特殊掉落_江户城.png
[2026-07-03 19:17:18.444][INF] [cfg=Default] 准备删除旧文件：文件=D:\Claude_Workspace\AATL\resource\base\image\王点_2_1.png
[2026-07-03 19:17:18.444][INF] [cfg=Default] 准备删除旧文件：文件=D:\Claude_Workspace\AATL\resource\base\image\王点_2_2_1.png
[2026-07-03 19:17:18.445][INF] [cfg=Default] 准备删除旧文件：文件=D:\Claude_Workspace\AATL\resource\base\image\王点_2_2_2.png
[2026-07-03 19:17:18.445][INF] [cfg=Default] 准备删除旧文件：文件=D:\Claude_Workspace\AATL\resource\base\image\王点_2_3_1.png
[2026-07-03 19:17:18.445][INF] [cfg=Default] 准备删除旧文件：文件=D:\Claude_Workspace\AATL\resource\base\image\王点_2_3_2.png
[2026-07-03 19:17:18.446][INF] [cfg=Default] 准备删除旧文件：文件=D:\Claude_Workspace\AATL\resource\base\image\王点_2_4.png
[2026-07-03 19:17:18.446][INF] [cfg=Default] 准备删除旧文件：文件=D:\Claude_Workspace\AATL\resource\base\image\王点_3_1.png
[2026-07-03 19:17:18.446][INF] [cfg=Default] 准备删除旧文件：文件=D:\Claude_Workspace\AATL\resource\base\image\王点_3_2.png
[2026-07-03 19:17:18.447][INF] [cfg=Default] 准备删除旧文件：文件=D:\Claude_Workspace\AATL\resource\base\image\王点_3_3.png
[2026-07-03 19:17:18.447][INF] [cfg=Default] 准备删除旧文件：文件=D:\Claude_Workspace\AATL\resource\base\image\王点_3_4.png
[2026-07-03 19:17:18.447][INF] [cfg=Default] 准备删除旧文件：文件=D:\Claude_Workspace\AATL\resource\base\image\王点_4_1.png
[2026-07-03 19:17:18.448][INF] [cfg=Default] 准备删除旧文件：文件=D:\Claude_Workspace\AATL\resource\base\image\王点_4_2.png
[2026-07-03 19:17:18.448][INF] [cfg=Default] 准备删除旧文件：文件=D:\Claude_Workspace\AATL\resource\base\image\王点_4_3.png
[2026-07-03 19:17:18.449][INF] [cfg=Default] 准备删除旧文件：文件=D:\Claude_Workspace\AATL\resource\base\image\王点_4_4.png
[2026-07-03 19:17:18.449][INF] [cfg=Default] 准备删除旧文件：文件=D:\Claude_Workspace\AATL\resource\base\image\王点_5_1.png
[2026-07-03 19:17:18.449][INF] [cfg=Default] 准备删除旧文件：文件=D:\Claude_Workspace\AATL\resource\base\image\王点_5_3_1.png
[2026-07-03 19:17:18.450][INF] [cfg=Default] 准备删除旧文件：文件=D:\Claude_Workspace\AATL\resource\base\image\王点_5_3_2.png
[2026-07-03 19:17:18.450][INF] [cfg=Default] 准备删除旧文件：文件=D:\Claude_Workspace\AATL\resource\base\image\王点_5_4.png
[2026-07-03 19:17:18.451][INF] [cfg=Default] 准备删除旧文件：文件=D:\Claude_Workspace\AATL\resource\base\image\王点_6_1_1.png
[2026-07-03 19:17:18.451][INF] [cfg=Default] 准备删除旧文件：文件=D:\Claude_Workspace\AATL\resource\base\image\王点_6_2.png
[2026-07-03 19:17:18.451][INF] [cfg=Default] 准备删除旧文件：文件=D:\Claude_Workspace\AATL\resource\base\image\王点_6_3.png
[2026-07-03 19:17:18.452][INF] [cfg=Default] 准备删除旧文件：文件=D:\Claude_Workspace\AATL\resource\base\image\王点_6_4.png
[2026-07-03 19:17:18.452][INF] [cfg=Default] 准备删除旧文件：文件=D:\Claude_Workspace\AATL\resource\base\image\王点_7_1.png
[2026-07-03 19:17:18.452][INF] [cfg=Default] 准备删除旧文件：文件=D:\Claude_Workspace\AATL\resource\base\image\王点_7_2.png
[2026-07-03 19:17:18.453][INF] [cfg=Default] 准备删除旧文件：文件=D:\Claude_Workspace\AATL\resource\base\image\王点_7_3.png
[2026-07-03 19:17:18.453][INF] [cfg=Default] 准备删除旧文件：文件=D:\Claude_Workspace\AATL\resource\base\image\王点_8_1.png
[2026-07-03 19:17:18.453][INF] [cfg=Default] 准备删除旧文件：文件=D:\Claude_Workspace\AATL\resource\base\image\王点_8_2.png
[2026-07-03 19:17:18.454][INF] [cfg=Default] 准备删除旧文件：文件=D:\Claude_Workspace\AATL\resource\base\image\王点_8_3.png
[2026-07-03 19:17:18.454][INF] [cfg=Default] 准备删除旧文件：文件=D:\Claude_Workspace\AATL\resource\base\image\王点_8_4.png
[2026-07-03 19:17:18.454][INF] [cfg=Default] 准备删除旧文件：文件=D:\Claude_Workspace\AATL\resource\base\image\登录.png
[2026-07-03 19:17:18.455][INF] [cfg=Default] 准备删除旧文件：文件=D:\Claude_Workspace\AATL\resource\base\image\登录奖励.png
[2026-07-03 19:17:18.455][INF] [cfg=Default] 准备删除旧文件：文件=D:\Claude_Workspace\AATL\resource\base\image\空邮箱.png
[2026-07-03 19:17:18.456][INF] [cfg=Default] 准备删除旧文件：文件=D:\Claude_Workspace\AATL\resource\base\image\联队战.png
[2026-07-03 19:17:18.456][INF] [cfg=Default] 准备删除旧文件：文件=D:\Claude_Workspace\AATL\resource\base\image\菜单目录.png
[2026-07-03 19:17:18.456][INF] [cfg=Default] 准备删除旧文件：文件=D:\Claude_Workspace\AATL\resource\base\image\远征目的地选择.png
[2026-07-03 19:17:18.457][INF] [cfg=Default] 准备删除旧文件：文件=D:\Claude_Workspace\AATL\resource\base\image\道中_8_1.png
[2026-07-03 19:17:18.457][INF] [cfg=Default] 准备删除旧文件：文件=D:\Claude_Workspace\AATL\resource\base\image\道中_8_2.png
[2026-07-03 19:17:18.457][INF] [cfg=Default] 准备删除旧文件：文件=D:\Claude_Workspace\AATL\resource\base\image\道中_8_3.png
[2026-07-03 19:17:18.458][INF] [cfg=Default] 准备删除旧文件：文件=D:\Claude_Workspace\AATL\resource\base\image\道中_8_4.png
[2026-07-03 19:17:18.458][INF] [cfg=Default] 准备删除旧文件：文件=D:\Claude_Workspace\AATL\resource\base\image\部队记录.png
[2026-07-03 19:17:18.458][INF] [cfg=Default] 准备删除旧文件：文件=D:\Claude_Workspace\AATL\resource\base\image\部队记录使用确认.png
[2026-07-03 19:17:18.459][INF] [cfg=Default] 准备删除旧文件：文件=D:\Claude_Workspace\AATL\resource\base\image\重伤.png
[2026-07-03 19:17:18.459][INF] [cfg=Default] 准备删除旧文件：文件=D:\Claude_Workspace\AATL\resource\base\image\阵形选择.png
[2026-07-03 19:17:18.460][INF] [cfg=Default] 准备删除旧文件：文件=D:\Claude_Workspace\AATL\resource\base\pipeline\Disassemble.json
[2026-07-03 19:17:18.460][INF] [cfg=Default] 准备删除旧文件：文件=D:\Claude_Workspace\AATL\resource\base\pipeline\EdoCastle.json
[2026-07-03 19:17:18.460][INF] [cfg=Default] 准备删除旧文件：文件=D:\Claude_Workspace\AATL\resource\base\pipeline\Expedition.json
[2026-07-03 19:17:18.461][INF] [cfg=Default] 准备删除旧文件：文件=D:\Claude_Workspace\AATL\resource\base\pipeline\FlowerBrush.json
[2026-07-03 19:17:18.461][INF] [cfg=Default] 准备删除旧文件：文件=D:\Claude_Workspace\AATL\resource\base\pipeline\GoHome.json
[2026-07-03 19:17:18.461][INF] [cfg=Default] 准备删除旧文件：文件=D:\Claude_Workspace\AATL\resource\base\pipeline\LRentaisen.json
[2026-07-03 19:17:18.462][INF] [cfg=Default] 准备删除旧文件：文件=D:\Claude_Workspace\AATL\resource\base\pipeline\Mix.json
[2026-07-03 19:17:18.462][INF] [cfg=Default] 准备删除旧文件：文件=D:\Claude_Workspace\AATL\resource\base\pipeline\Sortie.json
[2026-07-03 19:17:18.462][INF] [cfg=Default] 准备删除旧文件：文件=D:\Claude_Workspace\AATL\resource\base\pipeline\Underground.json
[2026-07-03 19:17:18.463][INF] [cfg=Default] 准备删除旧文件：文件=D:\Claude_Workspace\AATL\resource\config\instances\default.json
[2026-07-03 19:17:18.463][INF] [cfg=Default] 准备删除旧文件：文件=D:\Claude_Workspace\AATL\resource\base\image\Sortie_boss\王点_2_1.png
[2026-07-03 19:17:18.464][INF] [cfg=Default] 准备删除旧文件：文件=D:\Claude_Workspace\AATL\resource\base\image\Sortie_boss\王点_2_2_1.png
[2026-07-03 19:17:18.464][INF] [cfg=Default] 准备删除旧文件：文件=D:\Claude_Workspace\AATL\resource\base\image\Sortie_boss\王点_2_2_2.png
[2026-07-03 19:17:18.465][INF] [cfg=Default] 准备删除旧文件：文件=D:\Claude_Workspace\AATL\resource\base\image\Sortie_boss\王点_2_3_1.png
[2026-07-03 19:17:18.465][INF] [cfg=Default] 准备删除旧文件：文件=D:\Claude_Workspace\AATL\resource\base\image\Sortie_boss\王点_2_3_2.png
[2026-07-03 19:17:18.465][INF] [cfg=Default] 准备删除旧文件：文件=D:\Claude_Workspace\AATL\resource\base\image\Sortie_boss\王点_2_3_3.png
[2026-07-03 19:17:18.466][INF] [cfg=Default] 准备删除旧文件：文件=D:\Claude_Workspace\AATL\resource\base\image\Sortie_boss\王点_2_4.png
[2026-07-03 19:17:18.466][INF] [cfg=Default] 准备删除旧文件：文件=D:\Claude_Workspace\AATL\resource\base\image\Sortie_boss\王点_3_1.png
[2026-07-03 19:17:18.466][INF] [cfg=Default] 准备删除旧文件：文件=D:\Claude_Workspace\AATL\resource\base\image\Sortie_boss\王点_3_2.png
[2026-07-03 19:17:18.467][INF] [cfg=Default] 准备删除旧文件：文件=D:\Claude_Workspace\AATL\resource\base\image\Sortie_boss\王点_3_3.png
[2026-07-03 19:17:18.467][INF] [cfg=Default] 准备删除旧文件：文件=D:\Claude_Workspace\AATL\resource\base\image\Sortie_boss\王点_3_4.png
[2026-07-03 19:17:18.468][INF] [cfg=Default] 准备删除旧文件：文件=D:\Claude_Workspace\AATL\resource\base\image\Sortie_boss\王点_4_1.png
[2026-07-03 19:17:18.468][INF] [cfg=Default] 准备删除旧文件：文件=D:\Claude_Workspace\AATL\resource\base\image\Sortie_boss\王点_4_2.png
[2026-07-03 19:17:18.468][INF] [cfg=Default] 准备删除旧文件：文件=D:\Claude_Workspace\AATL\resource\base\image\Sortie_boss\王点_4_3.png
[2026-07-03 19:17:18.469][INF] [cfg=Default] 准备删除旧文件：文件=D:\Claude_Workspace\AATL\resource\base\image\Sortie_boss\王点_4_4.png
[2026-07-03 19:17:18.469][INF] [cfg=Default] 准备删除旧文件：文件=D:\Claude_Workspace\AATL\resource\base\image\Sortie_boss\王点_5_1.png
[2026-07-03 19:17:18.469][INF] [cfg=Default] 准备删除旧文件：文件=D:\Claude_Workspace\AATL\resource\base\image\Sortie_boss\王点_5_3_1.png
[2026-07-03 19:17:18.470][INF] [cfg=Default] 准备删除旧文件：文件=D:\Claude_Workspace\AATL\resource\base\image\Sortie_boss\王点_5_3_2.png
[2026-07-03 19:17:18.470][INF] [cfg=Default] 准备删除旧文件：文件=D:\Claude_Workspace\AATL\resource\base\image\Sortie_boss\王点_5_4.png
[2026-07-03 19:17:18.470][INF] [cfg=Default] 准备删除旧文件：文件=D:\Claude_Workspace\AATL\resource\base\image\Sortie_boss\王点_5_4_2.png
[2026-07-03 19:17:18.471][INF] [cfg=Default] 准备删除旧文件：文件=D:\Claude_Workspace\AATL\resource\base\image\Sortie_boss\王点_6_1_1.png
[2026-07-03 19:17:18.471][INF] [cfg=Default] 准备删除旧文件：文件=D:\Claude_Workspace\AATL\resource\base\image\Sortie_boss\王点_6_2.png
[2026-07-03 19:17:18.471][INF] [cfg=Default] 准备删除旧文件：文件=D:\Claude_Workspace\AATL\resource\base\image\Sortie_boss\王点_6_3.png
[2026-07-03 19:17:18.472][INF] [cfg=Default] 准备删除旧文件：文件=D:\Claude_Workspace\AATL\resource\base\image\Sortie_boss\王点_6_4.png
[2026-07-03 19:17:18.472][INF] [cfg=Default] 准备删除旧文件：文件=D:\Claude_Workspace\AATL\resource\base\image\Sortie_boss\王点_7_1.png
[2026-07-03 19:17:18.472][INF] [cfg=Default] 准备删除旧文件：文件=D:\Claude_Workspace\AATL\resource\base\image\Sortie_boss\王点_7_2_1.png
[2026-07-03 19:17:18.473][INF] [cfg=Default] 准备删除旧文件：文件=D:\Claude_Workspace\AATL\resource\base\image\Sortie_boss\王点_7_2_2.png
[2026-07-03 19:17:18.473][INF] [cfg=Default] 准备删除旧文件：文件=D:\Claude_Workspace\AATL\resource\base\image\Sortie_boss\王点_7_3_1.png
[2026-07-03 19:17:18.474][INF] [cfg=Default] 准备删除旧文件：文件=D:\Claude_Workspace\AATL\resource\base\image\Sortie_boss\王点_7_3_2.png
[2026-07-03 19:17:18.474][INF] [cfg=Default] 准备删除旧文件：文件=D:\Claude_Workspace\AATL\resource\base\image\Sortie_boss\王点_7_4.png
[2026-07-03 19:17:18.474][INF] [cfg=Default] 准备删除旧文件：文件=D:\Claude_Workspace\AATL\resource\base\image\Sortie_boss\王点_8_1.png
[2026-07-03 19:17:18.475][INF] [cfg=Default] 准备删除旧文件：文件=D:\Claude_Workspace\AATL\resource\base\image\Sortie_boss\王点_8_2.png
[2026-07-03 19:17:18.475][INF] [cfg=Default] 准备删除旧文件：文件=D:\Claude_Workspace\AATL\resource\base\image\Sortie_boss\王点_8_3.png
[2026-07-03 19:17:18.476][INF] [cfg=Default] 准备删除旧文件：文件=D:\Claude_Workspace\AATL\resource\base\image\Sortie_boss\王点_8_4.png
[2026-07-03 19:17:18.476][INF] [cfg=Default] 准备删除旧文件：文件=D:\Claude_Workspace\AATL\resource\base\image\Sortie_boss\道中_6_1_1.png
[2026-07-03 19:17:18.476][INF] [cfg=Default] 准备删除旧文件：文件=D:\Claude_Workspace\AATL\resource\base\image\Sortie_boss\道中_8_1.png
[2026-07-03 19:17:18.477][INF] [cfg=Default] 准备删除旧文件：文件=D:\Claude_Workspace\AATL\resource\base\image\Sortie_boss\道中_8_2.png
[2026-07-03 19:17:18.477][INF] [cfg=Default] 准备删除旧文件：文件=D:\Claude_Workspace\AATL\resource\base\image\Sortie_boss\道中_8_3.png
[2026-07-03 19:17:18.478][INF] [cfg=Default] 准备删除旧文件：文件=D:\Claude_Workspace\AATL\resource\base\image\Sortie_boss\道中_8_4.png
[2026-07-03 19:17:18.478][INF] [cfg=Default] 准备删除旧文件：文件=D:\Claude_Workspace\AATL\resource\base\model\ocr\det.onnx
[2026-07-03 19:17:18.478][INF] [cfg=Default] 准备删除旧文件：文件=D:\Claude_Workspace\AATL\resource\base\model\ocr\keys.txt
[2026-07-03 19:17:18.479][INF] [cfg=Default] 准备删除旧文件：文件=D:\Claude_Workspace\AATL\resource\base\model\ocr\rec.onnx
[2026-07-03 19:17:18.586][WRN] [cfg=Default] 未在目录中找到 MFAAvalonia 可执行文件：目录=D:\Claude_Workspace\AATL\resource\temp\temp_res\resource_v0.5.4-alpha_extracted\AATL
[2026-07-03 19:17:18.586][INF] [cfg=Default] 更新包包含程序文件，直接写入安装目录：目标目录=D:\Claude_Workspace\AATL
[2026-07-03 19:17:18.591][ERR] [cfg=Default] 删除文件失败，准备尝试备份：文件=D:\Claude_Workspace\AATL\AATL.dll，原因=Access to the path 'D:\Claude_Workspace\AATL\AATL.dll' is denied.
[2026-07-03 19:17:18.591][INF] [cfg=Default] 文件备份成功：源文件=D:\Claude_Workspace\AATL\AATL.dll，备份文件=D:\Claude_Workspace\AATL\AATL.dll.202607031917.0.backupMFA
[2026-07-03 19:17:18.594][INF] [cfg=Default] 当前运行中的旧主程序已改名为 backupMFA：源文件=D:\Claude_Workspace\AATL\AATL.exe，备份文件=D:\Claude_Workspace\AATL\AATL.exe.202607031917.0.backupMFA
[2026-07-03 19:17:18.595][INF] [cfg=Default] 新的同名主程序已复制完成：源文件=D:\Claude_Workspace\AATL\resource\temp\temp_res\resource_v0.5.4-alpha_extracted\AATL\AATL.exe，目标文件=D:\Claude_Workspace\AATL\AATL.exe
[2026-07-03 19:17:18.598][ERR] [cfg=Default] 删除文件失败，准备尝试备份：文件=D:\Claude_Workspace\AATL\libloader.dll，原因=Access to the path 'D:\Claude_Workspace\AATL\libloader.dll' is denied.
[2026-07-03 19:17:18.598][INF] [cfg=Default] 文件备份成功：源文件=D:\Claude_Workspace\AATL\libloader.dll，备份文件=D:\Claude_Workspace\AATL\libloader.dll.202607031917.0.backupMFA
[2026-07-03 19:17:18.603][ERR] [cfg=Default] 删除文件失败，准备尝试备份：文件=D:\Claude_Workspace\AATL\runtimes\libs\Avalonia.Base.dll，原因=Access to the path 'D:\Claude_Workspace\AATL\runtimes\libs\Avalonia.Base.dll' is denied.
[2026-07-03 19:17:18.603][INF] [cfg=Default] 文件备份成功：源文件=D:\Claude_Workspace\AATL\runtimes\libs\Avalonia.Base.dll，备份文件=D:\Claude_Workspace\AATL\runtimes\libs\Avalonia.Base.dll.202607031917.0.backupMFA
[2026-07-03 19:17:18.605][ERR] [cfg=Default] 删除文件失败，准备尝试备份：文件=D:\Claude_Workspace\AATL\runtimes\libs\Avalonia.Controls.ColorPicker.dll，原因=Access to the path 'D:\Claude_Workspace\AATL\runtimes\libs\Avalonia.Controls.ColorPicker.dll' is denied.
[2026-07-03 19:17:18.606][INF] [cfg=Default] 文件备份成功：源文件=D:\Claude_Workspace\AATL\runtimes\libs\Avalonia.Controls.ColorPicker.dll，备份文件=D:\Claude_Workspace\AATL\runtimes\libs\Avalonia.Controls.ColorPicker.dll.202607031917.0.backupMFA
[2026-07-03 19:17:18.607][ERR] [cfg=Default] 删除文件失败，准备尝试备份：文件=D:\Claude_Workspace\AATL\runtimes\libs\Avalonia.Controls.DataGrid.dll，原因=Access to the path 'D:\Claude_Workspace\AATL\runtimes\libs\Avalonia.Controls.DataGrid.dll' is denied.
[2026-07-03 19:17:18.607][INF] [cfg=Default] 文件备份成功：源文件=D:\Claude_Workspace\AATL\runtimes\libs\Avalonia.Controls.DataGrid.dll，备份文件=D:\Claude_Workspace\AATL\runtimes\libs\Avalonia.Controls.DataGrid.dll.202607031917.0.backupMFA
[2026-07-03 19:17:18.608][ERR] [cfg=Default] 删除文件失败，准备尝试备份：文件=D:\Claude_Workspace\AATL\runtimes\libs\Avalonia.Controls.dll，原因=Access to the path 'D:\Claude_Workspace\AATL\runtimes\libs\Avalonia.Controls.dll' is denied.
[2026-07-03 19:17:18.609][INF] [cfg=Default] 文件备份成功：源文件=D:\Claude_Workspace\AATL\runtimes\libs\Avalonia.Controls.dll，备份文件=D:\Claude_Workspace\AATL\runtimes\libs\Avalonia.Controls.dll.202607031917.0.backupMFA
[2026-07-03 19:17:18.610][ERR] [cfg=Default] 删除文件失败，准备尝试备份：文件=D:\Claude_Workspace\AATL\runtimes\libs\Avalonia.Controls.ItemsRepeater.dll，原因=Access to the path 'D:\Claude_Workspace\AATL\runtimes\libs\Avalonia.Controls.ItemsRepeater.dll' is denied.
[2026-07-03 19:17:18.611][INF] [cfg=Default] 文件备份成功：源文件=D:\Claude_Workspace\AATL\runtimes\libs\Avalonia.Controls.ItemsRepeater.dll，备份文件=D:\Claude_Workspace\AATL\runtimes\libs\Avalonia.Controls.ItemsRepeater.dll.202607031917.0.backupMFA
[2026-07-03 19:17:18.613][ERR] [cfg=Default] 删除文件失败，准备尝试备份：文件=D:\Claude_Workspace\AATL\runtimes\libs\Avalonia.Desktop.dll，原因=Access to the path 'D:\Claude_Workspace\AATL\runtimes\libs\Avalonia.Desktop.dll' is denied.
[2026-07-03 19:17:18.613][INF] [cfg=Default] 文件备份成功：源文件=D:\Claude_Workspace\AATL\runtimes\libs\Avalonia.Desktop.dll，备份文件=D:\Claude_Workspace\AATL\runtimes\libs\Avalonia.Desktop.dll.202607031917.0.backupMFA
[2026-07-03 19:17:18.616][ERR] [cfg=Default] 删除文件失败，准备尝试备份：文件=D:\Claude_Workspace\AATL\runtimes\libs\Avalonia.Dialogs.dll，原因=Access to the path 'D:\Claude_Workspace\AATL\runtimes\libs\Avalonia.Dialogs.dll' is denied.
[2026-07-03 19:17:18.616][INF] [cfg=Default] 文件备份成功：源文件=D:\Claude_Workspace\AATL\runtimes\libs\Avalonia.Dialogs.dll，备份文件=D:\Claude_Workspace\AATL\runtimes\libs\Avalonia.Dialogs.dll.202607031917.0.backupMFA
[2026-07-03 19:17:18.619][ERR] [cfg=Default] 删除文件失败，准备尝试备份：文件=D:\Claude_Workspace\AATL\runtimes\libs\Avalonia.Fonts.Inter.dll，原因=Access to the path 'D:\Claude_Workspace\AATL\runtimes\libs\Avalonia.Fonts.Inter.dll' is denied.
[2026-07-03 19:17:18.619][INF] [cfg=Default] 文件备份成功：源文件=D:\Claude_Workspace\AATL\runtimes\libs\Avalonia.Fonts.Inter.dll，备份文件=D:\Claude_Workspace\AATL\runtimes\libs\Avalonia.Fonts.Inter.dll.202607031917.0.backupMFA
[2026-07-03 19:17:18.623][ERR] [cfg=Default] 删除文件失败，准备尝试备份：文件=D:\Claude_Workspace\AATL\runtimes\libs\Avalonia.Markup.dll，原因=Access to the path 'D:\Claude_Workspace\AATL\runtimes\libs\Avalonia.Markup.dll' is denied.
[2026-07-03 19:17:18.623][INF] [cfg=Default] 文件备份成功：源文件=D:\Claude_Workspace\AATL\runtimes\libs\Avalonia.Markup.dll，备份文件=D:\Claude_Workspace\AATL\runtimes\libs\Avalonia.Markup.dll.202607031917.0.backupMFA
[2026-07-03 19:17:18.624][ERR] [cfg=Default] 删除文件失败，准备尝试备份：文件=D:\Claude_Workspace\AATL\runtimes\libs\Avalonia.Markup.Xaml.dll，原因=Access to the path 'D:\Claude_Workspace\AATL\runtimes\libs\Avalonia.Markup.Xaml.dll' is denied.
[2026-07-03 19:17:18.624][INF] [cfg=Default] 文件备份成功：源文件=D:\Claude_Workspace\AATL\runtimes\libs\Avalonia.Markup.Xaml.dll，备份文件=D:\Claude_Workspace\AATL\runtimes\libs\Avalonia.Markup.Xaml.dll.202607031917.0.backupMFA
[2026-07-03 19:17:18.625][ERR] [cfg=Default] 删除文件失败，准备尝试备份：文件=D:\Claude_Workspace\AATL\runtimes\libs\Avalonia.Metal.dll，原因=Access to the path 'D:\Claude_Workspace\AATL\runtimes\libs\Avalonia.Metal.dll' is denied.
[2026-07-03 19:17:18.626][INF] [cfg=Default] 文件备份成功：源文件=D:\Claude_Workspace\AATL\runtimes\libs\Avalonia.Metal.dll，备份文件=D:\Claude_Workspace\AATL\runtimes\libs\Avalonia.Metal.dll.202607031917.0.backupMFA
[2026-07-03 19:17:18.627][ERR] [cfg=Default] 删除文件失败，准备尝试备份：文件=D:\Claude_Workspace\AATL\runtimes\libs\Avalonia.MicroCom.dll，原因=Access to the path 'D:\Claude_Workspace\AATL\runtimes\libs\Avalonia.MicroCom.dll' is denied.
[2026-07-03 19:17:18.627][INF] [cfg=Default] 文件备份成功：源文件=D:\Claude_Workspace\AATL\runtimes\libs\Avalonia.MicroCom.dll，备份文件=D:\Claude_Workspace\AATL\runtimes\libs\Avalonia.MicroCom.dll.202607031917.0.backupMFA
[2026-07-03 19:17:18.629][ERR] [cfg=Default] 删除文件失败，准备尝试备份：文件=D:\Claude_Workspace\AATL\runtimes\libs\Avalonia.OpenGL.dll，原因=Access to the path 'D:\Claude_Workspace\AATL\runtimes\libs\Avalonia.OpenGL.dll' is denied.
[2026-07-03 19:17:18.629][INF] [cfg=Default] 文件备份成功：源文件=D:\Claude_Workspace\AATL\runtimes\libs\Avalonia.OpenGL.dll，备份文件=D:\Claude_Workspace\AATL\runtimes\libs\Avalonia.OpenGL.dll.202607031917.0.backupMFA
[2026-07-03 19:17:18.631][ERR] [cfg=Default] 删除文件失败，准备尝试备份：文件=D:\Claude_Workspace\AATL\runtimes\libs\Avalonia.Remote.Protocol.dll，原因=Access to the path 'D:\Claude_Workspace\AATL\runtimes\libs\Avalonia.Remote.Protocol.dll' is denied.
[2026-07-03 19:17:18.631][INF] [cfg=Default] 文件备份成功：源文件=D:\Claude_Workspace\AATL\runtimes\libs\Avalonia.Remote.Protocol.dll，备份文件=D:\Claude_Workspace\AATL\runtimes\libs\Avalonia.Remote.Protocol.dll.202607031917.0.backupMFA
[2026-07-03 19:17:18.633][ERR] [cfg=Default] 删除文件失败，准备尝试备份：文件=D:\Claude_Workspace\AATL\runtimes\libs\Avalonia.Skia.dll，原因=Access to the path 'D:\Claude_Workspace\AATL\runtimes\libs\Avalonia.Skia.dll' is denied.
[2026-07-03 19:17:18.633][INF] [cfg=Default] 文件备份成功：源文件=D:\Claude_Workspace\AATL\runtimes\libs\Avalonia.Skia.dll，备份文件=D:\Claude_Workspace\AATL\runtimes\libs\Avalonia.Skia.dll.202607031917.0.backupMFA
[2026-07-03 19:17:18.634][ERR] [cfg=Default] 删除文件失败，准备尝试备份：文件=D:\Claude_Workspace\AATL\runtimes\libs\Avalonia.Themes.Fluent.dll，原因=Access to the path 'D:\Claude_Workspace\AATL\runtimes\libs\Avalonia.Themes.Fluent.dll' is denied.
[2026-07-03 19:17:18.635][INF] [cfg=Default] 文件备份成功：源文件=D:\Claude_Workspace\AATL\runtimes\libs\Avalonia.Themes.Fluent.dll，备份文件=D:\Claude_Workspace\AATL\runtimes\libs\Avalonia.Themes.Fluent.dll.202607031917.0.backupMFA
[2026-07-03 19:17:18.636][ERR] [cfg=Default] 删除文件失败，准备尝试备份：文件=D:\Claude_Workspace\AATL\runtimes\libs\Avalonia.Themes.Simple.dll，原因=Access to the path 'D:\Claude_Workspace\AATL\runtimes\libs\Avalonia.Themes.Simple.dll' is denied.
[2026-07-03 19:17:18.636][INF] [cfg=Default] 文件备份成功：源文件=D:\Claude_Workspace\AATL\runtimes\libs\Avalonia.Themes.Simple.dll，备份文件=D:\Claude_Workspace\AATL\runtimes\libs\Avalonia.Themes.Simple.dll.202607031917.0.backupMFA
[2026-07-03 19:17:18.638][ERR] [cfg=Default] 删除文件失败，准备尝试备份：文件=D:\Claude_Workspace\AATL\runtimes\libs\Avalonia.Vulkan.dll，原因=Access to the path 'D:\Claude_Workspace\AATL\runtimes\libs\Avalonia.Vulkan.dll' is denied.
[2026-07-03 19:17:18.638][INF] [cfg=Default] 文件备份成功：源文件=D:\Claude_Workspace\AATL\runtimes\libs\Avalonia.Vulkan.dll，备份文件=D:\Claude_Workspace\AATL\runtimes\libs\Avalonia.Vulkan.dll.202607031917.0.backupMFA
[2026-07-03 19:17:18.639][ERR] [cfg=Default] 删除文件失败，准备尝试备份：文件=D:\Claude_Workspace\AATL\runtimes\libs\Avalonia.Win32.Automation.dll，原因=Access to the path 'D:\Claude_Workspace\AATL\runtimes\libs\Avalonia.Win32.Automation.dll' is denied.
[2026-07-03 19:17:18.639][INF] [cfg=Default] 文件备份成功：源文件=D:\Claude_Workspace\AATL\runtimes\libs\Avalonia.Win32.Automation.dll，备份文件=D:\Claude_Workspace\AATL\runtimes\libs\Avalonia.Win32.Automation.dll.202607031917.0.backupMFA
[2026-07-03 19:17:18.640][ERR] [cfg=Default] 删除文件失败，准备尝试备份：文件=D:\Claude_Workspace\AATL\runtimes\libs\Avalonia.Win32.dll，原因=Access to the path 'D:\Claude_Workspace\AATL\runtimes\libs\Avalonia.Win32.dll' is denied.
[2026-07-03 19:17:18.641][INF] [cfg=Default] 文件备份成功：源文件=D:\Claude_Workspace\AATL\runtimes\libs\Avalonia.Win32.dll，备份文件=D:\Claude_Workspace\AATL\runtimes\libs\Avalonia.Win32.dll.202607031917.0.backupMFA
[2026-07-03 19:17:18.645][ERR] [cfg=Default] 删除文件失败，准备尝试备份：文件=D:\Claude_Workspace\AATL\runtimes\libs\Avalonia.Xaml.Interactivity.dll，原因=Access to the path 'D:\Claude_Workspace\AATL\runtimes\libs\Avalonia.Xaml.Interactivity.dll' is denied.
[2026-07-03 19:17:18.645][INF] [cfg=Default] 文件备份成功：源文件=D:\Claude_Workspace\AATL\runtimes\libs\Avalonia.Xaml.Interactivity.dll，备份文件=D:\Claude_Workspace\AATL\runtimes\libs\Avalonia.Xaml.Interactivity.dll.202607031917.0.backupMFA
[2026-07-03 19:17:18.646][ERR] [cfg=Default] 删除文件失败，准备尝试备份：文件=D:\Claude_Workspace\AATL\runtimes\libs\AvaloniaEdit.dll，原因=Access to the path 'D:\Claude_Workspace\AATL\runtimes\libs\AvaloniaEdit.dll' is denied.
[2026-07-03 19:17:18.647][INF] [cfg=Default] 文件备份成功：源文件=D:\Claude_Workspace\AATL\runtimes\libs\AvaloniaEdit.dll，备份文件=D:\Claude_Workspace\AATL\runtimes\libs\AvaloniaEdit.dll.202607031917.0.backupMFA
[2026-07-03 19:17:18.649][ERR] [cfg=Default] 删除文件失败，准备尝试备份：文件=D:\Claude_Workspace\AATL\runtimes\libs\AvaloniaEdit.TextMate.dll，原因=Access to the path 'D:\Claude_Workspace\AATL\runtimes\libs\AvaloniaEdit.TextMate.dll' is denied.
[2026-07-03 19:17:18.649][INF] [cfg=Default] 文件备份成功：源文件=D:\Claude_Workspace\AATL\runtimes\libs\AvaloniaEdit.TextMate.dll，备份文件=D:\Claude_Workspace\AATL\runtimes\libs\AvaloniaEdit.TextMate.dll.202607031917.0.backupMFA
[2026-07-03 19:17:18.651][ERR] [cfg=Default] 删除文件失败，准备尝试备份：文件=D:\Claude_Workspace\AATL\runtimes\libs\AvaloniaExtensions.Axaml.dll，原因=Access to the path 'D:\Claude_Workspace\AATL\runtimes\libs\AvaloniaExtensions.Axaml.dll' is denied.
[2026-07-03 19:17:18.651][INF] [cfg=Default] 文件备份成功：源文件=D:\Claude_Workspace\AATL\runtimes\libs\AvaloniaExtensions.Axaml.dll，备份文件=D:\Claude_Workspace\AATL\runtimes\libs\AvaloniaExtensions.Axaml.dll.202607031917.0.backupMFA
[2026-07-03 19:17:18.652][ERR] [cfg=Default] 删除文件失败，准备尝试备份：文件=D:\Claude_Workspace\AATL\runtimes\libs\av_libglesv2.dll，原因=Access to the path 'D:\Claude_Workspace\AATL\runtimes\libs\av_libglesv2.dll' is denied.
[2026-07-03 19:17:18.653][INF] [cfg=Default] 文件备份成功：源文件=D:\Claude_Workspace\AATL\runtimes\libs\av_libglesv2.dll，备份文件=D:\Claude_Workspace\AATL\runtimes\libs\av_libglesv2.dll.202607031917.0.backupMFA
[2026-07-03 19:17:18.659][ERR] [cfg=Default] 删除文件失败，准备尝试备份：文件=D:\Claude_Workspace\AATL\runtimes\libs\CalcBindingAva.dll，原因=Access to the path 'D:\Claude_Workspace\AATL\runtimes\libs\CalcBindingAva.dll' is denied.
[2026-07-03 19:17:18.659][INF] [cfg=Default] 文件备份成功：源文件=D:\Claude_Workspace\AATL\runtimes\libs\CalcBindingAva.dll，备份文件=D:\Claude_Workspace\AATL\runtimes\libs\CalcBindingAva.dll.202607031917.0.backupMFA
[2026-07-03 19:17:18.660][ERR] [cfg=Default] 删除文件失败，准备尝试备份：文件=D:\Claude_Workspace\AATL\runtimes\libs\ColorDocument.Avalonia.dll，原因=Access to the path 'D:\Claude_Workspace\AATL\runtimes\libs\ColorDocument.Avalonia.dll' is denied.
[2026-07-03 19:17:18.660][INF] [cfg=Default] 文件备份成功：源文件=D:\Claude_Workspace\AATL\runtimes\libs\ColorDocument.Avalonia.dll，备份文件=D:\Claude_Workspace\AATL\runtimes\libs\ColorDocument.Avalonia.dll.202607031917.0.backupMFA
[2026-07-03 19:17:18.661][ERR] [cfg=Default] 删除文件失败，准备尝试备份：文件=D:\Claude_Workspace\AATL\runtimes\libs\ColorTextBlock.Avalonia.dll，原因=Access to the path 'D:\Claude_Workspace\AATL\runtimes\libs\ColorTextBlock.Avalonia.dll' is denied.
[2026-07-03 19:17:18.662][INF] [cfg=Default] 文件备份成功：源文件=D:\Claude_Workspace\AATL\runtimes\libs\ColorTextBlock.Avalonia.dll，备份文件=D:\Claude_Workspace\AATL\runtimes\libs\ColorTextBlock.Avalonia.dll.202607031917.0.backupMFA
[2026-07-03 19:17:18.663][ERR] [cfg=Default] 删除文件失败，准备尝试备份：文件=D:\Claude_Workspace\AATL\runtimes\libs\CommunityToolkit.Mvvm.dll，原因=Access to the path 'D:\Claude_Workspace\AATL\runtimes\libs\CommunityToolkit.Mvvm.dll' is denied.
[2026-07-03 19:17:18.664][INF] [cfg=Default] 文件备份成功：源文件=D:\Claude_Workspace\AATL\runtimes\libs\CommunityToolkit.Mvvm.dll，备份文件=D:\Claude_Workspace\AATL\runtimes\libs\CommunityToolkit.Mvvm.dll.202607031917.0.backupMFA
[2026-07-03 19:17:18.665][ERR] [cfg=Default] 删除文件失败，准备尝试备份：文件=D:\Claude_Workspace\AATL\runtimes\libs\CrossPlatformProtectedData.dll，原因=Access to the path 'D:\Claude_Workspace\AATL\runtimes\libs\CrossPlatformProtectedData.dll' is denied.
[2026-07-03 19:17:18.665][INF] [cfg=Default] 文件备份成功：源文件=D:\Claude_Workspace\AATL\runtimes\libs\CrossPlatformProtectedData.dll，备份文件=D:\Claude_Workspace\AATL\runtimes\libs\CrossPlatformProtectedData.dll.202607031917.0.backupMFA
[2026-07-03 19:17:18.668][ERR] [cfg=Default] 删除文件失败，准备尝试备份：文件=D:\Claude_Workspace\AATL\runtimes\libs\DynamicExpresso.Core.dll，原因=Access to the path 'D:\Claude_Workspace\AATL\runtimes\libs\DynamicExpresso.Core.dll' is denied.
[2026-07-03 19:17:18.669][INF] [cfg=Default] 文件备份成功：源文件=D:\Claude_Workspace\AATL\runtimes\libs\DynamicExpresso.Core.dll，备份文件=D:\Claude_Workspace\AATL\runtimes\libs\DynamicExpresso.Core.dll.202607031917.0.backupMFA
[2026-07-03 19:17:18.672][ERR] [cfg=Default] 删除文件失败，准备尝试备份：文件=D:\Claude_Workspace\AATL\runtimes\libs\FluentAvalonia.dll，原因=Access to the path 'D:\Claude_Workspace\AATL\runtimes\libs\FluentAvalonia.dll' is denied.
[2026-07-03 19:17:18.673][INF] [cfg=Default] 文件备份成功：源文件=D:\Claude_Workspace\AATL\runtimes\libs\FluentAvalonia.dll，备份文件=D:\Claude_Workspace\AATL\runtimes\libs\FluentAvalonia.dll.202607031917.0.backupMFA
[2026-07-03 19:17:18.675][ERR] [cfg=Default] 删除文件失败，准备尝试备份：文件=D:\Claude_Workspace\AATL\runtimes\libs\FluentIcons.Avalonia.Fluent.dll，原因=Access to the path 'D:\Claude_Workspace\AATL\runtimes\libs\FluentIcons.Avalonia.Fluent.dll' is denied.
[2026-07-03 19:17:18.675][INF] [cfg=Default] 文件备份成功：源文件=D:\Claude_Workspace\AATL\runtimes\libs\FluentIcons.Avalonia.Fluent.dll，备份文件=D:\Claude_Workspace\AATL\runtimes\libs\FluentIcons.Avalonia.Fluent.dll.202607031917.0.backupMFA
[2026-07-03 19:17:18.676][ERR] [cfg=Default] 删除文件失败，准备尝试备份：文件=D:\Claude_Workspace\AATL\runtimes\libs\FluentIcons.Common.dll，原因=Access to the path 'D:\Claude_Workspace\AATL\runtimes\libs\FluentIcons.Common.dll' is denied.
[2026-07-03 19:17:18.677][INF] [cfg=Default] 文件备份成功：源文件=D:\Claude_Workspace\AATL\runtimes\libs\FluentIcons.Common.dll，备份文件=D:\Claude_Workspace\AATL\runtimes\libs\FluentIcons.Common.dll.202607031917.0.backupMFA
[2026-07-03 19:17:18.678][ERR] [cfg=Default] 删除文件失败，准备尝试备份：文件=D:\Claude_Workspace\AATL\runtimes\libs\FluentIcons.Resources.Avalonia.dll，原因=Access to the path 'D:\Claude_Workspace\AATL\runtimes\libs\FluentIcons.Resources.Avalonia.dll' is denied.
[2026-07-03 19:17:18.678][INF] [cfg=Default] 文件备份成功：源文件=D:\Claude_Workspace\AATL\runtimes\libs\FluentIcons.Resources.Avalonia.dll，备份文件=D:\Claude_Workspace\AATL\runtimes\libs\FluentIcons.Resources.Avalonia.dll.202607031917.0.backupMFA
[2026-07-03 19:17:18.682][ERR] [cfg=Default] 删除文件失败，准备尝试备份：文件=D:\Claude_Workspace\AATL\runtimes\libs\HarfBuzzSharp.dll，原因=Access to the path 'D:\Claude_Workspace\AATL\runtimes\libs\HarfBuzzSharp.dll' is denied.
[2026-07-03 19:17:18.683][INF] [cfg=Default] 文件备份成功：源文件=D:\Claude_Workspace\AATL\runtimes\libs\HarfBuzzSharp.dll，备份文件=D:\Claude_Workspace\AATL\runtimes\libs\HarfBuzzSharp.dll.202607031917.0.backupMFA
[2026-07-03 19:17:18.684][ERR] [cfg=Default] 删除文件失败，准备尝试备份：文件=D:\Claude_Workspace\AATL\runtimes\libs\HtmlAgilityPack.dll，原因=Access to the path 'D:\Claude_Workspace\AATL\runtimes\libs\HtmlAgilityPack.dll' is denied.
[2026-07-03 19:17:18.684][INF] [cfg=Default] 文件备份成功：源文件=D:\Claude_Workspace\AATL\runtimes\libs\HtmlAgilityPack.dll，备份文件=D:\Claude_Workspace\AATL\runtimes\libs\HtmlAgilityPack.dll.202607031917.0.backupMFA
[2026-07-03 19:17:18.688][ERR] [cfg=Default] 删除文件失败，准备尝试备份：文件=D:\Claude_Workspace\AATL\runtimes\libs\Lang.Avalonia.dll，原因=Access to the path 'D:\Claude_Workspace\AATL\runtimes\libs\Lang.Avalonia.dll' is denied.
[2026-07-03 19:17:18.688][INF] [cfg=Default] 文件备份成功：源文件=D:\Claude_Workspace\AATL\runtimes\libs\Lang.Avalonia.dll，备份文件=D:\Claude_Workspace\AATL\runtimes\libs\Lang.Avalonia.dll.202607031917.0.backupMFA
[2026-07-03 19:17:18.689][ERR] [cfg=Default] 删除文件失败，准备尝试备份：文件=D:\Claude_Workspace\AATL\runtimes\libs\libHarfBuzzSharp.dll，原因=Access to the path 'D:\Claude_Workspace\AATL\runtimes\libs\libHarfBuzzSharp.dll' is denied.
[2026-07-03 19:17:18.690][INF] [cfg=Default] 文件备份成功：源文件=D:\Claude_Workspace\AATL\runtimes\libs\libHarfBuzzSharp.dll，备份文件=D:\Claude_Workspace\AATL\runtimes\libs\libHarfBuzzSharp.dll.202607031917.0.backupMFA
[2026-07-03 19:17:18.692][ERR] [cfg=Default] 删除文件失败，准备尝试备份：文件=D:\Claude_Workspace\AATL\runtimes\libs\libSkiaSharp.dll，原因=Access to the path 'D:\Claude_Workspace\AATL\runtimes\libs\libSkiaSharp.dll' is denied.
[2026-07-03 19:17:18.693][INF] [cfg=Default] 文件备份成功：源文件=D:\Claude_Workspace\AATL\runtimes\libs\libSkiaSharp.dll，备份文件=D:\Claude_Workspace\AATL\runtimes\libs\libSkiaSharp.dll.202607031917.0.backupMFA
[2026-07-03 19:17:18.698][ERR] [cfg=Default] 删除文件失败，准备尝试备份：文件=D:\Claude_Workspace\AATL\runtimes\libs\MaaFramework.Binding.dll，原因=Access to the path 'D:\Claude_Workspace\AATL\runtimes\libs\MaaFramework.Binding.dll' is denied.
[2026-07-03 19:17:18.698][INF] [cfg=Default] 文件备份成功：源文件=D:\Claude_Workspace\AATL\runtimes\libs\MaaFramework.Binding.dll，备份文件=D:\Claude_Workspace\AATL\runtimes\libs\MaaFramework.Binding.dll.202607031917.0.backupMFA
[2026-07-03 19:17:18.699][ERR] [cfg=Default] 删除文件失败，准备尝试备份：文件=D:\Claude_Workspace\AATL\runtimes\libs\MaaFramework.Binding.Native.dll，原因=Access to the path 'D:\Claude_Workspace\AATL\runtimes\libs\MaaFramework.Binding.Native.dll' is denied.
[2026-07-03 19:17:18.700][INF] [cfg=Default] 文件备份成功：源文件=D:\Claude_Workspace\AATL\runtimes\libs\MaaFramework.Binding.Native.dll，备份文件=D:\Claude_Workspace\AATL\runtimes\libs\MaaFramework.Binding.Native.dll.202607031917.0.backupMFA
[2026-07-03 19:17:18.703][ERR] [cfg=Default] 删除文件失败，准备尝试备份：文件=D:\Claude_Workspace\AATL\runtimes\libs\Markdown.Avalonia.dll，原因=Access to the path 'D:\Claude_Workspace\AATL\runtimes\libs\Markdown.Avalonia.dll' is denied.
[2026-07-03 19:17:18.703][INF] [cfg=Default] 文件备份成功：源文件=D:\Claude_Workspace\AATL\runtimes\libs\Markdown.Avalonia.dll，备份文件=D:\Claude_Workspace\AATL\runtimes\libs\Markdown.Avalonia.dll.202607031917.0.backupMFA
[2026-07-03 19:17:18.705][ERR] [cfg=Default] 删除文件失败，准备尝试备份：文件=D:\Claude_Workspace\AATL\runtimes\libs\Markdown.Avalonia.Full.dll，原因=Access to the path 'D:\Claude_Workspace\AATL\runtimes\libs\Markdown.Avalonia.Full.dll' is denied.
[2026-07-03 19:17:18.705][INF] [cfg=Default] 文件备份成功：源文件=D:\Claude_Workspace\AATL\runtimes\libs\Markdown.Avalonia.Full.dll，备份文件=D:\Claude_Workspace\AATL\runtimes\libs\Markdown.Avalonia.Full.dll.202607031917.0.backupMFA
[2026-07-03 19:17:18.706][ERR] [cfg=Default] 删除文件失败，准备尝试备份：文件=D:\Claude_Workspace\AATL\runtimes\libs\Markdown.Avalonia.Html.dll，原因=Access to the path 'D:\Claude_Workspace\AATL\runtimes\libs\Markdown.Avalonia.Html.dll' is denied.
[2026-07-03 19:17:18.707][INF] [cfg=Default] 文件备份成功：源文件=D:\Claude_Workspace\AATL\runtimes\libs\Markdown.Avalonia.Html.dll，备份文件=D:\Claude_Workspace\AATL\runtimes\libs\Markdown.Avalonia.Html.dll.202607031917.0.backupMFA
[2026-07-03 19:17:18.708][ERR] [cfg=Default] 删除文件失败，准备尝试备份：文件=D:\Claude_Workspace\AATL\runtimes\libs\Markdown.Avalonia.Svg.dll，原因=Access to the path 'D:\Claude_Workspace\AATL\runtimes\libs\Markdown.Avalonia.Svg.dll' is denied.
[2026-07-03 19:17:18.708][INF] [cfg=Default] 文件备份成功：源文件=D:\Claude_Workspace\AATL\runtimes\libs\Markdown.Avalonia.Svg.dll，备份文件=D:\Claude_Workspace\AATL\runtimes\libs\Markdown.Avalonia.Svg.dll.202607031917.0.backupMFA
[2026-07-03 19:17:18.709][ERR] [cfg=Default] 删除文件失败，准备尝试备份：文件=D:\Claude_Workspace\AATL\runtimes\libs\Markdown.Avalonia.SyntaxHigh.dll，原因=Access to the path 'D:\Claude_Workspace\AATL\runtimes\libs\Markdown.Avalonia.SyntaxHigh.dll' is denied.
[2026-07-03 19:17:18.709][INF] [cfg=Default] 文件备份成功：源文件=D:\Claude_Workspace\AATL\runtimes\libs\Markdown.Avalonia.SyntaxHigh.dll，备份文件=D:\Claude_Workspace\AATL\runtimes\libs\Markdown.Avalonia.SyntaxHigh.dll.202607031917.0.backupMFA
[2026-07-03 19:17:18.713][ERR] [cfg=Default] 删除文件失败，准备尝试备份：文件=D:\Claude_Workspace\AATL\runtimes\libs\MFAAvalonia.Core.dll，原因=Access to the path 'D:\Claude_Workspace\AATL\runtimes\libs\MFAAvalonia.Core.dll' is denied.
[2026-07-03 19:17:18.713][INF] [cfg=Default] 文件备份成功：源文件=D:\Claude_Workspace\AATL\runtimes\libs\MFAAvalonia.Core.dll，备份文件=D:\Claude_Workspace\AATL\runtimes\libs\MFAAvalonia.Core.dll.202607031917.0.backupMFA
[2026-07-03 19:17:18.716][ERR] [cfg=Default] 删除文件失败，准备尝试备份：文件=D:\Claude_Workspace\AATL\runtimes\libs\MicroCom.Runtime.dll，原因=Access to the path 'D:\Claude_Workspace\AATL\runtimes\libs\MicroCom.Runtime.dll' is denied.
[2026-07-03 19:17:18.716][INF] [cfg=Default] 文件备份成功：源文件=D:\Claude_Workspace\AATL\runtimes\libs\MicroCom.Runtime.dll，备份文件=D:\Claude_Workspace\AATL\runtimes\libs\MicroCom.Runtime.dll.202607031917.0.backupMFA
[2026-07-03 19:17:18.727][ERR] [cfg=Default] 删除文件失败，准备尝试备份：文件=D:\Claude_Workspace\AATL\runtimes\libs\Microsoft.Extensions.Configuration.Abstractions.dll，原因=Access to the path 'D:\Claude_Workspace\AATL\runtimes\libs\Microsoft.Extensions.Configuration.Abstractions.dll' is denied.
[2026-07-03 19:17:18.727][INF] [cfg=Default] 文件备份成功：源文件=D:\Claude_Workspace\AATL\runtimes\libs\Microsoft.Extensions.Configuration.Abstractions.dll，备份文件=D:\Claude_Workspace\AATL\runtimes\libs\Microsoft.Extensions.Configuration.Abstractions.dll.202607031917.0.backupMFA
[2026-07-03 19:17:18.728][ERR] [cfg=Default] 删除文件失败，准备尝试备份：文件=D:\Claude_Workspace\AATL\runtimes\libs\Microsoft.Extensions.Configuration.dll，原因=Access to the path 'D:\Claude_Workspace\AATL\runtimes\libs\Microsoft.Extensions.Configuration.dll' is denied.
[2026-07-03 19:17:18.728][INF] [cfg=Default] 文件备份成功：源文件=D:\Claude_Workspace\AATL\runtimes\libs\Microsoft.Extensions.Configuration.dll，备份文件=D:\Claude_Workspace\AATL\runtimes\libs\Microsoft.Extensions.Configuration.dll.202607031917.0.backupMFA
[2026-07-03 19:17:18.730][ERR] [cfg=Default] 删除文件失败，准备尝试备份：文件=D:\Claude_Workspace\AATL\runtimes\libs\Microsoft.Extensions.Configuration.FileExtensions.dll，原因=Access to the path 'D:\Claude_Workspace\AATL\runtimes\libs\Microsoft.Extensions.Configuration.FileExtensions.dll' is denied.
[2026-07-03 19:17:18.730][INF] [cfg=Default] 文件备份成功：源文件=D:\Claude_Workspace\AATL\runtimes\libs\Microsoft.Extensions.Configuration.FileExtensions.dll，备份文件=D:\Claude_Workspace\AATL\runtimes\libs\Microsoft.Extensions.Configuration.FileExtensions.dll.202607031917.0.backupMFA
[2026-07-03 19:17:18.731][ERR] [cfg=Default] 删除文件失败，准备尝试备份：文件=D:\Claude_Workspace\AATL\runtimes\libs\Microsoft.Extensions.Configuration.Json.dll，原因=Access to the path 'D:\Claude_Workspace\AATL\runtimes\libs\Microsoft.Extensions.Configuration.Json.dll' is denied.
[2026-07-03 19:17:18.732][INF] [cfg=Default] 文件备份成功：源文件=D:\Claude_Workspace\AATL\runtimes\libs\Microsoft.Extensions.Configuration.Json.dll，备份文件=D:\Claude_Workspace\AATL\runtimes\libs\Microsoft.Extensions.Configuration.Json.dll.202607031917.0.backupMFA
[2026-07-03 19:17:18.733][ERR] [cfg=Default] 删除文件失败，准备尝试备份：文件=D:\Claude_Workspace\AATL\runtimes\libs\Microsoft.Extensions.DependencyInjection.Abstractions.dll，原因=Access to the path 'D:\Claude_Workspace\AATL\runtimes\libs\Microsoft.Extensions.DependencyInjection.Abstractions.dll' is denied.
[2026-07-03 19:17:18.733][INF] [cfg=Default] 文件备份成功：源文件=D:\Claude_Workspace\AATL\runtimes\libs\Microsoft.Extensions.DependencyInjection.Abstractions.dll，备份文件=D:\Claude_Workspace\AATL\runtimes\libs\Microsoft.Extensions.DependencyInjection.Abstractions.dll.202607031917.0.backupMFA
[2026-07-03 19:17:18.735][ERR] [cfg=Default] 删除文件失败，准备尝试备份：文件=D:\Claude_Workspace\AATL\runtimes\libs\Microsoft.Extensions.DependencyInjection.dll，原因=Access to the path 'D:\Claude_Workspace\AATL\runtimes\libs\Microsoft.Extensions.DependencyInjection.dll' is denied.
[2026-07-03 19:17:18.735][INF] [cfg=Default] 文件备份成功：源文件=D:\Claude_Workspace\AATL\runtimes\libs\Microsoft.Extensions.DependencyInjection.dll，备份文件=D:\Claude_Workspace\AATL\runtimes\libs\Microsoft.Extensions.DependencyInjection.dll.202607031917.0.backupMFA
[2026-07-03 19:17:18.736][ERR] [cfg=Default] 删除文件失败，准备尝试备份：文件=D:\Claude_Workspace\AATL\runtimes\libs\Microsoft.Extensions.FileProviders.Abstractions.dll，原因=Access to the path 'D:\Claude_Workspace\AATL\runtimes\libs\Microsoft.Extensions.FileProviders.Abstractions.dll' is denied.
[2026-07-03 19:17:18.737][INF] [cfg=Default] 文件备份成功：源文件=D:\Claude_Workspace\AATL\runtimes\libs\Microsoft.Extensions.FileProviders.Abstractions.dll，备份文件=D:\Claude_Workspace\AATL\runtimes\libs\Microsoft.Extensions.FileProviders.Abstractions.dll.202607031917.0.backupMFA
[2026-07-03 19:17:18.738][ERR] [cfg=Default] 删除文件失败，准备尝试备份：文件=D:\Claude_Workspace\AATL\runtimes\libs\Microsoft.Extensions.FileProviders.Physical.dll，原因=Access to the path 'D:\Claude_Workspace\AATL\runtimes\libs\Microsoft.Extensions.FileProviders.Physical.dll' is denied.
[2026-07-03 19:17:18.738][INF] [cfg=Default] 文件备份成功：源文件=D:\Claude_Workspace\AATL\runtimes\libs\Microsoft.Extensions.FileProviders.Physical.dll，备份文件=D:\Claude_Workspace\AATL\runtimes\libs\Microsoft.Extensions.FileProviders.Physical.dll.202607031917.0.backupMFA
[2026-07-03 19:17:18.741][ERR] [cfg=Default] 删除文件失败，准备尝试备份：文件=D:\Claude_Workspace\AATL\runtimes\libs\Microsoft.Extensions.Primitives.dll，原因=Access to the path 'D:\Claude_Workspace\AATL\runtimes\libs\Microsoft.Extensions.Primitives.dll' is denied.
[2026-07-03 19:17:18.742][INF] [cfg=Default] 文件备份成功：源文件=D:\Claude_Workspace\AATL\runtimes\libs\Microsoft.Extensions.Primitives.dll，备份文件=D:\Claude_Workspace\AATL\runtimes\libs\Microsoft.Extensions.Primitives.dll.202607031917.0.backupMFA
[2026-07-03 19:17:18.743][ERR] [cfg=Default] 删除文件失败，准备尝试备份：文件=D:\Claude_Workspace\AATL\runtimes\libs\Microsoft.WindowsAPICodePack.Core.dll，原因=Access to the path 'D:\Claude_Workspace\AATL\runtimes\libs\Microsoft.WindowsAPICodePack.Core.dll' is denied.
[2026-07-03 19:17:18.743][INF] [cfg=Default] 文件备份成功：源文件=D:\Claude_Workspace\AATL\runtimes\libs\Microsoft.WindowsAPICodePack.Core.dll，备份文件=D:\Claude_Workspace\AATL\runtimes\libs\Microsoft.WindowsAPICodePack.Core.dll.202607031917.0.backupMFA
[2026-07-03 19:17:18.747][ERR] [cfg=Default] 删除文件失败，准备尝试备份：文件=D:\Claude_Workspace\AATL\runtimes\libs\Microsoft.WindowsAPICodePack.Shell.dll，原因=Access to the path 'D:\Claude_Workspace\AATL\runtimes\libs\Microsoft.WindowsAPICodePack.Shell.dll' is denied.
[2026-07-03 19:17:18.748][INF] [cfg=Default] 文件备份成功：源文件=D:\Claude_Workspace\AATL\runtimes\libs\Microsoft.WindowsAPICodePack.Shell.dll，备份文件=D:\Claude_Workspace\AATL\runtimes\libs\Microsoft.WindowsAPICodePack.Shell.dll.202607031917.0.backupMFA
[2026-07-03 19:17:18.755][ERR] [cfg=Default] 删除文件失败，准备尝试备份：文件=D:\Claude_Workspace\AATL\runtimes\libs\NETCore.Encrypt.dll，原因=Access to the path 'D:\Claude_Workspace\AATL\runtimes\libs\NETCore.Encrypt.dll' is denied.
[2026-07-03 19:17:18.755][INF] [cfg=Default] 文件备份成功：源文件=D:\Claude_Workspace\AATL\runtimes\libs\NETCore.Encrypt.dll，备份文件=D:\Claude_Workspace\AATL\runtimes\libs\NETCore.Encrypt.dll.202607031917.0.backupMFA
[2026-07-03 19:17:18.756][ERR] [cfg=Default] 删除文件失败，准备尝试备份：文件=D:\Claude_Workspace\AATL\runtimes\libs\Newtonsoft.Json.dll，原因=Access to the path 'D:\Claude_Workspace\AATL\runtimes\libs\Newtonsoft.Json.dll' is denied.
[2026-07-03 19:17:18.756][INF] [cfg=Default] 文件备份成功：源文件=D:\Claude_Workspace\AATL\runtimes\libs\Newtonsoft.Json.dll，备份文件=D:\Claude_Workspace\AATL\runtimes\libs\Newtonsoft.Json.dll.202607031917.0.backupMFA
[2026-07-03 19:17:18.760][ERR] [cfg=Default] 删除文件失败，准备尝试备份：文件=D:\Claude_Workspace\AATL\runtimes\libs\Semver.dll，原因=Access to the path 'D:\Claude_Workspace\AATL\runtimes\libs\Semver.dll' is denied.
[2026-07-03 19:17:18.760][INF] [cfg=Default] 文件备份成功：源文件=D:\Claude_Workspace\AATL\runtimes\libs\Semver.dll，备份文件=D:\Claude_Workspace\AATL\runtimes\libs\Semver.dll.202607031917.0.backupMFA
[2026-07-03 19:17:18.761][ERR] [cfg=Default] 删除文件失败，准备尝试备份：文件=D:\Claude_Workspace\AATL\runtimes\libs\Serilog.dll，原因=Access to the path 'D:\Claude_Workspace\AATL\runtimes\libs\Serilog.dll' is denied.
[2026-07-03 19:17:18.762][INF] [cfg=Default] 文件备份成功：源文件=D:\Claude_Workspace\AATL\runtimes\libs\Serilog.dll，备份文件=D:\Claude_Workspace\AATL\runtimes\libs\Serilog.dll.202607031917.0.backupMFA
[2026-07-03 19:17:18.763][ERR] [cfg=Default] 删除文件失败，准备尝试备份：文件=D:\Claude_Workspace\AATL\runtimes\libs\Serilog.Sinks.Console.dll，原因=Access to the path 'D:\Claude_Workspace\AATL\runtimes\libs\Serilog.Sinks.Console.dll' is denied.
[2026-07-03 19:17:18.764][INF] [cfg=Default] 文件备份成功：源文件=D:\Claude_Workspace\AATL\runtimes\libs\Serilog.Sinks.Console.dll，备份文件=D:\Claude_Workspace\AATL\runtimes\libs\Serilog.Sinks.Console.dll.202607031917.0.backupMFA
[2026-07-03 19:17:18.765][ERR] [cfg=Default] 删除文件失败，准备尝试备份：文件=D:\Claude_Workspace\AATL\runtimes\libs\Serilog.Sinks.File.dll，原因=Access to the path 'D:\Claude_Workspace\AATL\runtimes\libs\Serilog.Sinks.File.dll' is denied.
[2026-07-03 19:17:18.765][INF] [cfg=Default] 文件备份成功：源文件=D:\Claude_Workspace\AATL\runtimes\libs\Serilog.Sinks.File.dll，备份文件=D:\Claude_Workspace\AATL\runtimes\libs\Serilog.Sinks.File.dll.202607031917.0.backupMFA
[2026-07-03 19:17:18.767][ERR] [cfg=Default] 删除文件失败，准备尝试备份：文件=D:\Claude_Workspace\AATL\runtimes\libs\SharpCompress.dll，原因=Access to the path 'D:\Claude_Workspace\AATL\runtimes\libs\SharpCompress.dll' is denied.
[2026-07-03 19:17:18.768][INF] [cfg=Default] 文件备份成功：源文件=D:\Claude_Workspace\AATL\runtimes\libs\SharpCompress.dll，备份文件=D:\Claude_Workspace\AATL\runtimes\libs\SharpCompress.dll.202607031917.0.backupMFA
[2026-07-03 19:17:18.774][ERR] [cfg=Default] 删除文件失败，准备尝试备份：文件=D:\Claude_Workspace\AATL\runtimes\libs\SharpHook.dll，原因=Access to the path 'D:\Claude_Workspace\AATL\runtimes\libs\SharpHook.dll' is denied.
[2026-07-03 19:17:18.774][INF] [cfg=Default] 文件备份成功：源文件=D:\Claude_Workspace\AATL\runtimes\libs\SharpHook.dll，备份文件=D:\Claude_Workspace\AATL\runtimes\libs\SharpHook.dll.202607031917.0.backupMFA
[2026-07-03 19:17:18.777][ERR] [cfg=Default] 删除文件失败，准备尝试备份：文件=D:\Claude_Workspace\AATL\runtimes\libs\SkiaSharp.dll，原因=Access to the path 'D:\Claude_Workspace\AATL\runtimes\libs\SkiaSharp.dll' is denied.
[2026-07-03 19:17:18.777][INF] [cfg=Default] 文件备份成功：源文件=D:\Claude_Workspace\AATL\runtimes\libs\SkiaSharp.dll，备份文件=D:\Claude_Workspace\AATL\runtimes\libs\SkiaSharp.dll.202607031917.0.backupMFA
[2026-07-03 19:17:18.780][ERR] [cfg=Default] 删除文件失败，准备尝试备份：文件=D:\Claude_Workspace\AATL\runtimes\libs\SukiUI.dll，原因=Access to the path 'D:\Claude_Workspace\AATL\runtimes\libs\SukiUI.dll' is denied.
[2026-07-03 19:17:18.780][INF] [cfg=Default] 文件备份成功：源文件=D:\Claude_Workspace\AATL\runtimes\libs\SukiUI.dll，备份文件=D:\Claude_Workspace\AATL\runtimes\libs\SukiUI.dll.202607031917.0.backupMFA
[2026-07-03 19:17:18.803][ERR] [cfg=Default] 删除文件失败，准备尝试备份：文件=D:\Claude_Workspace\AATL\runtimes\libs\System.Linq.Dynamic.Core.dll，原因=Access to the path 'D:\Claude_Workspace\AATL\runtimes\libs\System.Linq.Dynamic.Core.dll' is denied.
[2026-07-03 19:17:18.804][INF] [cfg=Default] 文件备份成功：源文件=D:\Claude_Workspace\AATL\runtimes\libs\System.Linq.Dynamic.Core.dll，备份文件=D:\Claude_Workspace\AATL\runtimes\libs\System.Linq.Dynamic.Core.dll.202607031917.0.backupMFA
[2026-07-03 19:17:18.805][ERR] [cfg=Default] 删除文件失败，准备尝试备份：文件=D:\Claude_Workspace\AATL\runtimes\libs\System.Management.dll，原因=Access to the path 'D:\Claude_Workspace\AATL\runtimes\libs\System.Management.dll' is denied.
[2026-07-03 19:17:18.805][INF] [cfg=Default] 文件备份成功：源文件=D:\Claude_Workspace\AATL\runtimes\libs\System.Management.dll，备份文件=D:\Claude_Workspace\AATL\runtimes\libs\System.Management.dll.202607031917.0.backupMFA
[2026-07-03 19:17:18.808][ERR] [cfg=Default] 删除文件失败，准备尝试备份：文件=D:\Claude_Workspace\AATL\runtimes\libs\System.Security.Cryptography.ProtectedData.dll，原因=Access to the path 'D:\Claude_Workspace\AATL\runtimes\libs\System.Security.Cryptography.ProtectedData.dll' is denied.
[2026-07-03 19:17:18.808][INF] [cfg=Default] 文件备份成功：源文件=D:\Claude_Workspace\AATL\runtimes\libs\System.Security.Cryptography.ProtectedData.dll，备份文件=D:\Claude_Workspace\AATL\runtimes\libs\System.Security.Cryptography.ProtectedData.dll.202607031917.0.backupMFA
[2026-07-03 19:17:18.809][ERR] [cfg=Default] 删除文件失败，准备尝试备份：文件=D:\Claude_Workspace\AATL\runtimes\libs\TextMateSharp.dll，原因=Access to the path 'D:\Claude_Workspace\AATL\runtimes\libs\TextMateSharp.dll' is denied.
[2026-07-03 19:17:18.810][INF] [cfg=Default] 文件备份成功：源文件=D:\Claude_Workspace\AATL\runtimes\libs\TextMateSharp.dll，备份文件=D:\Claude_Workspace\AATL\runtimes\libs\TextMateSharp.dll.202607031917.0.backupMFA
[2026-07-03 19:17:18.811][ERR] [cfg=Default] 删除文件失败，准备尝试备份：文件=D:\Claude_Workspace\AATL\runtimes\libs\TextMateSharp.Grammars.dll，原因=Access to the path 'D:\Claude_Workspace\AATL\runtimes\libs\TextMateSharp.Grammars.dll' is denied.
[2026-07-03 19:17:18.811][INF] [cfg=Default] 文件备份成功：源文件=D:\Claude_Workspace\AATL\runtimes\libs\TextMateSharp.Grammars.dll，备份文件=D:\Claude_Workspace\AATL\runtimes\libs\TextMateSharp.Grammars.dll.202607031917.0.backupMFA
[2026-07-03 19:17:18.816][ERR] [cfg=Default] 删除文件失败，准备尝试备份：文件=D:\Claude_Workspace\AATL\runtimes\libs\uiohook.dll，原因=Access to the path 'D:\Claude_Workspace\AATL\runtimes\libs\uiohook.dll' is denied.
[2026-07-03 19:17:18.817][INF] [cfg=Default] 文件备份成功：源文件=D:\Claude_Workspace\AATL\runtimes\libs\uiohook.dll，备份文件=D:\Claude_Workspace\AATL\runtimes\libs\uiohook.dll.202607031917.0.backupMFA
[2026-07-03 19:17:18.818][ERR] [cfg=Default] 删除文件失败，准备尝试备份：文件=D:\Claude_Workspace\AATL\runtimes\libs\ZstdSharp.dll，原因=Access to the path 'D:\Claude_Workspace\AATL\runtimes\libs\ZstdSharp.dll' is denied.
[2026-07-03 19:17:18.819][INF] [cfg=Default] 文件备份成功：源文件=D:\Claude_Workspace\AATL\runtimes\libs\ZstdSharp.dll，备份文件=D:\Claude_Workspace\AATL\runtimes\libs\ZstdSharp.dll.202607031917.0.backupMFA
[2026-07-03 19:17:18.827][ERR] [cfg=Default] 删除文件失败，准备尝试备份：文件=D:\Claude_Workspace\AATL\runtimes\win-x64\native\DirectML.dll，原因=Access to the path 'D:\Claude_Workspace\AATL\runtimes\win-x64\native\DirectML.dll' is denied.
[2026-07-03 19:17:18.827][INF] [cfg=Default] 文件备份成功：源文件=D:\Claude_Workspace\AATL\runtimes\win-x64\native\DirectML.dll，备份文件=D:\Claude_Workspace\AATL\runtimes\win-x64\native\DirectML.dll.202607031917.0.backupMFA
[2026-07-03 19:17:18.834][ERR] [cfg=Default] 删除文件失败，准备尝试备份：文件=D:\Claude_Workspace\AATL\runtimes\win-x64\native\fastdeploy_ppocr_maa.dll，原因=Access to the path 'D:\Claude_Workspace\AATL\runtimes\win-x64\native\fastdeploy_ppocr_maa.dll' is denied.
[2026-07-03 19:17:18.835][INF] [cfg=Default] 文件备份成功：源文件=D:\Claude_Workspace\AATL\runtimes\win-x64\native\fastdeploy_ppocr_maa.dll，备份文件=D:\Claude_Workspace\AATL\runtimes\win-x64\native\fastdeploy_ppocr_maa.dll.202607031917.0.backupMFA
[2026-07-03 19:17:18.849][ERR] [cfg=Default] 删除文件失败，准备尝试备份：文件=D:\Claude_Workspace\AATL\runtimes\win-x64\native\MaaFramework.dll，原因=Access to the path 'D:\Claude_Workspace\AATL\runtimes\win-x64\native\MaaFramework.dll' is denied.
[2026-07-03 19:17:18.849][INF] [cfg=Default] 文件备份成功：源文件=D:\Claude_Workspace\AATL\runtimes\win-x64\native\MaaFramework.dll，备份文件=D:\Claude_Workspace\AATL\runtimes\win-x64\native\MaaFramework.dll.202607031917.0.backupMFA
[2026-07-03 19:17:18.860][ERR] [cfg=Default] 删除文件失败，准备尝试备份：文件=D:\Claude_Workspace\AATL\runtimes\win-x64\native\MaaToolkit.dll，原因=Access to the path 'D:\Claude_Workspace\AATL\runtimes\win-x64\native\MaaToolkit.dll' is denied.
[2026-07-03 19:17:18.860][INF] [cfg=Default] 文件备份成功：源文件=D:\Claude_Workspace\AATL\runtimes\win-x64\native\MaaToolkit.dll，备份文件=D:\Claude_Workspace\AATL\runtimes\win-x64\native\MaaToolkit.dll.202607031917.0.backupMFA
[2026-07-03 19:17:18.861][ERR] [cfg=Default] 删除文件失败，准备尝试备份：文件=D:\Claude_Workspace\AATL\runtimes\win-x64\native\MaaUtils.dll，原因=Access to the path 'D:\Claude_Workspace\AATL\runtimes\win-x64\native\MaaUtils.dll' is denied.
[2026-07-03 19:17:18.861][INF] [cfg=Default] 文件备份成功：源文件=D:\Claude_Workspace\AATL\runtimes\win-x64\native\MaaUtils.dll，备份文件=D:\Claude_Workspace\AATL\runtimes\win-x64\native\MaaUtils.dll.202607031917.0.backupMFA
[2026-07-03 19:17:18.865][ERR] [cfg=Default] 删除文件失败，准备尝试备份：文件=D:\Claude_Workspace\AATL\runtimes\win-x64\native\onnxruntime_maa.dll，原因=Access to the path 'D:\Claude_Workspace\AATL\runtimes\win-x64\native\onnxruntime_maa.dll' is denied.
[2026-07-03 19:17:18.866][INF] [cfg=Default] 文件备份成功：源文件=D:\Claude_Workspace\AATL\runtimes\win-x64\native\onnxruntime_maa.dll，备份文件=D:\Claude_Workspace\AATL\runtimes\win-x64\native\onnxruntime_maa.dll.202607031917.0.backupMFA
[2026-07-03 19:17:18.872][ERR] [cfg=Default] 删除文件失败，准备尝试备份：文件=D:\Claude_Workspace\AATL\runtimes\win-x64\native\opencv_world4_maa.dll，原因=Access to the path 'D:\Claude_Workspace\AATL\runtimes\win-x64\native\opencv_world4_maa.dll' is denied.
[2026-07-03 19:17:18.872][INF] [cfg=Default] 文件备份成功：源文件=D:\Claude_Workspace\AATL\runtimes\win-x64\native\opencv_world4_maa.dll，备份文件=D:\Claude_Workspace\AATL\runtimes\win-x64\native\opencv_world4_maa.dll.202607031917.0.backupMFA
[2026-07-03 19:17:18.884][ERR] [cfg=Default] 删除文件失败，准备尝试备份：文件=D:\Claude_Workspace\AATL\runtimes\libs\locales\en-US\MFAAvalonia.Core.resources.dll，原因=Access to the path 'D:\Claude_Workspace\AATL\runtimes\libs\locales\en-US\MFAAvalonia.Core.resources.dll' is denied.
[2026-07-03 19:17:18.884][INF] [cfg=Default] 文件备份成功：源文件=D:\Claude_Workspace\AATL\runtimes\libs\locales\en-US\MFAAvalonia.Core.resources.dll，备份文件=D:\Claude_Workspace\AATL\runtimes\libs\locales\en-US\MFAAvalonia.Core.resources.dll.202607031917.0.backupMFA
[2026-07-03 19:17:18.913][ERR] [cfg=Default] 删除文件失败，准备尝试备份：文件=D:\Claude_Workspace\AATL\runtimes\win-x64\native\plugins\MaaPluginDemo.dll，原因=Access to the path 'D:\Claude_Workspace\AATL\runtimes\win-x64\native\plugins\MaaPluginDemo.dll' is denied.
[2026-07-03 19:17:18.913][INF] [cfg=Default] 文件备份成功：源文件=D:\Claude_Workspace\AATL\runtimes\win-x64\native\plugins\MaaPluginDemo.dll，备份文件=D:\Claude_Workspace\AATL\runtimes\win-x64\native\plugins\MaaPluginDemo.dll.202607031917.0.backupMFA
[2026-07-03 19:17:18.921][INF] [cfg=Default] 准备重新启动应用：可执行文件=D:\Claude_Workspace\AATL\AATL.exe
[2026-07-03 19:17:18.921][INF] [cfg=Default] 当前 MFA 进程即将退出。
[2026-07-03 19:17:20.822][INF] 正在加载配置列表...
[2026-07-03 19:17:20.844][INF] 应用安装目录：D:\Claude_Workspace\AATL
[2026-07-03 19:17:20.844][INF] 应用数据目录：D:\Claude_Workspace\AATL
[2026-07-03 19:17:20.844][INF] 是否使用独立数据目录：False
[2026-07-03 19:17:20.844][INF] 配置目录：D:\Claude_Workspace\AATL\resource\config
[2026-07-03 19:17:20.844][INF] 是否使用本地配置目录：True
[2026-07-03 19:17:20.844][INF] 日志目录：D:\Claude_Workspace\AATL\debug\logs
[2026-07-03 19:17:20.844][INF] 备份文件数量：89
[2026-07-03 19:17:20.844][INF] 临时目录是否存在：True
[2026-07-03 19:17:20.844][INF] [cfg=Default] 应用安装目录：D:\Claude_Workspace\AATL
[2026-07-03 19:17:20.844][INF] [cfg=Default] 应用数据目录：D:\Claude_Workspace\AATL
[2026-07-03 19:17:20.844][INF] [cfg=Default] 是否使用独立数据目录：False
[2026-07-03 19:17:20.844][INF] [cfg=Default] 配置目录：D:\Claude_Workspace\AATL\resource\config
[2026-07-03 19:17:20.844][INF] [cfg=Default] 是否使用本地配置目录：True
[2026-07-03 19:17:20.844][INF] [cfg=Default] 日志目录：D:\Claude_Workspace\AATL\debug\logs
[2026-07-03 19:17:20.844][INF] [cfg=Default] 备份文件数量：89
[2026-07-03 19:17:20.844][INF] [cfg=Default] 临时目录是否存在：True
[2026-07-03 19:17:20.852][INF] [cfg=Default] 已通过 Windows API 添加 DLL 搜索目录：D:\Claude_Workspace\AATL\runtimes/libs
[2026-07-03 19:17:20.852][INF] [cfg=Default] 库解析器初始化完成：libsPath=D:\Claude_Workspace\AATL\runtimes/libs，目录存在=True
[2026-07-03 19:17:20.857][INF] [cfg=Default] 检测到 MaaFramework 运行时目录：数量=1，路径=[D:\Claude_Workspace\AATL\runtimes\win-x64\native]
[2026-07-03 19:17:20.859][INF] [cfg=Default] 启动参数：数量=0，内容=[]
[2026-07-03 19:17:20.859][INF] [cfg=Default] 程序版本：v2.12.2-beta.1
[2026-07-03 19:17:20.859][INF] [cfg=Default] .NET 运行时：.NET 10.0.8
[2026-07-03 19:17:21.519][INF] [cfg=Default] 已清理 backupMFA 文件：文件=D:\Claude_Workspace\AATL\AATL.dll.202607031917.0.backupMFA
[2026-07-03 19:17:21.520][INF] [cfg=Default] 已清理 backupMFA 文件：文件=D:\Claude_Workspace\AATL\AATL.exe.202607031917.0.backupMFA
[2026-07-03 19:17:21.520][INF] [cfg=Default] 已清理 backupMFA 文件：文件=D:\Claude_Workspace\AATL\libloader.dll.202607031917.0.backupMFA
[2026-07-03 19:17:23.240][INF] [cfg=Default] 开始初始化语言管理器。
[2026-07-03 19:17:23.820][INF] [cfg=Default] 当前配置：Default
[2026-07-03 19:17:23.863][INF] [cfg=Default] 已恢复系统休眠。
[2026-07-03 19:17:23.869][INF] [cfg=Default] 热键主进程选举：已成为主进程（创建了新的全局互斥锁）。
[2026-07-03 19:17:23.869][INF] [cfg=Default] 全局热键服务：作为主进程初始化。
[2026-07-03 19:17:23.879][INF] [cfg=Default] 热键 IPC 端口文件已保存：文件=C:\Users\Alouette\AppData\Local\Temp\MFAAvalonia\hotkey_ipc_port.txt
[2026-07-03 19:17:23.879][INF] [cfg=Default] 热键 IPC 服务端已启动：端口=52718
[2026-07-03 19:17:23.898][INF] [cfg=Default] [内存管理]释放了1.22 MB（28.7%)
[2026-07-03 19:17:24.382][WRN] [cfg=Default] 界面资源接口尚未初始化完成。
[2026-07-03 19:17:24.396][INF] [cfg=Default] [调试] instances 目录中实际存在的实例文件数量：1, ID列表：[default]
[2026-07-03 19:17:24.593][INF] [cfg=Default] 本地更新包按钮可见性已刷新：来源=config.Debug(string)，原始值=，解析结果=False
[2026-07-03 19:17:24.593][INF] [cfg=Default] 资源版本：0.5.4
[2026-07-03 19:17:24.593][INF] [cfg=Default] MaaFramework 版本：v5.11.1
[2026-07-03 19:17:24.698][INF] [cfg=Default] [懒加载] 已加载当天有定时任务的实例
[2026-07-03 19:17:24.823][INF] [cfg=Default] 窗口大小已加载：宽度=1028，高度=650
[2026-07-03 19:17:24.831][INF] [cfg=Default] 窗口位置已加载：X=754，Y=262
[2026-07-03 19:17:25.288][WRN] [cfg=Default] 跨平台数据解密失败：参数错误。
[2026-07-03 19:17:25.464][WRN] [cfg=Default] 跨平台数据解密失败：The input is not a valid Base-64 string as it contains a non-base 64 character, more than two padding characters, or an illegal character among the padding characters.
[2026-07-03 19:17:25.525][INF] [cfg=Default] 本地更新包按钮可见性已刷新：来源=config.Debug(string)，原始值=，解析结果=False
[2026-07-03 19:17:25.525][INF] [cfg=Default] 设置页调试卡片可见性已应用：False
[2026-07-03 19:17:26.246][INF] [cfg=Default] [调试] instances 目录中实际存在的实例文件数量：1, ID列表：[default]
[2026-07-03 19:17:26.255][INF] [cfg=Default] [懒加载] 已加载当天有定时任务的实例
[2026-07-03 19:17:26.790][INF] [cfg=Default] [懒加载] 所有实例加载完成
[2026-07-03 19:17:26.791][INF] [cfg=Default] [懒加载] 所有实例加载完成
[2026-07-03 19:17:26.848][INF] [cfg=Default] 界面初始化开始
[2026-07-03 19:17:26.935][INF] [cfg=Default][inst=配置 1/default][src=UI][op=ChangeResource] 当前资源变更：resource=, controller=Adb
[2026-07-03 19:17:26.936][INF] [cfg=Default][inst=配置 1/default][src=UI][op=ChangeResource] 当前资源变更：resource=刀剑乱舞, controller=Adb
[2026-07-03 19:17:26.939][INF] [cfg=Default][inst=配置 1/default][src=UI][op=ChangeResource] 当前资源变更：resource=, controller=Adb
[2026-07-03 19:17:26.944][INF] [cfg=Default][inst=配置 1/default][src=UI][op=ChangeResource] 当前资源变更：resource=刀剑乱舞, controller=Adb
[2026-07-03 19:17:27.310][INF] [cfg=Default] 保留最近的备份文件：D:\Claude_Workspace\AATL\runtimes\libs\Avalonia.Xaml.Interactivity.dll.202607031917.0.backupMFA
[2026-07-03 19:17:27.310][INF] [cfg=Default] 保留最近的备份文件：D:\Claude_Workspace\AATL\runtimes\libs\AvaloniaEdit.TextMate.dll.202607031917.0.backupMFA
[2026-07-03 19:17:27.310][INF] [cfg=Default] 保留最近的备份文件：D:\Claude_Workspace\AATL\runtimes\libs\AvaloniaExtensions.Axaml.dll.202607031917.0.backupMFA
[2026-07-03 19:17:27.310][INF] [cfg=Default] 保留最近的备份文件：D:\Claude_Workspace\AATL\runtimes\libs\av_libglesv2.dll.202607031917.0.backupMFA
[2026-07-03 19:17:27.310][INF] [cfg=Default] 保留最近的备份文件：D:\Claude_Workspace\AATL\runtimes\libs\CalcBindingAva.dll.202607031917.0.backupMFA
[2026-07-03 19:17:27.310][INF] [cfg=Default] 保留最近的备份文件：D:\Claude_Workspace\AATL\runtimes\libs\ColorDocument.Avalonia.dll.202607031917.0.backupMFA
[2026-07-03 19:17:27.310][INF] [cfg=Default] 保留最近的备份文件：D:\Claude_Workspace\AATL\runtimes\libs\ColorTextBlock.Avalonia.dll.202607031917.0.backupMFA
[2026-07-03 19:17:27.310][INF] [cfg=Default] 保留最近的备份文件：D:\Claude_Workspace\AATL\runtimes\libs\CommunityToolkit.Mvvm.dll.202607031917.0.backupMFA
[2026-07-03 19:17:27.310][INF] [cfg=Default] 保留最近的备份文件：D:\Claude_Workspace\AATL\runtimes\libs\CrossPlatformProtectedData.dll.202607031917.0.backupMFA
[2026-07-03 19:17:27.310][INF] [cfg=Default] 保留最近的备份文件：D:\Claude_Workspace\AATL\runtimes\libs\DynamicExpresso.Core.dll.202607031917.0.backupMFA
[2026-07-03 19:17:27.310][INF] [cfg=Default] 保留最近的备份文件：D:\Claude_Workspace\AATL\runtimes\libs\FluentAvalonia.dll.202607031917.0.backupMFA
[2026-07-03 19:17:27.310][INF] [cfg=Default] 保留最近的备份文件：D:\Claude_Workspace\AATL\runtimes\libs\FluentIcons.Resources.Avalonia.dll.202607031917.0.backupMFA
[2026-07-03 19:17:27.310][INF] [cfg=Default] 保留最近的备份文件：D:\Claude_Workspace\AATL\runtimes\libs\HarfBuzzSharp.dll.202607031917.0.backupMFA
[2026-07-03 19:17:27.310][INF] [cfg=Default] 保留最近的备份文件：D:\Claude_Workspace\AATL\runtimes\libs\HtmlAgilityPack.dll.202607031917.0.backupMFA
[2026-07-03 19:17:27.310][INF] [cfg=Default] 保留最近的备份文件：D:\Claude_Workspace\AATL\runtimes\libs\Lang.Avalonia.dll.202607031917.0.backupMFA
[2026-07-03 19:17:27.310][INF] [cfg=Default] 保留最近的备份文件：D:\Claude_Workspace\AATL\runtimes\libs\libHarfBuzzSharp.dll.202607031917.0.backupMFA
[2026-07-03 19:17:27.310][INF] [cfg=Default] 保留最近的备份文件：D:\Claude_Workspace\AATL\runtimes\libs\libSkiaSharp.dll.202607031917.0.backupMFA
[2026-07-03 19:17:27.310][INF] [cfg=Default] 保留最近的备份文件：D:\Claude_Workspace\AATL\runtimes\libs\MaaFramework.Binding.Native.dll.202607031917.0.backupMFA
[2026-07-03 19:17:27.311][INF] [cfg=Default] 保留最近的备份文件：D:\Claude_Workspace\AATL\runtimes\libs\Markdown.Avalonia.SyntaxHigh.dll.202607031917.0.backupMFA
[2026-07-03 19:17:27.311][INF] [cfg=Default] 保留最近的备份文件：D:\Claude_Workspace\AATL\runtimes\libs\MFAAvalonia.Core.dll.202607031917.0.backupMFA
[2026-07-03 19:17:27.311][INF] [cfg=Default] 保留最近的备份文件：D:\Claude_Workspace\AATL\runtimes\libs\MicroCom.Runtime.dll.202607031917.0.backupMFA
[2026-07-03 19:17:27.311][INF] [cfg=Default] 保留最近的备份文件：D:\Claude_Workspace\AATL\runtimes\libs\Microsoft.WindowsAPICodePack.Shell.dll.202607031917.0.backupMFA
[2026-07-03 19:17:27.311][INF] [cfg=Default] 保留最近的备份文件：D:\Claude_Workspace\AATL\runtimes\libs\NETCore.Encrypt.dll.202607031917.0.backupMFA
[2026-07-03 19:17:27.311][INF] [cfg=Default] 保留最近的备份文件：D:\Claude_Workspace\AATL\runtimes\libs\Newtonsoft.Json.dll.202607031917.0.backupMFA
[2026-07-03 19:17:27.311][INF] [cfg=Default] 保留最近的备份文件：D:\Claude_Workspace\AATL\runtimes\libs\Semver.dll.202607031917.0.backupMFA
[2026-07-03 19:17:27.311][INF] [cfg=Default] 保留最近的备份文件：D:\Claude_Workspace\AATL\runtimes\libs\Serilog.Sinks.File.dll.202607031917.0.backupMFA
[2026-07-03 19:17:27.311][INF] [cfg=Default] 保留最近的备份文件：D:\Claude_Workspace\AATL\runtimes\libs\SharpCompress.dll.202607031917.0.backupMFA
[2026-07-03 19:17:27.311][INF] [cfg=Default] 保留最近的备份文件：D:\Claude_Workspace\AATL\runtimes\libs\SharpHook.dll.202607031917.0.backupMFA
[2026-07-03 19:17:27.311][INF] [cfg=Default] 保留最近的备份文件：D:\Claude_Workspace\AATL\runtimes\libs\SkiaSharp.dll.202607031917.0.backupMFA
[2026-07-03 19:17:27.311][INF] [cfg=Default] 保留最近的备份文件：D:\Claude_Workspace\AATL\runtimes\libs\SukiUI.dll.202607031917.0.backupMFA
[2026-07-03 19:17:27.311][INF] [cfg=Default] 保留最近的备份文件：D:\Claude_Workspace\AATL\runtimes\libs\System.Security.Cryptography.ProtectedData.dll.202607031917.0.backupMFA
[2026-07-03 19:17:27.311][INF] [cfg=Default] 保留最近的备份文件：D:\Claude_Workspace\AATL\runtimes\libs\TextMateSharp.Grammars.dll.202607031917.0.backupMFA
[2026-07-03 19:17:27.311][INF] [cfg=Default] 保留最近的备份文件：D:\Claude_Workspace\AATL\runtimes\libs\uiohook.dll.202607031917.0.backupMFA
[2026-07-03 19:17:27.311][INF] [cfg=Default] 保留最近的备份文件：D:\Claude_Workspace\AATL\runtimes\libs\ZstdSharp.dll.202607031917.0.backupMFA
[2026-07-03 19:17:27.324][INF] [cfg=Default] 保留最近的备份文件：D:\Claude_Workspace\AATL\runtimes\win-x64\native\DirectML.dll.202607031917.0.backupMFA
[2026-07-03 19:17:27.324][INF] [cfg=Default] 保留最近的备份文件：D:\Claude_Workspace\AATL\runtimes\win-x64\native\fastdeploy_ppocr_maa.dll.202607031917.0.backupMFA
[2026-07-03 19:17:27.324][INF] [cfg=Default] 保留最近的备份文件：D:\Claude_Workspace\AATL\runtimes\win-x64\native\MaaFramework.dll.202607031917.0.backupMFA
[2026-07-03 19:17:27.324][INF] [cfg=Default] 保留最近的备份文件：D:\Claude_Workspace\AATL\runtimes\win-x64\native\MaaToolkit.dll.202607031917.0.backupMFA
[2026-07-03 19:17:27.324][INF] [cfg=Default] 保留最近的备份文件：D:\Claude_Workspace\AATL\runtimes\win-x64\native\MaaUtils.dll.202607031917.0.backupMFA
[2026-07-03 19:17:27.324][INF] [cfg=Default] 保留最近的备份文件：D:\Claude_Workspace\AATL\runtimes\win-x64\native\onnxruntime_maa.dll.202607031917.0.backupMFA
[2026-07-03 19:17:27.324][INF] [cfg=Default] 保留最近的备份文件：D:\Claude_Workspace\AATL\runtimes\win-x64\native\opencv_world4_maa.dll.202607031917.0.backupMFA
[2026-07-03 19:17:27.340][INF] [cfg=Default] 保留最近的备份文件：D:\Claude_Workspace\AATL\runtimes\libs\locales\en-US\MFAAvalonia.Core.resources.dll.202607031917.0.backupMFA
[2026-07-03 19:17:27.341][INF] [cfg=Default] 保留最近的备份文件：D:\Claude_Workspace\AATL\runtimes\win-x64\native\plugins\MaaPluginDemo.dll.202607031917.0.backupMFA
[2026-07-03 19:17:27.515][INF] [cfg=Default] >>> 任务 公告和最新版本检测开始（异步）。
[2026-07-03 19:17:27.849][INF] [cfg=Default] 正在从配置中读取已保存的 ADB 设备，并启用指纹匹配。
[2026-07-03 19:17:27.850][INF] [cfg=Default] 已保存设备的指纹：MuMu安卓设备-MuMuPlayer12 v5|0|127.0.0.1|16384
[2026-07-03 19:17:28.019][INF] [cfg=Default] 按指纹匹配到的设备数量：1
[2026-07-03 19:17:28.019][INF] [cfg=Default] 已通过指纹匹配到设备：名称=MuMu安卓设备-MuMuPlayer12 v5，ADB 序列号=127.0.0.1:16384
[2026-07-03 19:17:28.137][ERR] [cfg=Default] 配置保存失败：default.json
System.IO.IOException: The process cannot access the file 'D:\Claude_Workspace\AATL\resource\config\instances\default.json' because it is being used by another process.
   at Microsoft.Win32.SafeHandles.SafeFileHandle.CreateFile(String fullPath, FileMode mode, FileAccess access, FileShare share, FileOptions options)
   at Microsoft.Win32.SafeHandles.SafeFileHandle.Open(String fullPath, FileMode mode, FileAccess access, FileShare share, FileOptions options, Int64 preallocationSize, Nullable`1 unixCreateMode)
   at System.IO.File.OpenHandle(String path, FileMode mode, FileAccess access, FileShare share, FileOptions options, Int64 preallocationSize)
   at System.IO.File.WriteToFile(String path, FileMode mode, ReadOnlySpan`1 contents, Encoding encoding)
   at System.IO.File.WriteAllText(String path, String contents, Encoding encoding)
   at MFAAvalonia.Helper.JsonHelper.SaveJson[T](String filePath, T config, JsonConverter[] converters)
[2026-07-03 19:17:28.276][INF] [cfg=Default][inst=配置 1/default][src=Monitor][op=MonitorLog] 正在连接至模拟器......
[2026-07-03 19:17:28.352][INF] [cfg=Default][inst=配置 1/default][src=Worker][op=ExecuteTaskQueue] >>> 任务 启动任务开始（异步）。
[2026-07-03 19:17:28.370][INF] [cfg=Default][inst=配置 1/default][src=Worker][op=ExecuteTaskQueue] 正在载入资源
[2026-07-03 19:17:28.370][INF] [cfg=Default][inst=配置 1/default][src=Worker][op=ExecuteTaskQueue] 资源路径：D:\Claude_Workspace\AATL\resource\base
[2026-07-03 19:17:28.371][INF] [cfg=Default][inst=配置 1/default][src=Worker][op=ExecuteTaskQueue] >>> 任务 资源检测开始（异步）。
[2026-07-03 19:17:28.417][INF] [cfg=Default][inst=配置 1/default][src=UI][op=ChangeDevice] 当前连接目标变更：controller=Adb, resource=刀剑乱舞, device=MuMu安卓设备-MuMuPlayer12 v5（127.0.0.1:16384)
[2026-07-03 19:17:28.478][INF] [cfg=Default][inst=配置 1/default][src=Worker][op=ExecuteTaskQueue] >>> 任务 资源检测完成（异步）。
[2026-07-03 19:17:28.479][INF] [cfg=Default][inst=配置 1/default][src=Worker][op=ExecuteTaskQueue] 启用 GPU 推理：成功
[2026-07-03 19:17:28.480][INF] [cfg=Default][inst=配置 1/default][src=Worker][op=ExecuteTaskQueue] GPU acceleration: Auto
[2026-07-03 19:17:28.480][INF] [cfg=Default][inst=配置 1/default][src=Worker][op=ExecuteTaskQueue] >>> 任务 控制器检测开始（异步）。
[2026-07-03 19:17:28.480][INF] [cfg=Default][inst=配置 1/default][src=Worker][op=ExecuteTaskQueue] 正在加载 MAA 控制器配置...
[2026-07-03 19:17:28.481][INF] [cfg=Default][inst=配置 1/default][src=Worker][op=ExecuteTaskQueue] 触控模式:Default,捕获模式:EmulatorExtras
[2026-07-03 19:17:28.482][INF] [cfg=Default][inst=配置 1/default][src=Worker][op=ExecuteTaskQueue] 设备名称：MuMu安卓设备-MuMuPlayer12 v5
[2026-07-03 19:17:28.482][INF] [cfg=Default][inst=配置 1/default][src=Worker][op=ExecuteTaskQueue] ADB 路径：D:/Apps/MuMu/MuMuPlayer/nx_main/adb.exe
[2026-07-03 19:17:28.482][INF] [cfg=Default][inst=配置 1/default][src=Worker][op=ExecuteTaskQueue] ADB 序列号：127.0.0.1:16384
[2026-07-03 19:17:28.482][INF] [cfg=Default][inst=配置 1/default][src=Worker][op=ExecuteTaskQueue] 截图模式：EmulatorExtras
[2026-07-03 19:17:28.482][INF] [cfg=Default][inst=配置 1/default][src=Worker][op=ExecuteTaskQueue] 输入模式：Default
[2026-07-03 19:17:28.482][INF] [cfg=Default][inst=配置 1/default][src=Worker][op=ExecuteTaskQueue] 控制器配置：{"extras":{"mumu":{"enable":true,"index":0,"path":"D:/Apps/MuMu/MuMuPlayer"}}
[2026-07-03 19:17:28.961][INF] [cfg=Default] 公告数量：2
[2026-07-03 19:17:29.020][INF] [cfg=Default][inst=配置 1/default][src=Worker][op=ExecuteTaskQueue] >>> 任务 控制器检测完成（异步）。
[2026-07-03 19:17:29.093][INF] [cfg=Default] >>> 任务 公告和最新版本检测完成（异步）。
[2026-07-03 19:17:29.746][INF] [cfg=Default][inst=配置 1/default][src=Worker][op=ExecuteTaskQueue] 已注册内置特殊任务动作。
[2026-07-03 19:17:29.959][INF] [cfg=Default][inst=配置 1/default][src=Worker][op=ExecuteTaskQueue] 已启动自定义类目录监听：目录=D:\Claude_Workspace\AATL\resource\base\custom
[2026-07-03 19:17:29.964][INF] [cfg=Default][inst=配置 1/default][src=Worker][op=ExecuteTaskQueue] 开始解析自定义类：名称=DamageLogAction，文件=D:\Claude_Workspace\AATL\resource\base\custom\DamageLogAction.cs
[2026-07-03 19:17:30.820][INF] [cfg=Default][inst=配置 1/default][src=Worker][op=ExecuteTaskQueue] 已成功加载自定义类：名称=DamageLogAction，文件=D:\Claude_Workspace\AATL\resource\base\custom\DamageLogAction.cs
[2026-07-03 19:17:30.820][INF] [cfg=Default][inst=配置 1/default][src=Worker][op=ExecuteTaskQueue] 开始解析自定义类：名称=DispatchLogAction，文件=D:\Claude_Workspace\AATL\resource\base\custom\DispatchLogAction.cs
[2026-07-03 19:17:31.000][INF] [cfg=Default][inst=配置 1/default][src=Worker][op=ExecuteTaskQueue] 已成功加载自定义类：名称=DispatchLogAction，文件=D:\Claude_Workspace\AATL\resource\base\custom\DispatchLogAction.cs
[2026-07-03 19:17:31.000][INF] [cfg=Default][inst=配置 1/default][src=Worker][op=ExecuteTaskQueue] 开始解析自定义类：名称=DungeonFloorSelectAction，文件=D:\Claude_Workspace\AATL\resource\base\custom\DungeonFloorSelectAction.cs
[2026-07-03 19:17:31.129][INF] [cfg=Default][inst=配置 1/default][src=Worker][op=ExecuteTaskQueue] 已成功加载自定义类：名称=DungeonFloorSelectAction，文件=D:\Claude_Workspace\AATL\resource\base\custom\DungeonFloorSelectAction.cs
[2026-07-03 19:17:31.129][INF] [cfg=Default][inst=配置 1/default][src=Worker][op=ExecuteTaskQueue] 开始解析自定义类：名称=ExpeditionMapSelectAction，文件=D:\Claude_Workspace\AATL\resource\base\custom\ExpeditionMapSelectAction.cs
[2026-07-03 19:17:31.214][INF] [cfg=Default][inst=配置 1/default][src=Worker][op=ExecuteTaskQueue] 已成功加载自定义类：名称=ExpeditionMapSelectAction，文件=D:\Claude_Workspace\AATL\resource\base\custom\ExpeditionMapSelectAction.cs
[2026-07-03 19:17:31.214][INF] [cfg=Default][inst=配置 1/default][src=Worker][op=ExecuteTaskQueue] 已注册自定义动作：DamageLogAction
[2026-07-03 19:17:31.214][INF] [cfg=Default][inst=配置 1/default][src=Worker][op=ExecuteTaskQueue] 已注册自定义动作：DispatchLogAction
[2026-07-03 19:17:31.214][INF] [cfg=Default][inst=配置 1/default][src=Worker][op=ExecuteTaskQueue] 已注册自定义动作：DungeonFloorSelectAction
[2026-07-03 19:17:31.214][INF] [cfg=Default][inst=配置 1/default][src=Worker][op=ExecuteTaskQueue] 已注册自定义动作：ExpeditionMapSelectAction
[2026-07-03 19:17:31.214][INF] [cfg=Default][inst=配置 1/default][src=Worker][op=ExecuteTaskQueue] 未找到自定义目录：D:\Claude_Workspace\AATL\resource\custom
[2026-07-03 19:17:31.214][INF] [cfg=Default][inst=配置 1/default][src=Worker][op=ExecuteTaskQueue] 连接状态变更：已连接。
[2026-07-03 19:17:31.216][INF] [cfg=Default][inst=配置 1/default][src=Worker][op=ExecuteTaskQueue] MaaFW 调试模式：False
[2026-07-03 19:17:33.066][INF] [cfg=Default][inst=配置 1/default][src=Worker][op=ExecuteTaskQueue] >>> 任务 启动检测开始（异步）。
[2026-07-03 19:17:33.067][INF] [cfg=Default][inst=配置 1/default][src=Worker][op=ExecuteTaskQueue] 开始执行更新任务：名称=查询CDK
[2026-07-03 19:17:33.068][INF] [cfg=Default][inst=配置 1/default][src=Worker][op=ExecuteTaskQueue] 更新任务完成：名称=查询CDK
[2026-07-03 19:17:33.068][INF] [cfg=Default][inst=配置 1/default][src=Worker][op=ExecuteTaskQueue] 开始执行更新任务：名称=更新资源
[2026-07-03 19:17:34.291][INF] [cfg=Default] 应用已关闭
[2026-07-03 19:17:34.294][INF] [cfg=Default] 已释放自定义类目录监听器。
[2026-07-03 19:25:37.139][INF] 正在加载配置列表...
[2026-07-03 19:25:37.161][INF] 应用安装目录：D:\Claude_Workspace\AATL
[2026-07-03 19:25:37.162][INF] 应用数据目录：D:\Claude_Workspace\AATL
[2026-07-03 19:25:37.162][INF] 是否使用独立数据目录：False
[2026-07-03 19:25:37.162][INF] 配置目录：D:\Claude_Workspace\AATL\resource\config
[2026-07-03 19:25:37.162][INF] 是否使用本地配置目录：True
[2026-07-03 19:25:37.162][INF] 日志目录：D:\Claude_Workspace\AATL\debug\logs
[2026-07-03 19:25:37.162][INF] 备份文件数量：43
[2026-07-03 19:25:37.162][INF] 临时目录是否存在：True
[2026-07-03 19:25:37.162][INF] [cfg=Default] 应用安装目录：D:\Claude_Workspace\AATL
[2026-07-03 19:25:37.162][INF] [cfg=Default] 应用数据目录：D:\Claude_Workspace\AATL
[2026-07-03 19:25:37.162][INF] [cfg=Default] 是否使用独立数据目录：False
[2026-07-03 19:25:37.162][INF] [cfg=Default] 配置目录：D:\Claude_Workspace\AATL\resource\config
[2026-07-03 19:25:37.162][INF] [cfg=Default] 是否使用本地配置目录：True
[2026-07-03 19:25:37.162][INF] [cfg=Default] 日志目录：D:\Claude_Workspace\AATL\debug\logs
[2026-07-03 19:25:37.162][INF] [cfg=Default] 备份文件数量：43
[2026-07-03 19:25:37.162][INF] [cfg=Default] 临时目录是否存在：True
[2026-07-03 19:25:37.168][INF] [cfg=Default] 已通过 Windows API 添加 DLL 搜索目录：D:\Claude_Workspace\AATL\runtimes/libs
[2026-07-03 19:25:37.168][INF] [cfg=Default] 库解析器初始化完成：libsPath=D:\Claude_Workspace\AATL\runtimes/libs，目录存在=True
[2026-07-03 19:25:37.172][INF] [cfg=Default] 检测到 MaaFramework 运行时目录：数量=1，路径=[D:\Claude_Workspace\AATL\runtimes\win-x64\native]
[2026-07-03 19:25:37.174][INF] [cfg=Default] 启动参数：数量=0，内容=[]
[2026-07-03 19:25:37.174][INF] [cfg=Default] 程序版本：v2.12.2-beta.1
[2026-07-03 19:25:37.174][INF] [cfg=Default] .NET 运行时：.NET 10.0.8
[2026-07-03 19:25:39.023][INF] [cfg=Default] 开始初始化语言管理器。
[2026-07-03 19:25:39.467][INF] [cfg=Default] 当前配置：Default
[2026-07-03 19:25:39.509][INF] [cfg=Default] 已恢复系统休眠。
[2026-07-03 19:25:39.512][INF] [cfg=Default] 热键主进程选举：已成为主进程（创建了新的全局互斥锁）。
[2026-07-03 19:25:39.513][INF] [cfg=Default] 全局热键服务：作为主进程初始化。
[2026-07-03 19:25:39.524][INF] [cfg=Default] 热键 IPC 端口文件已保存：文件=C:\Users\Alouette\AppData\Local\Temp\MFAAvalonia\hotkey_ipc_port.txt
[2026-07-03 19:25:39.525][INF] [cfg=Default] 热键 IPC 服务端已启动：端口=52718
[2026-07-03 19:25:39.538][INF] [cfg=Default] [内存管理]释放了1.30 MB（31.3%)
[2026-07-03 19:25:39.935][WRN] [cfg=Default] 界面资源接口尚未初始化完成。
[2026-07-03 19:25:39.943][INF] [cfg=Default] [调试] instances 目录中实际存在的实例文件数量：1, ID列表：[default]
[2026-07-03 19:25:40.112][INF] [cfg=Default] 本地更新包按钮可见性已刷新：来源=config.Debug(string)，原始值=，解析结果=False
[2026-07-03 19:25:40.112][INF] [cfg=Default] 资源版本：0.5.4
[2026-07-03 19:25:40.113][INF] [cfg=Default] MaaFramework 版本：v5.11.1
[2026-07-03 19:25:40.170][INF] [cfg=Default] [懒加载] 已加载当天有定时任务的实例
[2026-07-03 19:25:40.275][INF] [cfg=Default] 窗口大小已加载：宽度=1028，高度=650
[2026-07-03 19:25:40.284][INF] [cfg=Default] 窗口位置已加载：X=754，Y=262
[2026-07-03 19:25:40.595][WRN] [cfg=Default] 跨平台数据解密失败：参数错误。
[2026-07-03 19:25:40.729][WRN] [cfg=Default] 跨平台数据解密失败：The input is not a valid Base-64 string as it contains a non-base 64 character, more than two padding characters, or an illegal character among the padding characters.
[2026-07-03 19:25:40.770][INF] [cfg=Default] 本地更新包按钮可见性已刷新：来源=config.Debug(string)，原始值=，解析结果=False
[2026-07-03 19:25:40.771][INF] [cfg=Default] 设置页调试卡片可见性已应用：False
[2026-07-03 19:25:41.533][INF] [cfg=Default] [调试] instances 目录中实际存在的实例文件数量：1, ID列表：[default]
[2026-07-03 19:25:41.544][INF] [cfg=Default] [懒加载] 已加载当天有定时任务的实例
[2026-07-03 19:25:41.959][INF] [cfg=Default] [懒加载] 所有实例加载完成
[2026-07-03 19:25:41.960][INF] [cfg=Default] [懒加载] 所有实例加载完成
[2026-07-03 19:25:42.024][INF] [cfg=Default] 界面初始化开始
[2026-07-03 19:25:42.122][INF] [cfg=Default][inst=配置 1/default][src=UI][op=ChangeResource] 当前资源变更：resource=, controller=Adb
[2026-07-03 19:25:42.124][INF] [cfg=Default][inst=配置 1/default][src=UI][op=ChangeResource] 当前资源变更：resource=刀剑乱舞, controller=Adb
[2026-07-03 19:25:42.127][INF] [cfg=Default][inst=配置 1/default][src=UI][op=ChangeResource] 当前资源变更：resource=, controller=Adb
[2026-07-03 19:25:42.131][INF] [cfg=Default][inst=配置 1/default][src=UI][op=ChangeResource] 当前资源变更：resource=刀剑乱舞, controller=Adb
[2026-07-03 19:25:42.509][INF] [cfg=Default] 保留最近的备份文件：D:\Claude_Workspace\AATL\runtimes\libs\Avalonia.Xaml.Interactivity.dll.202607031917.0.backupMFA
[2026-07-03 19:25:42.509][INF] [cfg=Default] 保留最近的备份文件：D:\Claude_Workspace\AATL\runtimes\libs\AvaloniaEdit.TextMate.dll.202607031917.0.backupMFA
[2026-07-03 19:25:42.509][INF] [cfg=Default] 保留最近的备份文件：D:\Claude_Workspace\AATL\runtimes\libs\AvaloniaExtensions.Axaml.dll.202607031917.0.backupMFA
[2026-07-03 19:25:42.509][INF] [cfg=Default] 保留最近的备份文件：D:\Claude_Workspace\AATL\runtimes\libs\av_libglesv2.dll.202607031917.0.backupMFA
[2026-07-03 19:25:42.509][INF] [cfg=Default] 保留最近的备份文件：D:\Claude_Workspace\AATL\runtimes\libs\CalcBindingAva.dll.202607031917.0.backupMFA
[2026-07-03 19:25:42.509][INF] [cfg=Default] 保留最近的备份文件：D:\Claude_Workspace\AATL\runtimes\libs\ColorDocument.Avalonia.dll.202607031917.0.backupMFA
[2026-07-03 19:25:42.509][INF] [cfg=Default] 保留最近的备份文件：D:\Claude_Workspace\AATL\runtimes\libs\ColorTextBlock.Avalonia.dll.202607031917.0.backupMFA
[2026-07-03 19:25:42.509][INF] [cfg=Default] 保留最近的备份文件：D:\Claude_Workspace\AATL\runtimes\libs\CommunityToolkit.Mvvm.dll.202607031917.0.backupMFA
[2026-07-03 19:25:42.509][INF] [cfg=Default] 保留最近的备份文件：D:\Claude_Workspace\AATL\runtimes\libs\CrossPlatformProtectedData.dll.202607031917.0.backupMFA
[2026-07-03 19:25:42.509][INF] [cfg=Default] 保留最近的备份文件：D:\Claude_Workspace\AATL\runtimes\libs\DynamicExpresso.Core.dll.202607031917.0.backupMFA
[2026-07-03 19:25:42.509][INF] [cfg=Default] 保留最近的备份文件：D:\Claude_Workspace\AATL\runtimes\libs\FluentAvalonia.dll.202607031917.0.backupMFA
[2026-07-03 19:25:42.509][INF] [cfg=Default] 保留最近的备份文件：D:\Claude_Workspace\AATL\runtimes\libs\FluentIcons.Resources.Avalonia.dll.202607031917.0.backupMFA
[2026-07-03 19:25:42.509][INF] [cfg=Default] 保留最近的备份文件：D:\Claude_Workspace\AATL\runtimes\libs\HarfBuzzSharp.dll.202607031917.0.backupMFA
[2026-07-03 19:25:42.509][INF] [cfg=Default] 保留最近的备份文件：D:\Claude_Workspace\AATL\runtimes\libs\HtmlAgilityPack.dll.202607031917.0.backupMFA
[2026-07-03 19:25:42.509][INF] [cfg=Default] 保留最近的备份文件：D:\Claude_Workspace\AATL\runtimes\libs\Lang.Avalonia.dll.202607031917.0.backupMFA
[2026-07-03 19:25:42.509][INF] [cfg=Default] 保留最近的备份文件：D:\Claude_Workspace\AATL\runtimes\libs\libHarfBuzzSharp.dll.202607031917.0.backupMFA
[2026-07-03 19:25:42.509][INF] [cfg=Default] 保留最近的备份文件：D:\Claude_Workspace\AATL\runtimes\libs\libSkiaSharp.dll.202607031917.0.backupMFA
[2026-07-03 19:25:42.509][INF] [cfg=Default] 保留最近的备份文件：D:\Claude_Workspace\AATL\runtimes\libs\MaaFramework.Binding.Native.dll.202607031917.0.backupMFA
[2026-07-03 19:25:42.509][INF] [cfg=Default] 保留最近的备份文件：D:\Claude_Workspace\AATL\runtimes\libs\Markdown.Avalonia.SyntaxHigh.dll.202607031917.0.backupMFA
[2026-07-03 19:25:42.510][INF] [cfg=Default] 保留最近的备份文件：D:\Claude_Workspace\AATL\runtimes\libs\MFAAvalonia.Core.dll.202607031917.0.backupMFA
[2026-07-03 19:25:42.510][INF] [cfg=Default] 保留最近的备份文件：D:\Claude_Workspace\AATL\runtimes\libs\MicroCom.Runtime.dll.202607031917.0.backupMFA
[2026-07-03 19:25:42.510][INF] [cfg=Default] 保留最近的备份文件：D:\Claude_Workspace\AATL\runtimes\libs\Microsoft.WindowsAPICodePack.Shell.dll.202607031917.0.backupMFA
[2026-07-03 19:25:42.510][INF] [cfg=Default] 保留最近的备份文件：D:\Claude_Workspace\AATL\runtimes\libs\NETCore.Encrypt.dll.202607031917.0.backupMFA
[2026-07-03 19:25:42.510][INF] [cfg=Default] 保留最近的备份文件：D:\Claude_Workspace\AATL\runtimes\libs\Newtonsoft.Json.dll.202607031917.0.backupMFA
[2026-07-03 19:25:42.510][INF] [cfg=Default] 保留最近的备份文件：D:\Claude_Workspace\AATL\runtimes\libs\Semver.dll.202607031917.0.backupMFA
[2026-07-03 19:25:42.510][INF] [cfg=Default] 保留最近的备份文件：D:\Claude_Workspace\AATL\runtimes\libs\Serilog.Sinks.File.dll.202607031917.0.backupMFA
[2026-07-03 19:25:42.510][INF] [cfg=Default] 保留最近的备份文件：D:\Claude_Workspace\AATL\runtimes\libs\SharpCompress.dll.202607031917.0.backupMFA
[2026-07-03 19:25:42.510][INF] [cfg=Default] 保留最近的备份文件：D:\Claude_Workspace\AATL\runtimes\libs\SharpHook.dll.202607031917.0.backupMFA
[2026-07-03 19:25:42.510][INF] [cfg=Default] 保留最近的备份文件：D:\Claude_Workspace\AATL\runtimes\libs\SkiaSharp.dll.202607031917.0.backupMFA
[2026-07-03 19:25:42.510][INF] [cfg=Default] 保留最近的备份文件：D:\Claude_Workspace\AATL\runtimes\libs\SukiUI.dll.202607031917.0.backupMFA
[2026-07-03 19:25:42.510][INF] [cfg=Default] 保留最近的备份文件：D:\Claude_Workspace\AATL\runtimes\libs\System.Security.Cryptography.ProtectedData.dll.202607031917.0.backupMFA
[2026-07-03 19:25:42.510][INF] [cfg=Default] 保留最近的备份文件：D:\Claude_Workspace\AATL\runtimes\libs\TextMateSharp.Grammars.dll.202607031917.0.backupMFA
[2026-07-03 19:25:42.510][INF] [cfg=Default] 保留最近的备份文件：D:\Claude_Workspace\AATL\runtimes\libs\uiohook.dll.202607031917.0.backupMFA
[2026-07-03 19:25:42.510][INF] [cfg=Default] 保留最近的备份文件：D:\Claude_Workspace\AATL\runtimes\libs\ZstdSharp.dll.202607031917.0.backupMFA
[2026-07-03 19:25:42.524][INF] [cfg=Default] 保留最近的备份文件：D:\Claude_Workspace\AATL\runtimes\win-x64\native\DirectML.dll.202607031917.0.backupMFA
[2026-07-03 19:25:42.524][INF] [cfg=Default] 保留最近的备份文件：D:\Claude_Workspace\AATL\runtimes\win-x64\native\fastdeploy_ppocr_maa.dll.202607031917.0.backupMFA
[2026-07-03 19:25:42.524][INF] [cfg=Default] 保留最近的备份文件：D:\Claude_Workspace\AATL\runtimes\win-x64\native\MaaFramework.dll.202607031917.0.backupMFA
[2026-07-03 19:25:42.524][INF] [cfg=Default] 保留最近的备份文件：D:\Claude_Workspace\AATL\runtimes\win-x64\native\MaaToolkit.dll.202607031917.0.backupMFA
[2026-07-03 19:25:42.524][INF] [cfg=Default] 保留最近的备份文件：D:\Claude_Workspace\AATL\runtimes\win-x64\native\MaaUtils.dll.202607031917.0.backupMFA
[2026-07-03 19:25:42.524][INF] [cfg=Default] 保留最近的备份文件：D:\Claude_Workspace\AATL\runtimes\win-x64\native\onnxruntime_maa.dll.202607031917.0.backupMFA
[2026-07-03 19:25:42.524][INF] [cfg=Default] 保留最近的备份文件：D:\Claude_Workspace\AATL\runtimes\win-x64\native\opencv_world4_maa.dll.202607031917.0.backupMFA
[2026-07-03 19:25:42.545][INF] [cfg=Default] 保留最近的备份文件：D:\Claude_Workspace\AATL\runtimes\libs\locales\en-US\MFAAvalonia.Core.resources.dll.202607031917.0.backupMFA
[2026-07-03 19:25:42.546][INF] [cfg=Default] 保留最近的备份文件：D:\Claude_Workspace\AATL\runtimes\win-x64\native\plugins\MaaPluginDemo.dll.202607031917.0.backupMFA
[2026-07-03 19:25:42.880][INF] [cfg=Default] >>> 任务 公告和最新版本检测开始（异步）。
[2026-07-03 19:25:43.239][INF] [cfg=Default] 正在从配置中读取已保存的 ADB 设备，并启用指纹匹配。
[2026-07-03 19:25:43.240][INF] [cfg=Default] 已保存设备的指纹：MuMu安卓设备-MuMuPlayer12 v5|0|127.0.0.1|16384
[2026-07-03 19:25:43.493][INF] [cfg=Default] 按指纹匹配到的设备数量：1
[2026-07-03 19:25:43.493][INF] [cfg=Default] 已通过指纹匹配到设备：名称=MuMu安卓设备-MuMuPlayer12 v5，ADB 序列号=127.0.0.1:16384
[2026-07-03 19:25:43.767][INF] [cfg=Default][inst=配置 1/default][src=Monitor][op=MonitorLog] 正在连接至模拟器......
[2026-07-03 19:25:43.784][INF] [cfg=Default][inst=配置 1/default][src=Worker][op=ExecuteTaskQueue] >>> 任务 启动任务开始（异步）。
[2026-07-03 19:25:43.920][INF] [cfg=Default][inst=配置 1/default][src=Worker][op=ExecuteTaskQueue] 正在载入资源
[2026-07-03 19:25:43.920][INF] [cfg=Default][inst=配置 1/default][src=Worker][op=ExecuteTaskQueue] 资源路径：D:\Claude_Workspace\AATL\resource\base
[2026-07-03 19:25:43.920][INF] [cfg=Default][inst=配置 1/default][src=Worker][op=ExecuteTaskQueue] >>> 任务 资源检测开始（异步）。
[2026-07-03 19:25:44.037][INF] [cfg=Default][inst=配置 1/default][src=Worker][op=ExecuteTaskQueue] >>> 任务 资源检测完成（异步）。
[2026-07-03 19:25:44.039][INF] [cfg=Default][inst=配置 1/default][src=Worker][op=ExecuteTaskQueue] 启用 GPU 推理：成功
[2026-07-03 19:25:44.039][INF] [cfg=Default][inst=配置 1/default][src=Worker][op=ExecuteTaskQueue] GPU acceleration: Auto
[2026-07-03 19:25:44.039][INF] [cfg=Default][inst=配置 1/default][src=Worker][op=ExecuteTaskQueue] >>> 任务 控制器检测开始（异步）。
[2026-07-03 19:25:44.040][INF] [cfg=Default][inst=配置 1/default][src=Worker][op=ExecuteTaskQueue] 正在加载 MAA 控制器配置...
[2026-07-03 19:25:44.042][INF] [cfg=Default][inst=配置 1/default][src=Worker][op=ExecuteTaskQueue] 触控模式:Default,捕获模式:Default
[2026-07-03 19:25:44.042][INF] [cfg=Default][inst=配置 1/default][src=Worker][op=ExecuteTaskQueue] 设备名称：
[2026-07-03 19:25:44.042][INF] [cfg=Default][inst=配置 1/default][src=Worker][op=ExecuteTaskQueue] ADB 路径：adb
[2026-07-03 19:25:44.042][INF] [cfg=Default][inst=配置 1/default][src=Worker][op=ExecuteTaskQueue] ADB 序列号：
[2026-07-03 19:25:44.042][INF] [cfg=Default][inst=配置 1/default][src=Worker][op=ExecuteTaskQueue] 截图模式：Default
[2026-07-03 19:25:44.042][INF] [cfg=Default][inst=配置 1/default][src=Worker][op=ExecuteTaskQueue] 输入模式：Default
[2026-07-03 19:25:44.042][INF] [cfg=Default][inst=配置 1/default][src=Worker][op=ExecuteTaskQueue] 控制器配置：{}
[2026-07-03 19:25:44.059][WRN] [cfg=Default][inst=配置 1/default][src=Worker][op=ExecuteTaskQueue] 初始化控制器时发生错误！
[2026-07-03 19:25:44.059][ERR] [cfg=Default][inst=配置 1/default][src=Worker][op=ExecuteTaskQueue] 初始化控制器失败：message=连接模拟器时发生错误！, reason=The value cannot be an empty string.（Parameter 'info.AdbSerial')
System.ArgumentException: The value cannot be an empty string. (Parameter 'info.AdbSerial')
   at System.ArgumentException.ThrowNullOrEmptyException(String argument, String paramName)
   at System.ArgumentException.ThrowIfNullOrEmpty(String argument, String paramName)
   at MaaFramework.Binding.MaaAdbController..ctor(AdbDeviceInfo info, LinkOption link, CheckStatusOption check)
   at MaaFramework.Binding.MaaAdbController..ctor(String adbPath, String adbSerial, AdbScreencapMethods screencapMethods, AdbInputMethods inputMethods, String config, String agentPath, LinkOption link, CheckStatusOption check)
   at MFAAvalonia.Extensions.MaaFW.MaaProcessor.InitializeController(MaaControllerTypes controllerType, Boolean logConfig)
   at MFAAvalonia.Extensions.MaaFW.MaaProcessor.<>c__DisplayClass143_0.<InitializeMaaTasker>b__7()
   at MFAAvalonia.Helper.TaskManager.<>c__DisplayClass6_0`1.<RunTaskAsync>b__0()
   at System.Threading.Tasks.Task`1.InnerInvoke()
   at System.Threading.ExecutionContext.RunFromThreadPoolDispatchLoop(Thread threadPoolThread, ExecutionContext executionContext, ContextCallback callback, Object state)
--- End of stack trace from previous location ---
   at System.Threading.ExecutionContext.RunFromThreadPoolDispatchLoop(Thread threadPoolThread, ExecutionContext executionContext, ContextCallback callback, Object state)
   at System.Threading.Tasks.Task.ExecuteWithThreadLocal(Task& currentTaskSlot, Thread threadPoolThread)
--- End of stack trace from previous location ---
   at MFAAvalonia.Helper.TaskManager.RunTaskAsync[TResult](Func`1 function, CancellationToken token, Action`1 handleError, String name, String prompt, Boolean catchException, Boolean shouldLog, Boolean noMessage)
[2026-07-03 19:25:44.068][INF] [cfg=Default][inst=配置 1/default][src=Worker][op=ExecuteTaskQueue] >>> 任务 控制器检测完成（异步）。
[2026-07-03 19:25:44.068][WRN] [cfg=Default][inst=配置 1/default][src=Worker][op=ExecuteTaskQueue] 控制器初始化结果为空，已中止本次连接尝试。
[2026-07-03 19:25:44.080][INF] [cfg=Default][inst=配置 1/default][src=Worker][op=ExecuteTaskQueue] >>> 任务 启动检测开始（异步）。
[2026-07-03 19:25:44.082][INF] [cfg=Default][inst=配置 1/default][src=Worker][op=ExecuteTaskQueue] 开始执行更新任务：名称=查询CDK
[2026-07-03 19:25:44.082][INF] [cfg=Default][inst=配置 1/default][src=Worker][op=ExecuteTaskQueue] 更新任务完成：名称=查询CDK
[2026-07-03 19:25:44.082][INF] [cfg=Default][inst=配置 1/default][src=Worker][op=ExecuteTaskQueue] 开始执行更新任务：名称=更新资源
[2026-07-03 19:25:44.227][INF] [cfg=Default][inst=配置 1/default][src=UI][op=ChangeDevice] 当前连接目标变更：controller=Adb, resource=刀剑乱舞, device=MuMu安卓设备-MuMuPlayer12 v5（127.0.0.1:16384)
[2026-07-03 19:25:44.354][INF] [cfg=Default] >>> 任务 公告和最新版本检测完成（异步）。
[2026-07-03 19:25:45.478][INF] [cfg=Default][inst=配置 1/default][src=Worker][op=ExecuteTaskQueue] 目标系统：平台=win，系统家族=windows，架构=x64
[2026-07-03 19:25:46.359][INF] [cfg=Default][inst=配置 1/default][src=Worker][op=ExecuteTaskQueue] 候选资产优先级：名称=aatl-v0.5.3-beta.zip，优先级=0
[2026-07-03 19:25:46.363][INF] [cfg=Default][inst=配置 1/default][src=Worker][op=ExecuteTaskQueue] 更新任务完成：名称=更新资源
[2026-07-03 19:25:46.364][INF] [cfg=Default][inst=配置 1/default][src=Worker][op=ExecuteTaskQueue] >>> 任务 启动检测完成（异步）。
[2026-07-03 19:25:46.365][INF] [cfg=Default][inst=配置 1/default][src=Worker][op=ExecuteTaskQueue] >>> 任务 启动任务完成（异步）。
[2026-07-03 19:25:46.373][INF] [cfg=Default][inst=配置 1/default][src=Worker][op=StopTask] 停止前状态：SUCCEEDED
[2026-07-03 19:25:46.375][INF] [cfg=Default][inst=配置 1/default][src=Worker][op=StopTask] >>> 任务 停止maafw任务开始（异步）。
[2026-07-03 19:25:46.377][INF] [cfg=Default][inst=配置 1/default][src=Monitor][op=MonitorLog] 任务已全部完成！
(用时 0h 0m 2s)
[2026-07-03 19:26:31.172][INF] [cfg=Default][inst=配置 1/default][src=UI][op=Reconnect] 用户操作：重新连接 | controller=Adb, resource=刀剑乱舞, device=MuMu安卓设备-MuMuPlayer12 v5（127.0.0.1:16384)
[2026-07-03 19:26:31.347][INF] [cfg=Default][inst=配置 1/default][src=UI][op=MatchAdbDevice] 当前设备指纹：name=MuMu安卓设备-MuMuPlayer12 v5, serial=127.0.0.1:16384, configLength=78
[2026-07-03 19:26:31.348][INF] [cfg=Default][inst=配置 1/default][src=UI][op=Reconnect] 按指纹匹配到的设备数量：1
[2026-07-03 19:26:31.349][INF] [cfg=Default][inst=配置 1/default][src=UI][op=ChangeDevice] 当前连接目标变更：controller=Adb, resource=刀剑乱舞, device=<none>
[2026-07-03 19:26:31.350][INF] [cfg=Default][inst=配置 1/default][src=UI][op=ChangeDevice] 当前连接目标变更：controller=Adb, resource=刀剑乱舞, device=MuMu安卓设备-MuMuPlayer12 v5（127.0.0.1:16384)
[2026-07-03 19:26:31.362][INF] [cfg=Default][inst=配置 1/default][src=UI][op=Reconnect] 正在载入资源
[2026-07-03 19:26:31.363][INF] [cfg=Default][inst=配置 1/default][src=UI][op=Reconnect] 资源路径：D:\Claude_Workspace\AATL\resource\base
[2026-07-03 19:26:31.363][INF] [cfg=Default][inst=配置 1/default][src=UI][op=Reconnect] >>> 任务 资源检测开始（异步）。
[2026-07-03 19:26:31.374][INF] [cfg=Default][inst=配置 1/default][src=Monitor][op=MonitorLog] 正在连接至模拟器......
[2026-07-03 19:26:31.389][INF] [cfg=Default][inst=配置 1/default][src=UI][op=Reconnect] >>> 任务 资源检测完成（异步）。
[2026-07-03 19:26:31.390][INF] [cfg=Default][inst=配置 1/default][src=UI][op=Reconnect] 启用 GPU 推理：成功
[2026-07-03 19:26:31.390][INF] [cfg=Default][inst=配置 1/default][src=UI][op=Reconnect] GPU acceleration: Auto
[2026-07-03 19:26:31.390][INF] [cfg=Default][inst=配置 1/default][src=UI][op=Reconnect] >>> 任务 控制器检测开始（异步）。
[2026-07-03 19:26:31.390][INF] [cfg=Default][inst=配置 1/default][src=UI][op=Reconnect] 正在加载 MAA 控制器配置...
[2026-07-03 19:26:31.390][INF] [cfg=Default][inst=配置 1/default][src=UI][op=Reconnect] 触控模式:Default,捕获模式:EmulatorExtras
[2026-07-03 19:26:31.390][INF] [cfg=Default][inst=配置 1/default][src=UI][op=Reconnect] 设备名称：MuMu安卓设备-MuMuPlayer12 v5
[2026-07-03 19:26:31.390][INF] [cfg=Default][inst=配置 1/default][src=UI][op=Reconnect] ADB 路径：D:/Apps/MuMu/MuMuPlayer/nx_main/adb.exe
[2026-07-03 19:26:31.390][INF] [cfg=Default][inst=配置 1/default][src=UI][op=Reconnect] ADB 序列号：127.0.0.1:16384
[2026-07-03 19:26:31.390][INF] [cfg=Default][inst=配置 1/default][src=UI][op=Reconnect] 截图模式：EmulatorExtras
[2026-07-03 19:26:31.390][INF] [cfg=Default][inst=配置 1/default][src=UI][op=Reconnect] 输入模式：Default
[2026-07-03 19:26:31.390][INF] [cfg=Default][inst=配置 1/default][src=UI][op=Reconnect] 控制器配置：{"extras":{"mumu":{"enable":true,"index":0,"path":"D:/Apps/MuMu/MuMuPlayer"}}
[2026-07-03 19:26:31.994][INF] [cfg=Default][inst=配置 1/default][src=UI][op=Reconnect] >>> 任务 控制器检测完成（异步）。
[2026-07-03 19:26:32.671][INF] [cfg=Default][inst=配置 1/default][src=UI][op=Reconnect] 已注册内置特殊任务动作。
[2026-07-03 19:26:32.976][INF] [cfg=Default][inst=配置 1/default][src=UI][op=Reconnect] 已启动自定义类目录监听：目录=D:\Claude_Workspace\AATL\resource\base\custom
[2026-07-03 19:26:32.979][INF] [cfg=Default][inst=配置 1/default][src=UI][op=Reconnect] 开始解析自定义类：名称=CaptainDamageAction，文件=D:\Claude_Workspace\AATL\resource\base\custom\CaptainDamageAction.cs
[2026-07-03 19:26:33.751][INF] [cfg=Default][inst=配置 1/default][src=UI][op=Reconnect] 已成功加载自定义类：名称=CaptainDamageAction，文件=D:\Claude_Workspace\AATL\resource\base\custom\CaptainDamageAction.cs
[2026-07-03 19:26:33.751][INF] [cfg=Default][inst=配置 1/default][src=UI][op=Reconnect] 开始解析自定义类：名称=DamageLogAction，文件=D:\Claude_Workspace\AATL\resource\base\custom\DamageLogAction.cs
[2026-07-03 19:26:33.868][INF] [cfg=Default][inst=配置 1/default][src=UI][op=Reconnect] 已成功加载自定义类：名称=DamageLogAction，文件=D:\Claude_Workspace\AATL\resource\base\custom\DamageLogAction.cs
[2026-07-03 19:26:33.868][INF] [cfg=Default][inst=配置 1/default][src=UI][op=Reconnect] 开始解析自定义类：名称=DispatchLogAction，文件=D:\Claude_Workspace\AATL\resource\base\custom\DispatchLogAction.cs
[2026-07-03 19:26:34.060][INF] [cfg=Default][inst=配置 1/default][src=UI][op=Reconnect] 已成功加载自定义类：名称=DispatchLogAction，文件=D:\Claude_Workspace\AATL\resource\base\custom\DispatchLogAction.cs
[2026-07-03 19:26:34.060][INF] [cfg=Default][inst=配置 1/default][src=UI][op=Reconnect] 开始解析自定义类：名称=DungeonFloorSelectAction，文件=D:\Claude_Workspace\AATL\resource\base\custom\DungeonFloorSelectAction.cs
[2026-07-03 19:26:34.195][INF] [cfg=Default][inst=配置 1/default][src=UI][op=Reconnect] 已成功加载自定义类：名称=DungeonFloorSelectAction，文件=D:\Claude_Workspace\AATL\resource\base\custom\DungeonFloorSelectAction.cs
[2026-07-03 19:26:34.195][INF] [cfg=Default][inst=配置 1/default][src=UI][op=Reconnect] 开始解析自定义类：名称=ExpeditionMapSelectAction，文件=D:\Claude_Workspace\AATL\resource\base\custom\ExpeditionMapSelectAction.cs
[2026-07-03 19:26:34.251][INF] [cfg=Default][inst=配置 1/default][src=UI][op=Reconnect] 已成功加载自定义类：名称=ExpeditionMapSelectAction，文件=D:\Claude_Workspace\AATL\resource\base\custom\ExpeditionMapSelectAction.cs
[2026-07-03 19:26:34.251][INF] [cfg=Default][inst=配置 1/default][src=UI][op=Reconnect] 开始解析自定义类：名称=TeamSwitchAction，文件=D:\Claude_Workspace\AATL\resource\base\custom\TeamSwitchAction.cs
[2026-07-03 19:26:34.307][INF] [cfg=Default][inst=配置 1/default][src=UI][op=Reconnect] 已成功加载自定义类：名称=TeamSwitchAction，文件=D:\Claude_Workspace\AATL\resource\base\custom\TeamSwitchAction.cs
[2026-07-03 19:26:34.308][INF] [cfg=Default][inst=配置 1/default][src=UI][op=Reconnect] 已注册自定义动作：CaptainDamageAction
[2026-07-03 19:26:34.308][INF] [cfg=Default][inst=配置 1/default][src=UI][op=Reconnect] 已注册自定义动作：DamageLogAction
[2026-07-03 19:26:34.308][INF] [cfg=Default][inst=配置 1/default][src=UI][op=Reconnect] 已注册自定义动作：DispatchLogAction
[2026-07-03 19:26:34.308][INF] [cfg=Default][inst=配置 1/default][src=UI][op=Reconnect] 已注册自定义动作：DungeonFloorSelectAction
[2026-07-03 19:26:34.308][INF] [cfg=Default][inst=配置 1/default][src=UI][op=Reconnect] 已注册自定义动作：ExpeditionMapSelectAction
[2026-07-03 19:26:34.308][INF] [cfg=Default][inst=配置 1/default][src=UI][op=Reconnect] 已注册自定义动作：TeamSwitchAction
[2026-07-03 19:26:34.308][INF] [cfg=Default][inst=配置 1/default][src=UI][op=Reconnect] 未找到自定义目录：D:\Claude_Workspace\AATL\resource\custom
[2026-07-03 19:26:34.308][INF] [cfg=Default][inst=配置 1/default][src=UI][op=Reconnect] 连接状态变更：已连接。
[2026-07-03 19:26:34.310][INF] [cfg=Default][inst=配置 1/default][src=UI][op=Reconnect] MaaFW 调试模式：False
[2026-07-03 19:32:26.527][INF] [cfg=Default] 应用已关闭
[2026-07-03 19:32:26.531][INF] [cfg=Default] 已释放自定义类目录监听器。
[2026-07-03 19:37:33.800][INF] 正在加载配置列表...
[2026-07-03 19:37:33.823][INF] 应用安装目录：D:\Claude_Workspace\AATL
[2026-07-03 19:37:33.823][INF] 应用数据目录：D:\Claude_Workspace\AATL
[2026-07-03 19:37:33.823][INF] 是否使用独立数据目录：False
[2026-07-03 19:37:33.823][INF] 配置目录：D:\Claude_Workspace\AATL\resource\config
[2026-07-03 19:37:33.823][INF] 是否使用本地配置目录：True
[2026-07-03 19:37:33.823][INF] 日志目录：D:\Claude_Workspace\AATL\debug\logs
[2026-07-03 19:37:33.823][INF] 备份文件数量：43
[2026-07-03 19:37:33.823][INF] 临时目录是否存在：True
[2026-07-03 19:37:33.823][INF] [cfg=Default] 应用安装目录：D:\Claude_Workspace\AATL
[2026-07-03 19:37:33.823][INF] [cfg=Default] 应用数据目录：D:\Claude_Workspace\AATL
[2026-07-03 19:37:33.823][INF] [cfg=Default] 是否使用独立数据目录：False
[2026-07-03 19:37:33.823][INF] [cfg=Default] 配置目录：D:\Claude_Workspace\AATL\resource\config
[2026-07-03 19:37:33.823][INF] [cfg=Default] 是否使用本地配置目录：True
[2026-07-03 19:37:33.823][INF] [cfg=Default] 日志目录：D:\Claude_Workspace\AATL\debug\logs
[2026-07-03 19:37:33.823][INF] [cfg=Default] 备份文件数量：43
[2026-07-03 19:37:33.823][INF] [cfg=Default] 临时目录是否存在：True
[2026-07-03 19:37:33.829][INF] [cfg=Default] 已通过 Windows API 添加 DLL 搜索目录：D:\Claude_Workspace\AATL\runtimes/libs
[2026-07-03 19:37:33.829][INF] [cfg=Default] 库解析器初始化完成：libsPath=D:\Claude_Workspace\AATL\runtimes/libs，目录存在=True
[2026-07-03 19:37:33.832][INF] [cfg=Default] 检测到 MaaFramework 运行时目录：数量=1，路径=[D:\Claude_Workspace\AATL\runtimes\win-x64\native]
[2026-07-03 19:37:33.834][INF] [cfg=Default] 启动参数：数量=0，内容=[]
[2026-07-03 19:37:33.834][INF] [cfg=Default] 程序版本：v2.12.2-beta.1
[2026-07-03 19:37:33.834][INF] [cfg=Default] .NET 运行时：.NET 10.0.8
[2026-07-03 19:37:34.362][INF] [cfg=Default] 开始初始化语言管理器。
[2026-07-03 19:37:34.494][INF] [cfg=Default] 当前配置：Default
[2026-07-03 19:37:34.536][INF] [cfg=Default] 已恢复系统休眠。
[2026-07-03 19:37:34.539][INF] [cfg=Default] 热键主进程选举：已成为主进程（创建了新的全局互斥锁）。
[2026-07-03 19:37:34.539][INF] [cfg=Default] 全局热键服务：作为主进程初始化。
[2026-07-03 19:37:34.550][INF] [cfg=Default] 热键 IPC 端口文件已保存：文件=C:\Users\Alouette\AppData\Local\Temp\MFAAvalonia\hotkey_ipc_port.txt
[2026-07-03 19:37:34.550][INF] [cfg=Default] 热键 IPC 服务端已启动：端口=52718
[2026-07-03 19:37:34.563][INF] [cfg=Default] [内存管理]释放了1.25 MB（30.2%)
[2026-07-03 19:37:34.628][WRN] [cfg=Default] 界面资源接口尚未初始化完成。
[2026-07-03 19:37:34.639][INF] [cfg=Default] [调试] instances 目录中实际存在的实例文件数量：1, ID列表：[default]
[2026-07-03 19:37:34.711][INF] [cfg=Default] 本地更新包按钮可见性已刷新：来源=config.Debug(string)，原始值=，解析结果=False
[2026-07-03 19:37:34.712][INF] [cfg=Default] 资源版本：0.5.4
[2026-07-03 19:37:34.712][INF] [cfg=Default] MaaFramework 版本：v5.11.1
[2026-07-03 19:37:34.771][INF] [cfg=Default] [懒加载] 已加载当天有定时任务的实例
[2026-07-03 19:37:34.834][INF] [cfg=Default] 窗口大小已加载：宽度=1028，高度=650
[2026-07-03 19:37:34.841][INF] [cfg=Default] 窗口位置已加载：X=754，Y=262
[2026-07-03 19:37:35.143][WRN] [cfg=Default] 跨平台数据解密失败：参数错误。
[2026-07-03 19:37:35.209][WRN] [cfg=Default] 跨平台数据解密失败：The input is not a valid Base-64 string as it contains a non-base 64 character, more than two padding characters, or an illegal character among the padding characters.
[2026-07-03 19:37:35.256][INF] [cfg=Default] 本地更新包按钮可见性已刷新：来源=config.Debug(string)，原始值=，解析结果=False
[2026-07-03 19:37:35.256][INF] [cfg=Default] 设置页调试卡片可见性已应用：False
[2026-07-03 19:37:35.383][INF] [cfg=Default] [调试] instances 目录中实际存在的实例文件数量：1, ID列表：[default]
[2026-07-03 19:37:35.394][INF] [cfg=Default] [懒加载] 已加载当天有定时任务的实例
[2026-07-03 19:37:35.743][INF] [cfg=Default] [懒加载] 所有实例加载完成
[2026-07-03 19:37:35.744][INF] [cfg=Default] [懒加载] 所有实例加载完成
[2026-07-03 19:37:35.803][INF] [cfg=Default] 界面初始化开始
[2026-07-03 19:37:35.870][INF] [cfg=Default][inst=配置 1/default][src=UI][op=ChangeResource] 当前资源变更：resource=, controller=Adb
[2026-07-03 19:37:35.871][INF] [cfg=Default][inst=配置 1/default][src=UI][op=ChangeResource] 当前资源变更：resource=刀剑乱舞, controller=Adb
[2026-07-03 19:37:35.874][INF] [cfg=Default][inst=配置 1/default][src=UI][op=ChangeResource] 当前资源变更：resource=, controller=Adb
[2026-07-03 19:37:35.878][INF] [cfg=Default][inst=配置 1/default][src=UI][op=ChangeResource] 当前资源变更：resource=刀剑乱舞, controller=Adb
[2026-07-03 19:37:36.246][INF] [cfg=Default] 保留最近的备份文件：D:\Claude_Workspace\AATL\runtimes\libs\Avalonia.Xaml.Interactivity.dll.202607031917.0.backupMFA
[2026-07-03 19:37:36.246][INF] [cfg=Default] 保留最近的备份文件：D:\Claude_Workspace\AATL\runtimes\libs\AvaloniaEdit.TextMate.dll.202607031917.0.backupMFA
[2026-07-03 19:37:36.246][INF] [cfg=Default] 保留最近的备份文件：D:\Claude_Workspace\AATL\runtimes\libs\AvaloniaExtensions.Axaml.dll.202607031917.0.backupMFA
[2026-07-03 19:37:36.246][INF] [cfg=Default] 保留最近的备份文件：D:\Claude_Workspace\AATL\runtimes\libs\av_libglesv2.dll.202607031917.0.backupMFA
[2026-07-03 19:37:36.246][INF] [cfg=Default] 保留最近的备份文件：D:\Claude_Workspace\AATL\runtimes\libs\CalcBindingAva.dll.202607031917.0.backupMFA
[2026-07-03 19:37:36.246][INF] [cfg=Default] 保留最近的备份文件：D:\Claude_Workspace\AATL\runtimes\libs\ColorDocument.Avalonia.dll.202607031917.0.backupMFA
[2026-07-03 19:37:36.246][INF] [cfg=Default] 保留最近的备份文件：D:\Claude_Workspace\AATL\runtimes\libs\ColorTextBlock.Avalonia.dll.202607031917.0.backupMFA
[2026-07-03 19:37:36.246][INF] [cfg=Default] 保留最近的备份文件：D:\Claude_Workspace\AATL\runtimes\libs\CommunityToolkit.Mvvm.dll.202607031917.0.backupMFA
[2026-07-03 19:37:36.246][INF] [cfg=Default] 保留最近的备份文件：D:\Claude_Workspace\AATL\runtimes\libs\CrossPlatformProtectedData.dll.202607031917.0.backupMFA
[2026-07-03 19:37:36.247][INF] [cfg=Default] 保留最近的备份文件：D:\Claude_Workspace\AATL\runtimes\libs\DynamicExpresso.Core.dll.202607031917.0.backupMFA
[2026-07-03 19:37:36.247][INF] [cfg=Default] 保留最近的备份文件：D:\Claude_Workspace\AATL\runtimes\libs\FluentAvalonia.dll.202607031917.0.backupMFA
[2026-07-03 19:37:36.247][INF] [cfg=Default] 保留最近的备份文件：D:\Claude_Workspace\AATL\runtimes\libs\FluentIcons.Resources.Avalonia.dll.202607031917.0.backupMFA
[2026-07-03 19:37:36.247][INF] [cfg=Default] 保留最近的备份文件：D:\Claude_Workspace\AATL\runtimes\libs\HarfBuzzSharp.dll.202607031917.0.backupMFA
[2026-07-03 19:37:36.247][INF] [cfg=Default] 保留最近的备份文件：D:\Claude_Workspace\AATL\runtimes\libs\HtmlAgilityPack.dll.202607031917.0.backupMFA
[2026-07-03 19:37:36.247][INF] [cfg=Default] 保留最近的备份文件：D:\Claude_Workspace\AATL\runtimes\libs\Lang.Avalonia.dll.202607031917.0.backupMFA
[2026-07-03 19:37:36.247][INF] [cfg=Default] 保留最近的备份文件：D:\Claude_Workspace\AATL\runtimes\libs\libHarfBuzzSharp.dll.202607031917.0.backupMFA
[2026-07-03 19:37:36.247][INF] [cfg=Default] 保留最近的备份文件：D:\Claude_Workspace\AATL\runtimes\libs\libSkiaSharp.dll.202607031917.0.backupMFA
[2026-07-03 19:37:36.247][INF] [cfg=Default] 保留最近的备份文件：D:\Claude_Workspace\AATL\runtimes\libs\MaaFramework.Binding.Native.dll.202607031917.0.backupMFA
[2026-07-03 19:37:36.247][INF] [cfg=Default] 保留最近的备份文件：D:\Claude_Workspace\AATL\runtimes\libs\Markdown.Avalonia.SyntaxHigh.dll.202607031917.0.backupMFA
[2026-07-03 19:37:36.247][INF] [cfg=Default] 保留最近的备份文件：D:\Claude_Workspace\AATL\runtimes\libs\MFAAvalonia.Core.dll.202607031917.0.backupMFA
[2026-07-03 19:37:36.247][INF] [cfg=Default] 保留最近的备份文件：D:\Claude_Workspace\AATL\runtimes\libs\MicroCom.Runtime.dll.202607031917.0.backupMFA
[2026-07-03 19:37:36.247][INF] [cfg=Default] 保留最近的备份文件：D:\Claude_Workspace\AATL\runtimes\libs\Microsoft.WindowsAPICodePack.Shell.dll.202607031917.0.backupMFA
[2026-07-03 19:37:36.247][INF] [cfg=Default] 保留最近的备份文件：D:\Claude_Workspace\AATL\runtimes\libs\NETCore.Encrypt.dll.202607031917.0.backupMFA
[2026-07-03 19:37:36.247][INF] [cfg=Default] 保留最近的备份文件：D:\Claude_Workspace\AATL\runtimes\libs\Newtonsoft.Json.dll.202607031917.0.backupMFA
[2026-07-03 19:37:36.247][INF] [cfg=Default] 保留最近的备份文件：D:\Claude_Workspace\AATL\runtimes\libs\Semver.dll.202607031917.0.backupMFA
[2026-07-03 19:37:36.247][INF] [cfg=Default] 保留最近的备份文件：D:\Claude_Workspace\AATL\runtimes\libs\Serilog.Sinks.File.dll.202607031917.0.backupMFA
[2026-07-03 19:37:36.247][INF] [cfg=Default] 保留最近的备份文件：D:\Claude_Workspace\AATL\runtimes\libs\SharpCompress.dll.202607031917.0.backupMFA
[2026-07-03 19:37:36.247][INF] [cfg=Default] 保留最近的备份文件：D:\Claude_Workspace\AATL\runtimes\libs\SharpHook.dll.202607031917.0.backupMFA
[2026-07-03 19:37:36.248][INF] [cfg=Default] 保留最近的备份文件：D:\Claude_Workspace\AATL\runtimes\libs\SkiaSharp.dll.202607031917.0.backupMFA
[2026-07-03 19:37:36.248][INF] [cfg=Default] 保留最近的备份文件：D:\Claude_Workspace\AATL\runtimes\libs\SukiUI.dll.202607031917.0.backupMFA
[2026-07-03 19:37:36.248][INF] [cfg=Default] 保留最近的备份文件：D:\Claude_Workspace\AATL\runtimes\libs\System.Security.Cryptography.ProtectedData.dll.202607031917.0.backupMFA
[2026-07-03 19:37:36.248][INF] [cfg=Default] 保留最近的备份文件：D:\Claude_Workspace\AATL\runtimes\libs\TextMateSharp.Grammars.dll.202607031917.0.backupMFA
[2026-07-03 19:37:36.248][INF] [cfg=Default] 保留最近的备份文件：D:\Claude_Workspace\AATL\runtimes\libs\uiohook.dll.202607031917.0.backupMFA
[2026-07-03 19:37:36.248][INF] [cfg=Default] 保留最近的备份文件：D:\Claude_Workspace\AATL\runtimes\libs\ZstdSharp.dll.202607031917.0.backupMFA
[2026-07-03 19:37:36.261][INF] [cfg=Default] 保留最近的备份文件：D:\Claude_Workspace\AATL\runtimes\win-x64\native\DirectML.dll.202607031917.0.backupMFA
[2026-07-03 19:37:36.261][INF] [cfg=Default] 保留最近的备份文件：D:\Claude_Workspace\AATL\runtimes\win-x64\native\fastdeploy_ppocr_maa.dll.202607031917.0.backupMFA
[2026-07-03 19:37:36.261][INF] [cfg=Default] 保留最近的备份文件：D:\Claude_Workspace\AATL\runtimes\win-x64\native\MaaFramework.dll.202607031917.0.backupMFA
[2026-07-03 19:37:36.261][INF] [cfg=Default] 保留最近的备份文件：D:\Claude_Workspace\AATL\runtimes\win-x64\native\MaaToolkit.dll.202607031917.0.backupMFA
[2026-07-03 19:37:36.261][INF] [cfg=Default] 保留最近的备份文件：D:\Claude_Workspace\AATL\runtimes\win-x64\native\MaaUtils.dll.202607031917.0.backupMFA
[2026-07-03 19:37:36.261][INF] [cfg=Default] 保留最近的备份文件：D:\Claude_Workspace\AATL\runtimes\win-x64\native\onnxruntime_maa.dll.202607031917.0.backupMFA
[2026-07-03 19:37:36.261][INF] [cfg=Default] 保留最近的备份文件：D:\Claude_Workspace\AATL\runtimes\win-x64\native\opencv_world4_maa.dll.202607031917.0.backupMFA
[2026-07-03 19:37:36.279][INF] [cfg=Default] 保留最近的备份文件：D:\Claude_Workspace\AATL\runtimes\libs\locales\en-US\MFAAvalonia.Core.resources.dll.202607031917.0.backupMFA
[2026-07-03 19:37:36.280][INF] [cfg=Default] 保留最近的备份文件：D:\Claude_Workspace\AATL\runtimes\win-x64\native\plugins\MaaPluginDemo.dll.202607031917.0.backupMFA
[2026-07-03 19:37:36.457][INF] [cfg=Default] >>> 任务 公告和最新版本检测开始（异步）。
[2026-07-03 19:37:36.801][INF] [cfg=Default] 正在从配置中读取已保存的 ADB 设备，并启用指纹匹配。
[2026-07-03 19:37:36.802][INF] [cfg=Default] 已保存设备的指纹：MuMu安卓设备-MuMuPlayer12 v5|0|127.0.0.1|16384
[2026-07-03 19:37:37.005][INF] [cfg=Default] 按指纹匹配到的设备数量：1
[2026-07-03 19:37:37.005][INF] [cfg=Default] 已通过指纹匹配到设备：名称=MuMu安卓设备-MuMuPlayer12 v5，ADB 序列号=127.0.0.1:16384
[2026-07-03 19:37:37.025][ERR] [cfg=Default][inst=配置 1/default][src=Worker][op=StartTask] 配置保存失败：default.json
System.IO.IOException: The process cannot access the file 'D:\Claude_Workspace\AATL\resource\config\instances\default.json' because it is being used by another process.
   at Microsoft.Win32.SafeHandles.SafeFileHandle.CreateFile(String fullPath, FileMode mode, FileAccess access, FileShare share, FileOptions options)
   at Microsoft.Win32.SafeHandles.SafeFileHandle.Open(String fullPath, FileMode mode, FileAccess access, FileShare share, FileOptions options, Int64 preallocationSize, Nullable`1 unixCreateMode)
   at System.IO.File.OpenHandle(String path, FileMode mode, FileAccess access, FileShare share, FileOptions options, Int64 preallocationSize)
   at System.IO.File.WriteToFile(String path, FileMode mode, ReadOnlySpan`1 contents, Encoding encoding)
   at System.IO.File.WriteAllText(String path, String contents, Encoding encoding)
   at MFAAvalonia.Helper.JsonHelper.SaveJson[T](String filePath, T config, JsonConverter[] converters)
[2026-07-03 19:37:37.156][INF] [cfg=Default][inst=配置 1/default][src=Monitor][op=MonitorLog] 正在连接至模拟器......
[2026-07-03 19:37:37.308][INF] [cfg=Default][inst=配置 1/default][src=Worker][op=ExecuteTaskQueue] >>> 任务 启动任务开始（异步）。
[2026-07-03 19:37:37.333][INF] [cfg=Default][inst=配置 1/default][src=Worker][op=ExecuteTaskQueue] 正在载入资源
[2026-07-03 19:37:37.333][INF] [cfg=Default][inst=配置 1/default][src=Worker][op=ExecuteTaskQueue] 资源路径：D:\Claude_Workspace\AATL\resource\base
[2026-07-03 19:37:37.333][INF] [cfg=Default][inst=配置 1/default][src=Worker][op=ExecuteTaskQueue] >>> 任务 资源检测开始（异步）。
[2026-07-03 19:37:37.373][INF] [cfg=Default][inst=配置 1/default][src=Worker][op=ExecuteTaskQueue] >>> 任务 资源检测完成（异步）。
[2026-07-03 19:37:37.374][INF] [cfg=Default][inst=配置 1/default][src=Worker][op=ExecuteTaskQueue] 启用 GPU 推理：成功
[2026-07-03 19:37:37.374][INF] [cfg=Default][inst=配置 1/default][src=Worker][op=ExecuteTaskQueue] GPU acceleration: Auto
[2026-07-03 19:37:37.374][INF] [cfg=Default][inst=配置 1/default][src=Worker][op=ExecuteTaskQueue] >>> 任务 控制器检测开始（异步）。
[2026-07-03 19:37:37.375][INF] [cfg=Default][inst=配置 1/default][src=Worker][op=ExecuteTaskQueue] 正在加载 MAA 控制器配置...
[2026-07-03 19:37:37.377][INF] [cfg=Default][inst=配置 1/default][src=Worker][op=ExecuteTaskQueue] 触控模式:Default,捕获模式:Default
[2026-07-03 19:37:37.377][INF] [cfg=Default][inst=配置 1/default][src=Worker][op=ExecuteTaskQueue] 设备名称：
[2026-07-03 19:37:37.377][INF] [cfg=Default][inst=配置 1/default][src=Worker][op=ExecuteTaskQueue] ADB 路径：adb
[2026-07-03 19:37:37.377][INF] [cfg=Default][inst=配置 1/default][src=Worker][op=ExecuteTaskQueue] ADB 序列号：
[2026-07-03 19:37:37.377][INF] [cfg=Default][inst=配置 1/default][src=Worker][op=ExecuteTaskQueue] 截图模式：Default
[2026-07-03 19:37:37.377][INF] [cfg=Default][inst=配置 1/default][src=Worker][op=ExecuteTaskQueue] 输入模式：Default
[2026-07-03 19:37:37.377][INF] [cfg=Default][inst=配置 1/default][src=Worker][op=ExecuteTaskQueue] 控制器配置：{}
[2026-07-03 19:37:37.443][WRN] [cfg=Default][inst=配置 1/default][src=Worker][op=ExecuteTaskQueue] 初始化控制器时发生错误！
[2026-07-03 19:37:37.443][ERR] [cfg=Default][inst=配置 1/default][src=Worker][op=ExecuteTaskQueue] 初始化控制器失败：message=连接模拟器时发生错误！, reason=The value cannot be an empty string.（Parameter 'info.AdbSerial')
System.ArgumentException: The value cannot be an empty string. (Parameter 'info.AdbSerial')
   at System.ArgumentException.ThrowNullOrEmptyException(String argument, String paramName)
   at System.ArgumentException.ThrowIfNullOrEmpty(String argument, String paramName)
   at MaaFramework.Binding.MaaAdbController..ctor(AdbDeviceInfo info, LinkOption link, CheckStatusOption check)
   at MaaFramework.Binding.MaaAdbController..ctor(String adbPath, String adbSerial, AdbScreencapMethods screencapMethods, AdbInputMethods inputMethods, String config, String agentPath, LinkOption link, CheckStatusOption check)
   at MFAAvalonia.Extensions.MaaFW.MaaProcessor.InitializeController(MaaControllerTypes controllerType, Boolean logConfig)
   at MFAAvalonia.Extensions.MaaFW.MaaProcessor.<>c__DisplayClass143_0.<InitializeMaaTasker>b__7()
   at MFAAvalonia.Helper.TaskManager.<>c__DisplayClass6_0`1.<RunTaskAsync>b__0()
   at System.Threading.Tasks.Task`1.InnerInvoke()
   at System.Threading.ExecutionContext.RunFromThreadPoolDispatchLoop(Thread threadPoolThread, ExecutionContext executionContext, ContextCallback callback, Object state)
--- End of stack trace from previous location ---
   at System.Threading.ExecutionContext.RunFromThreadPoolDispatchLoop(Thread threadPoolThread, ExecutionContext executionContext, ContextCallback callback, Object state)
   at System.Threading.Tasks.Task.ExecuteWithThreadLocal(Task& currentTaskSlot, Thread threadPoolThread)
--- End of stack trace from previous location ---
   at MFAAvalonia.Helper.TaskManager.RunTaskAsync[TResult](Func`1 function, CancellationToken token, Action`1 handleError, String name, String prompt, Boolean catchException, Boolean shouldLog, Boolean noMessage)
[2026-07-03 19:37:37.444][INF] [cfg=Default][inst=配置 1/default][src=Worker][op=ExecuteTaskQueue] >>> 任务 控制器检测完成（异步）。
[2026-07-03 19:37:37.444][WRN] [cfg=Default][inst=配置 1/default][src=Worker][op=ExecuteTaskQueue] 控制器初始化结果为空，已中止本次连接尝试。
[2026-07-03 19:37:37.517][INF] [cfg=Default][inst=配置 1/default][src=Worker][op=ExecuteTaskQueue] >>> 任务 启动检测开始（异步）。
[2026-07-03 19:37:37.518][INF] [cfg=Default][inst=配置 1/default][src=Worker][op=ExecuteTaskQueue] 开始执行更新任务：名称=查询CDK
[2026-07-03 19:37:37.518][INF] [cfg=Default][inst=配置 1/default][src=Worker][op=ExecuteTaskQueue] 更新任务完成：名称=查询CDK
[2026-07-03 19:37:37.518][INF] [cfg=Default][inst=配置 1/default][src=Worker][op=ExecuteTaskQueue] 开始执行更新任务：名称=更新资源
[2026-07-03 19:37:37.521][INF] [cfg=Default][inst=配置 1/default][src=UI][op=ChangeDevice] 当前连接目标变更：controller=Adb, resource=刀剑乱舞, device=MuMu安卓设备-MuMuPlayer12 v5（127.0.0.1:16384)
[2026-07-03 19:37:37.777][INF] [cfg=Default] >>> 任务 公告和最新版本检测完成（异步）。
[2026-07-03 19:37:38.892][INF] [cfg=Default][inst=配置 1/default][src=Worker][op=ExecuteTaskQueue] 目标系统：平台=win，系统家族=windows，架构=x64
[2026-07-03 19:37:39.733][INF] [cfg=Default][inst=配置 1/default][src=Worker][op=ExecuteTaskQueue] 候选资产优先级：名称=aatl-v0.5.3-beta.zip，优先级=0
[2026-07-03 19:37:39.738][INF] [cfg=Default][inst=配置 1/default][src=Worker][op=ExecuteTaskQueue] 更新任务完成：名称=更新资源
[2026-07-03 19:37:39.738][INF] [cfg=Default][inst=配置 1/default][src=Worker][op=ExecuteTaskQueue] >>> 任务 启动检测完成（异步）。
[2026-07-03 19:37:39.738][INF] [cfg=Default][inst=配置 1/default][src=Worker][op=ExecuteTaskQueue] >>> 任务 启动任务完成（异步）。
[2026-07-03 19:37:39.744][INF] [cfg=Default][inst=配置 1/default][src=Worker][op=StopTask] 停止前状态：SUCCEEDED
[2026-07-03 19:37:39.745][INF] [cfg=Default][inst=配置 1/default][src=Worker][op=StopTask] >>> 任务 停止maafw任务开始（异步）。
[2026-07-03 19:37:39.748][INF] [cfg=Default][inst=配置 1/default][src=Monitor][op=MonitorLog] 任务已全部完成！
(用时 0h 0m 2s)
[2026-07-03 19:44:31.020][INF] [cfg=Default] 应用已关闭
[2026-07-03 19:44:33.603][INF] 正在加载配置列表...
[2026-07-03 19:44:33.625][INF] 应用安装目录：D:\Claude_Workspace\AATL
[2026-07-03 19:44:33.625][INF] 应用数据目录：D:\Claude_Workspace\AATL
[2026-07-03 19:44:33.625][INF] 是否使用独立数据目录：False
[2026-07-03 19:44:33.625][INF] 配置目录：D:\Claude_Workspace\AATL\resource\config
[2026-07-03 19:44:33.625][INF] 是否使用本地配置目录：True
[2026-07-03 19:44:33.625][INF] 日志目录：D:\Claude_Workspace\AATL\debug\logs
[2026-07-03 19:44:33.626][INF] 备份文件数量：43
[2026-07-03 19:44:33.626][INF] 临时目录是否存在：True
[2026-07-03 19:44:33.626][INF] [cfg=Default] 应用安装目录：D:\Claude_Workspace\AATL
[2026-07-03 19:44:33.626][INF] [cfg=Default] 应用数据目录：D:\Claude_Workspace\AATL
[2026-07-03 19:44:33.626][INF] [cfg=Default] 是否使用独立数据目录：False
[2026-07-03 19:44:33.626][INF] [cfg=Default] 配置目录：D:\Claude_Workspace\AATL\resource\config
[2026-07-03 19:44:33.626][INF] [cfg=Default] 是否使用本地配置目录：True
[2026-07-03 19:44:33.626][INF] [cfg=Default] 日志目录：D:\Claude_Workspace\AATL\debug\logs
[2026-07-03 19:44:33.626][INF] [cfg=Default] 备份文件数量：43
[2026-07-03 19:44:33.626][INF] [cfg=Default] 临时目录是否存在：True
[2026-07-03 19:44:33.632][INF] [cfg=Default] 已通过 Windows API 添加 DLL 搜索目录：D:\Claude_Workspace\AATL\runtimes/libs
[2026-07-03 19:44:33.632][INF] [cfg=Default] 库解析器初始化完成：libsPath=D:\Claude_Workspace\AATL\runtimes/libs，目录存在=True
[2026-07-03 19:44:33.635][INF] [cfg=Default] 检测到 MaaFramework 运行时目录：数量=1，路径=[D:\Claude_Workspace\AATL\runtimes\win-x64\native]
[2026-07-03 19:44:33.637][INF] [cfg=Default] 启动参数：数量=0，内容=[]
[2026-07-03 19:44:33.637][INF] [cfg=Default] 程序版本：v2.12.2-beta.1
[2026-07-03 19:44:33.637][INF] [cfg=Default] .NET 运行时：.NET 10.0.8
[2026-07-03 19:44:34.163][INF] [cfg=Default] 开始初始化语言管理器。
[2026-07-03 19:44:34.299][INF] [cfg=Default] 当前配置：Default
[2026-07-03 19:44:34.341][INF] [cfg=Default] 已恢复系统休眠。
[2026-07-03 19:44:34.343][INF] [cfg=Default] 热键主进程选举：已成为主进程（创建了新的全局互斥锁）。
[2026-07-03 19:44:34.344][INF] [cfg=Default] 全局热键服务：作为主进程初始化。
[2026-07-03 19:44:34.354][INF] [cfg=Default] 热键 IPC 端口文件已保存：文件=C:\Users\Alouette\AppData\Local\Temp\MFAAvalonia\hotkey_ipc_port.txt
[2026-07-03 19:44:34.355][INF] [cfg=Default] 热键 IPC 服务端已启动：端口=52718
[2026-07-03 19:44:34.369][INF] [cfg=Default] [内存管理]释放了1.25 MB（30.2%)
[2026-07-03 19:44:34.430][WRN] [cfg=Default] 界面资源接口尚未初始化完成。
[2026-07-03 19:44:34.440][INF] [cfg=Default] [调试] instances 目录中实际存在的实例文件数量：1, ID列表：[default]
[2026-07-03 19:44:34.517][INF] [cfg=Default] 本地更新包按钮可见性已刷新：来源=config.Debug(string)，原始值=，解析结果=False
[2026-07-03 19:44:34.517][INF] [cfg=Default] 资源版本：0.5.4
[2026-07-03 19:44:34.517][INF] [cfg=Default] MaaFramework 版本：v5.11.1
[2026-07-03 19:44:34.578][INF] [cfg=Default] [懒加载] 已加载当天有定时任务的实例
[2026-07-03 19:44:34.640][INF] [cfg=Default] 窗口大小已加载：宽度=1028，高度=650
[2026-07-03 19:44:34.649][INF] [cfg=Default] 窗口位置已加载：X=754，Y=262
[2026-07-03 19:44:34.943][WRN] [cfg=Default] 跨平台数据解密失败：参数错误。
[2026-07-03 19:44:35.006][WRN] [cfg=Default] 跨平台数据解密失败：The input is not a valid Base-64 string as it contains a non-base 64 character, more than two padding characters, or an illegal character among the padding characters.
[2026-07-03 19:44:35.050][INF] [cfg=Default] 本地更新包按钮可见性已刷新：来源=config.Debug(string)，原始值=，解析结果=False
[2026-07-03 19:44:35.051][INF] [cfg=Default] 设置页调试卡片可见性已应用：False
[2026-07-03 19:44:35.176][INF] [cfg=Default] [调试] instances 目录中实际存在的实例文件数量：1, ID列表：[default]
[2026-07-03 19:44:35.186][INF] [cfg=Default] [懒加载] 已加载当天有定时任务的实例
[2026-07-03 19:44:35.537][INF] [cfg=Default] [懒加载] 所有实例加载完成
[2026-07-03 19:44:35.538][INF] [cfg=Default] [懒加载] 所有实例加载完成
[2026-07-03 19:44:35.597][INF] [cfg=Default] 界面初始化开始
[2026-07-03 19:44:35.668][INF] [cfg=Default][inst=配置 1/default][src=UI][op=ChangeResource] 当前资源变更：resource=, controller=Adb
[2026-07-03 19:44:35.669][INF] [cfg=Default][inst=配置 1/default][src=UI][op=ChangeResource] 当前资源变更：resource=刀剑乱舞, controller=Adb
[2026-07-03 19:44:35.672][INF] [cfg=Default][inst=配置 1/default][src=UI][op=ChangeResource] 当前资源变更：resource=, controller=Adb
[2026-07-03 19:44:35.676][INF] [cfg=Default][inst=配置 1/default][src=UI][op=ChangeResource] 当前资源变更：resource=刀剑乱舞, controller=Adb
[2026-07-03 19:44:36.057][INF] [cfg=Default] 保留最近的备份文件：D:\Claude_Workspace\AATL\runtimes\libs\Avalonia.Xaml.Interactivity.dll.202607031917.0.backupMFA
[2026-07-03 19:44:36.057][INF] [cfg=Default] 保留最近的备份文件：D:\Claude_Workspace\AATL\runtimes\libs\AvaloniaEdit.TextMate.dll.202607031917.0.backupMFA
[2026-07-03 19:44:36.057][INF] [cfg=Default] 保留最近的备份文件：D:\Claude_Workspace\AATL\runtimes\libs\AvaloniaExtensions.Axaml.dll.202607031917.0.backupMFA
[2026-07-03 19:44:36.057][INF] [cfg=Default] 保留最近的备份文件：D:\Claude_Workspace\AATL\runtimes\libs\av_libglesv2.dll.202607031917.0.backupMFA
[2026-07-03 19:44:36.057][INF] [cfg=Default] 保留最近的备份文件：D:\Claude_Workspace\AATL\runtimes\libs\CalcBindingAva.dll.202607031917.0.backupMFA
[2026-07-03 19:44:36.057][INF] [cfg=Default] 保留最近的备份文件：D:\Claude_Workspace\AATL\runtimes\libs\ColorDocument.Avalonia.dll.202607031917.0.backupMFA
[2026-07-03 19:44:36.057][INF] [cfg=Default] 保留最近的备份文件：D:\Claude_Workspace\AATL\runtimes\libs\ColorTextBlock.Avalonia.dll.202607031917.0.backupMFA
[2026-07-03 19:44:36.057][INF] [cfg=Default] 保留最近的备份文件：D:\Claude_Workspace\AATL\runtimes\libs\CommunityToolkit.Mvvm.dll.202607031917.0.backupMFA
[2026-07-03 19:44:36.057][INF] [cfg=Default] 保留最近的备份文件：D:\Claude_Workspace\AATL\runtimes\libs\CrossPlatformProtectedData.dll.202607031917.0.backupMFA
[2026-07-03 19:44:36.057][INF] [cfg=Default] 保留最近的备份文件：D:\Claude_Workspace\AATL\runtimes\libs\DynamicExpresso.Core.dll.202607031917.0.backupMFA
[2026-07-03 19:44:36.057][INF] [cfg=Default] 保留最近的备份文件：D:\Claude_Workspace\AATL\runtimes\libs\FluentAvalonia.dll.202607031917.0.backupMFA
[2026-07-03 19:44:36.057][INF] [cfg=Default] 保留最近的备份文件：D:\Claude_Workspace\AATL\runtimes\libs\FluentIcons.Resources.Avalonia.dll.202607031917.0.backupMFA
[2026-07-03 19:44:36.057][INF] [cfg=Default] 保留最近的备份文件：D:\Claude_Workspace\AATL\runtimes\libs\HarfBuzzSharp.dll.202607031917.0.backupMFA
[2026-07-03 19:44:36.057][INF] [cfg=Default] 保留最近的备份文件：D:\Claude_Workspace\AATL\runtimes\libs\HtmlAgilityPack.dll.202607031917.0.backupMFA
[2026-07-03 19:44:36.057][INF] [cfg=Default] 保留最近的备份文件：D:\Claude_Workspace\AATL\runtimes\libs\Lang.Avalonia.dll.202607031917.0.backupMFA
[2026-07-03 19:44:36.057][INF] [cfg=Default] 保留最近的备份文件：D:\Claude_Workspace\AATL\runtimes\libs\libHarfBuzzSharp.dll.202607031917.0.backupMFA
[2026-07-03 19:44:36.057][INF] [cfg=Default] 保留最近的备份文件：D:\Claude_Workspace\AATL\runtimes\libs\libSkiaSharp.dll.202607031917.0.backupMFA
[2026-07-03 19:44:36.057][INF] [cfg=Default] 保留最近的备份文件：D:\Claude_Workspace\AATL\runtimes\libs\MaaFramework.Binding.Native.dll.202607031917.0.backupMFA
[2026-07-03 19:44:36.057][INF] [cfg=Default] 保留最近的备份文件：D:\Claude_Workspace\AATL\runtimes\libs\Markdown.Avalonia.SyntaxHigh.dll.202607031917.0.backupMFA
[2026-07-03 19:44:36.057][INF] [cfg=Default] 保留最近的备份文件：D:\Claude_Workspace\AATL\runtimes\libs\MFAAvalonia.Core.dll.202607031917.0.backupMFA
[2026-07-03 19:44:36.057][INF] [cfg=Default] 保留最近的备份文件：D:\Claude_Workspace\AATL\runtimes\libs\MicroCom.Runtime.dll.202607031917.0.backupMFA
[2026-07-03 19:44:36.057][INF] [cfg=Default] 保留最近的备份文件：D:\Claude_Workspace\AATL\runtimes\libs\Microsoft.WindowsAPICodePack.Shell.dll.202607031917.0.backupMFA
[2026-07-03 19:44:36.057][INF] [cfg=Default] 保留最近的备份文件：D:\Claude_Workspace\AATL\runtimes\libs\NETCore.Encrypt.dll.202607031917.0.backupMFA
[2026-07-03 19:44:36.057][INF] [cfg=Default] 保留最近的备份文件：D:\Claude_Workspace\AATL\runtimes\libs\Newtonsoft.Json.dll.202607031917.0.backupMFA
[2026-07-03 19:44:36.057][INF] [cfg=Default] 保留最近的备份文件：D:\Claude_Workspace\AATL\runtimes\libs\Semver.dll.202607031917.0.backupMFA
[2026-07-03 19:44:36.057][INF] [cfg=Default] 保留最近的备份文件：D:\Claude_Workspace\AATL\runtimes\libs\Serilog.Sinks.File.dll.202607031917.0.backupMFA
[2026-07-03 19:44:36.057][INF] [cfg=Default] 保留最近的备份文件：D:\Claude_Workspace\AATL\runtimes\libs\SharpCompress.dll.202607031917.0.backupMFA
[2026-07-03 19:44:36.057][INF] [cfg=Default] 保留最近的备份文件：D:\Claude_Workspace\AATL\runtimes\libs\SharpHook.dll.202607031917.0.backupMFA
[2026-07-03 19:44:36.057][INF] [cfg=Default] 保留最近的备份文件：D:\Claude_Workspace\AATL\runtimes\libs\SkiaSharp.dll.202607031917.0.backupMFA
[2026-07-03 19:44:36.057][INF] [cfg=Default] 保留最近的备份文件：D:\Claude_Workspace\AATL\runtimes\libs\SukiUI.dll.202607031917.0.backupMFA
[2026-07-03 19:44:36.057][INF] [cfg=Default] 保留最近的备份文件：D:\Claude_Workspace\AATL\runtimes\libs\System.Security.Cryptography.ProtectedData.dll.202607031917.0.backupMFA
[2026-07-03 19:44:36.057][INF] [cfg=Default] 保留最近的备份文件：D:\Claude_Workspace\AATL\runtimes\libs\TextMateSharp.Grammars.dll.202607031917.0.backupMFA
[2026-07-03 19:44:36.057][INF] [cfg=Default] 保留最近的备份文件：D:\Claude_Workspace\AATL\runtimes\libs\uiohook.dll.202607031917.0.backupMFA
[2026-07-03 19:44:36.057][INF] [cfg=Default] 保留最近的备份文件：D:\Claude_Workspace\AATL\runtimes\libs\ZstdSharp.dll.202607031917.0.backupMFA
[2026-07-03 19:44:36.072][INF] [cfg=Default] 保留最近的备份文件：D:\Claude_Workspace\AATL\runtimes\win-x64\native\DirectML.dll.202607031917.0.backupMFA
[2026-07-03 19:44:36.072][INF] [cfg=Default] 保留最近的备份文件：D:\Claude_Workspace\AATL\runtimes\win-x64\native\fastdeploy_ppocr_maa.dll.202607031917.0.backupMFA
[2026-07-03 19:44:36.072][INF] [cfg=Default] 保留最近的备份文件：D:\Claude_Workspace\AATL\runtimes\win-x64\native\MaaFramework.dll.202607031917.0.backupMFA
[2026-07-03 19:44:36.072][INF] [cfg=Default] 保留最近的备份文件：D:\Claude_Workspace\AATL\runtimes\win-x64\native\MaaToolkit.dll.202607031917.0.backupMFA
[2026-07-03 19:44:36.072][INF] [cfg=Default] 保留最近的备份文件：D:\Claude_Workspace\AATL\runtimes\win-x64\native\MaaUtils.dll.202607031917.0.backupMFA
[2026-07-03 19:44:36.072][INF] [cfg=Default] 保留最近的备份文件：D:\Claude_Workspace\AATL\runtimes\win-x64\native\onnxruntime_maa.dll.202607031917.0.backupMFA
[2026-07-03 19:44:36.072][INF] [cfg=Default] 保留最近的备份文件：D:\Claude_Workspace\AATL\runtimes\win-x64\native\opencv_world4_maa.dll.202607031917.0.backupMFA
[2026-07-03 19:44:36.090][INF] [cfg=Default] 保留最近的备份文件：D:\Claude_Workspace\AATL\runtimes\libs\locales\en-US\MFAAvalonia.Core.resources.dll.202607031917.0.backupMFA
[2026-07-03 19:44:36.091][INF] [cfg=Default] 保留最近的备份文件：D:\Claude_Workspace\AATL\runtimes\win-x64\native\plugins\MaaPluginDemo.dll.202607031917.0.backupMFA
[2026-07-03 19:44:36.273][INF] [cfg=Default] >>> 任务 公告和最新版本检测开始（异步）。
[2026-07-03 19:44:36.582][INF] [cfg=Default] 正在从配置中读取已保存的 ADB 设备，并启用指纹匹配。
[2026-07-03 19:44:36.583][INF] [cfg=Default] 已保存设备的指纹：MuMu安卓设备-MuMuPlayer12 v5|0|127.0.0.1|16384
[2026-07-03 19:44:36.769][INF] [cfg=Default] 按指纹匹配到的设备数量：1
[2026-07-03 19:44:36.769][INF] [cfg=Default] 已通过指纹匹配到设备：名称=MuMu安卓设备-MuMuPlayer12 v5，ADB 序列号=127.0.0.1:16384
[2026-07-03 19:44:36.940][INF] [cfg=Default][inst=配置 1/default][src=Monitor][op=MonitorLog] 正在连接至模拟器......
[2026-07-03 19:44:37.164][INF] [cfg=Default][inst=配置 1/default][src=Worker][op=ExecuteTaskQueue] >>> 任务 启动任务开始（异步）。
[2026-07-03 19:44:37.170][INF] [cfg=Default][inst=配置 1/default][src=Worker][op=ExecuteTaskQueue] 正在载入资源
[2026-07-03 19:44:37.170][INF] [cfg=Default][inst=配置 1/default][src=Worker][op=ExecuteTaskQueue] 资源路径：D:\Claude_Workspace\AATL\resource\base
[2026-07-03 19:44:37.170][INF] [cfg=Default][inst=配置 1/default][src=Worker][op=ExecuteTaskQueue] >>> 任务 资源检测开始（异步）。
[2026-07-03 19:44:37.216][INF] [cfg=Default][inst=配置 1/default][src=Worker][op=ExecuteTaskQueue] >>> 任务 资源检测完成（异步）。
[2026-07-03 19:44:37.217][INF] [cfg=Default][inst=配置 1/default][src=Worker][op=ExecuteTaskQueue] 启用 GPU 推理：成功
[2026-07-03 19:44:37.217][INF] [cfg=Default][inst=配置 1/default][src=Worker][op=ExecuteTaskQueue] GPU acceleration: Auto
[2026-07-03 19:44:37.217][INF] [cfg=Default][inst=配置 1/default][src=Worker][op=ExecuteTaskQueue] >>> 任务 控制器检测开始（异步）。
[2026-07-03 19:44:37.218][INF] [cfg=Default][inst=配置 1/default][src=Worker][op=ExecuteTaskQueue] 正在加载 MAA 控制器配置...
[2026-07-03 19:44:37.220][INF] [cfg=Default][inst=配置 1/default][src=Worker][op=ExecuteTaskQueue] 触控模式:Default,捕获模式:Default
[2026-07-03 19:44:37.220][INF] [cfg=Default][inst=配置 1/default][src=Worker][op=ExecuteTaskQueue] 设备名称：
[2026-07-03 19:44:37.220][INF] [cfg=Default][inst=配置 1/default][src=Worker][op=ExecuteTaskQueue] ADB 路径：adb
[2026-07-03 19:44:37.220][INF] [cfg=Default][inst=配置 1/default][src=Worker][op=ExecuteTaskQueue] ADB 序列号：
[2026-07-03 19:44:37.220][INF] [cfg=Default][inst=配置 1/default][src=Worker][op=ExecuteTaskQueue] 截图模式：Default
[2026-07-03 19:44:37.220][INF] [cfg=Default][inst=配置 1/default][src=Worker][op=ExecuteTaskQueue] 输入模式：Default
[2026-07-03 19:44:37.220][INF] [cfg=Default][inst=配置 1/default][src=Worker][op=ExecuteTaskQueue] 控制器配置：{}
[2026-07-03 19:44:37.236][WRN] [cfg=Default][inst=配置 1/default][src=Worker][op=ExecuteTaskQueue] 初始化控制器时发生错误！
[2026-07-03 19:44:37.237][ERR] [cfg=Default][inst=配置 1/default][src=Worker][op=ExecuteTaskQueue] 初始化控制器失败：message=连接模拟器时发生错误！, reason=The value cannot be an empty string.（Parameter 'info.AdbSerial')
System.ArgumentException: The value cannot be an empty string. (Parameter 'info.AdbSerial')
   at System.ArgumentException.ThrowNullOrEmptyException(String argument, String paramName)
   at System.ArgumentException.ThrowIfNullOrEmpty(String argument, String paramName)
   at MaaFramework.Binding.MaaAdbController..ctor(AdbDeviceInfo info, LinkOption link, CheckStatusOption check)
   at MaaFramework.Binding.MaaAdbController..ctor(String adbPath, String adbSerial, AdbScreencapMethods screencapMethods, AdbInputMethods inputMethods, String config, String agentPath, LinkOption link, CheckStatusOption check)
   at MFAAvalonia.Extensions.MaaFW.MaaProcessor.InitializeController(MaaControllerTypes controllerType, Boolean logConfig)
   at MFAAvalonia.Extensions.MaaFW.MaaProcessor.<>c__DisplayClass143_0.<InitializeMaaTasker>b__7()
   at MFAAvalonia.Helper.TaskManager.<>c__DisplayClass6_0`1.<RunTaskAsync>b__0()
   at System.Threading.Tasks.Task`1.InnerInvoke()
   at System.Threading.ExecutionContext.RunFromThreadPoolDispatchLoop(Thread threadPoolThread, ExecutionContext executionContext, ContextCallback callback, Object state)
--- End of stack trace from previous location ---
   at System.Threading.ExecutionContext.RunFromThreadPoolDispatchLoop(Thread threadPoolThread, ExecutionContext executionContext, ContextCallback callback, Object state)
   at System.Threading.Tasks.Task.ExecuteWithThreadLocal(Task& currentTaskSlot, Thread threadPoolThread)
--- End of stack trace from previous location ---
   at MFAAvalonia.Helper.TaskManager.RunTaskAsync[TResult](Func`1 function, CancellationToken token, Action`1 handleError, String name, String prompt, Boolean catchException, Boolean shouldLog, Boolean noMessage)
[2026-07-03 19:44:37.243][INF] [cfg=Default][inst=配置 1/default][src=Worker][op=ExecuteTaskQueue] >>> 任务 控制器检测完成（异步）。
[2026-07-03 19:44:37.243][WRN] [cfg=Default][inst=配置 1/default][src=Worker][op=ExecuteTaskQueue] 控制器初始化结果为空，已中止本次连接尝试。
[2026-07-03 19:44:37.258][INF] [cfg=Default][inst=配置 1/default][src=Worker][op=ExecuteTaskQueue] >>> 任务 启动检测开始（异步）。
[2026-07-03 19:44:37.258][INF] [cfg=Default][inst=配置 1/default][src=Worker][op=ExecuteTaskQueue] 开始执行更新任务：名称=查询CDK
[2026-07-03 19:44:37.259][INF] [cfg=Default][inst=配置 1/default][src=Worker][op=ExecuteTaskQueue] 更新任务完成：名称=查询CDK
[2026-07-03 19:44:37.259][INF] [cfg=Default][inst=配置 1/default][src=Worker][op=ExecuteTaskQueue] 开始执行更新任务：名称=更新资源
[2026-07-03 19:44:37.261][INF] [cfg=Default][inst=配置 1/default][src=UI][op=ChangeDevice] 当前连接目标变更：controller=Adb, resource=刀剑乱舞, device=MuMu安卓设备-MuMuPlayer12 v5（127.0.0.1:16384)
[2026-07-03 19:44:37.577][INF] [cfg=Default] >>> 任务 公告和最新版本检测完成（异步）。
[2026-07-03 19:44:38.680][INF] [cfg=Default][inst=配置 1/default][src=Worker][op=ExecuteTaskQueue] 目标系统：平台=win，系统家族=windows，架构=x64
[2026-07-03 19:44:39.530][INF] [cfg=Default][inst=配置 1/default][src=Worker][op=ExecuteTaskQueue] 候选资产优先级：名称=aatl-v0.5.3-beta.zip，优先级=0
[2026-07-03 19:44:39.534][INF] [cfg=Default][inst=配置 1/default][src=Worker][op=ExecuteTaskQueue] 更新任务完成：名称=更新资源
[2026-07-03 19:44:39.535][INF] [cfg=Default][inst=配置 1/default][src=Worker][op=ExecuteTaskQueue] >>> 任务 启动检测完成（异步）。
[2026-07-03 19:44:39.535][INF] [cfg=Default][inst=配置 1/default][src=Worker][op=ExecuteTaskQueue] >>> 任务 启动任务完成（异步）。
[2026-07-03 19:44:39.541][INF] [cfg=Default][inst=配置 1/default][src=Worker][op=StopTask] 停止前状态：SUCCEEDED
[2026-07-03 19:44:39.543][INF] [cfg=Default][inst=配置 1/default][src=Worker][op=StopTask] >>> 任务 停止maafw任务开始（异步）。
[2026-07-03 19:44:39.545][INF] [cfg=Default][inst=配置 1/default][src=Monitor][op=MonitorLog] 任务已全部完成！
(用时 0h 0m 2s)
[2026-07-03 19:45:25.430][INF] [cfg=Default][inst=配置 1/default][src=UI][op=Reconnect] 用户操作：重新连接 | controller=Adb, resource=刀剑乱舞, device=MuMu安卓设备-MuMuPlayer12 v5（127.0.0.1:16384)
[2026-07-03 19:45:25.600][INF] [cfg=Default][inst=配置 1/default][src=UI][op=MatchAdbDevice] 当前设备指纹：name=MuMu安卓设备-MuMuPlayer12 v5, serial=127.0.0.1:16384, configLength=78
[2026-07-03 19:45:25.600][INF] [cfg=Default][inst=配置 1/default][src=UI][op=Reconnect] 按指纹匹配到的设备数量：1
[2026-07-03 19:45:25.601][INF] [cfg=Default][inst=配置 1/default][src=UI][op=ChangeDevice] 当前连接目标变更：controller=Adb, resource=刀剑乱舞, device=<none>
[2026-07-03 19:45:25.601][INF] [cfg=Default][inst=配置 1/default][src=UI][op=ChangeDevice] 当前连接目标变更：controller=Adb, resource=刀剑乱舞, device=MuMu安卓设备-MuMuPlayer12 v5（127.0.0.1:16384)
[2026-07-03 19:45:25.606][INF] [cfg=Default][inst=配置 1/default][src=UI][op=Reconnect] 正在载入资源
[2026-07-03 19:45:25.606][INF] [cfg=Default][inst=配置 1/default][src=UI][op=Reconnect] 资源路径：D:\Claude_Workspace\AATL\resource\base
[2026-07-03 19:45:25.606][INF] [cfg=Default][inst=配置 1/default][src=UI][op=Reconnect] >>> 任务 资源检测开始（异步）。
[2026-07-03 19:45:25.614][INF] [cfg=Default][inst=配置 1/default][src=Monitor][op=MonitorLog] 正在连接至模拟器......
[2026-07-03 19:45:25.630][INF] [cfg=Default][inst=配置 1/default][src=UI][op=Reconnect] >>> 任务 资源检测完成（异步）。
[2026-07-03 19:45:25.631][INF] [cfg=Default][inst=配置 1/default][src=UI][op=Reconnect] 启用 GPU 推理：成功
[2026-07-03 19:45:25.631][INF] [cfg=Default][inst=配置 1/default][src=UI][op=Reconnect] GPU acceleration: Auto
[2026-07-03 19:45:25.631][INF] [cfg=Default][inst=配置 1/default][src=UI][op=Reconnect] >>> 任务 控制器检测开始（异步）。
[2026-07-03 19:45:25.631][INF] [cfg=Default][inst=配置 1/default][src=UI][op=Reconnect] 正在加载 MAA 控制器配置...
[2026-07-03 19:45:25.631][INF] [cfg=Default][inst=配置 1/default][src=UI][op=Reconnect] 触控模式:Default,捕获模式:EmulatorExtras
[2026-07-03 19:45:25.631][INF] [cfg=Default][inst=配置 1/default][src=UI][op=Reconnect] 设备名称：MuMu安卓设备-MuMuPlayer12 v5
[2026-07-03 19:45:25.631][INF] [cfg=Default][inst=配置 1/default][src=UI][op=Reconnect] ADB 路径：D:/Apps/MuMu/MuMuPlayer/nx_main/adb.exe
[2026-07-03 19:45:25.631][INF] [cfg=Default][inst=配置 1/default][src=UI][op=Reconnect] ADB 序列号：127.0.0.1:16384
[2026-07-03 19:45:25.631][INF] [cfg=Default][inst=配置 1/default][src=UI][op=Reconnect] 截图模式：EmulatorExtras
[2026-07-03 19:45:25.631][INF] [cfg=Default][inst=配置 1/default][src=UI][op=Reconnect] 输入模式：Default
[2026-07-03 19:45:25.631][INF] [cfg=Default][inst=配置 1/default][src=UI][op=Reconnect] 控制器配置：{"extras":{"mumu":{"enable":true,"index":0,"path":"D:/Apps/MuMu/MuMuPlayer"}}
[2026-07-03 19:45:26.131][INF] [cfg=Default][inst=配置 1/default][src=UI][op=Reconnect] >>> 任务 控制器检测完成（异步）。
[2026-07-03 19:45:26.787][INF] [cfg=Default][inst=配置 1/default][src=UI][op=Reconnect] 已注册内置特殊任务动作。
[2026-07-03 19:45:26.795][INF] [cfg=Default][inst=配置 1/default][src=UI][op=Reconnect] 已启动自定义类目录监听：目录=D:\Claude_Workspace\AATL\resource\base\custom
[2026-07-03 19:45:26.798][INF] [cfg=Default][inst=配置 1/default][src=UI][op=Reconnect] 开始解析自定义类：名称=CaptainDamageAction，文件=D:\Claude_Workspace\AATL\resource\base\custom\CaptainDamageAction.cs
[2026-07-03 19:45:27.551][INF] [cfg=Default][inst=配置 1/default][src=UI][op=Reconnect] 已成功加载自定义类：名称=CaptainDamageAction，文件=D:\Claude_Workspace\AATL\resource\base\custom\CaptainDamageAction.cs
[2026-07-03 19:45:27.552][INF] [cfg=Default][inst=配置 1/default][src=UI][op=Reconnect] 开始解析自定义类：名称=DamageLogAction，文件=D:\Claude_Workspace\AATL\resource\base\custom\DamageLogAction.cs
[2026-07-03 19:45:27.651][INF] [cfg=Default][inst=配置 1/default][src=UI][op=Reconnect] 已成功加载自定义类：名称=DamageLogAction，文件=D:\Claude_Workspace\AATL\resource\base\custom\DamageLogAction.cs
[2026-07-03 19:45:27.651][INF] [cfg=Default][inst=配置 1/default][src=UI][op=Reconnect] 开始解析自定义类：名称=DispatchLogAction，文件=D:\Claude_Workspace\AATL\resource\base\custom\DispatchLogAction.cs
[2026-07-03 19:45:27.827][INF] [cfg=Default][inst=配置 1/default][src=UI][op=Reconnect] 已成功加载自定义类：名称=DispatchLogAction，文件=D:\Claude_Workspace\AATL\resource\base\custom\DispatchLogAction.cs
[2026-07-03 19:45:27.827][INF] [cfg=Default][inst=配置 1/default][src=UI][op=Reconnect] 开始解析自定义类：名称=DungeonFloorSelectAction，文件=D:\Claude_Workspace\AATL\resource\base\custom\DungeonFloorSelectAction.cs
[2026-07-03 19:45:27.951][INF] [cfg=Default][inst=配置 1/default][src=UI][op=Reconnect] 已成功加载自定义类：名称=DungeonFloorSelectAction，文件=D:\Claude_Workspace\AATL\resource\base\custom\DungeonFloorSelectAction.cs
[2026-07-03 19:45:27.951][INF] [cfg=Default][inst=配置 1/default][src=UI][op=Reconnect] 开始解析自定义类：名称=ExpeditionMapSelectAction，文件=D:\Claude_Workspace\AATL\resource\base\custom\ExpeditionMapSelectAction.cs
[2026-07-03 19:45:28.006][INF] [cfg=Default][inst=配置 1/default][src=UI][op=Reconnect] 已成功加载自定义类：名称=ExpeditionMapSelectAction，文件=D:\Claude_Workspace\AATL\resource\base\custom\ExpeditionMapSelectAction.cs
[2026-07-03 19:45:28.006][INF] [cfg=Default][inst=配置 1/default][src=UI][op=Reconnect] 开始解析自定义类：名称=TeamSwitchAction，文件=D:\Claude_Workspace\AATL\resource\base\custom\TeamSwitchAction.cs
[2026-07-03 19:45:28.051][INF] [cfg=Default][inst=配置 1/default][src=UI][op=Reconnect] 已成功加载自定义类：名称=TeamSwitchAction，文件=D:\Claude_Workspace\AATL\resource\base\custom\TeamSwitchAction.cs
[2026-07-03 19:45:28.052][INF] [cfg=Default][inst=配置 1/default][src=UI][op=Reconnect] 已注册自定义动作：CaptainDamageAction
[2026-07-03 19:45:28.052][INF] [cfg=Default][inst=配置 1/default][src=UI][op=Reconnect] 已注册自定义动作：DamageLogAction
[2026-07-03 19:45:28.052][INF] [cfg=Default][inst=配置 1/default][src=UI][op=Reconnect] 已注册自定义动作：DispatchLogAction
[2026-07-03 19:45:28.052][INF] [cfg=Default][inst=配置 1/default][src=UI][op=Reconnect] 已注册自定义动作：DungeonFloorSelectAction
[2026-07-03 19:45:28.052][INF] [cfg=Default][inst=配置 1/default][src=UI][op=Reconnect] 已注册自定义动作：ExpeditionMapSelectAction
[2026-07-03 19:45:28.052][INF] [cfg=Default][inst=配置 1/default][src=UI][op=Reconnect] 已注册自定义动作：TeamSwitchAction
[2026-07-03 19:45:28.052][INF] [cfg=Default][inst=配置 1/default][src=UI][op=Reconnect] 未找到自定义目录：D:\Claude_Workspace\AATL\resource\custom
[2026-07-03 19:45:28.052][INF] [cfg=Default][inst=配置 1/default][src=UI][op=Reconnect] 连接状态变更：已连接。
[2026-07-03 19:45:28.053][INF] [cfg=Default][inst=配置 1/default][src=UI][op=Reconnect] MaaFW 调试模式：False
[2026-07-03 19:45:36.492][INF] [cfg=Default][inst=配置 1/default][src=UI][op=StartTask] 用户操作：启动任务 | controller=Adb, resource=刀剑乱舞, device=MuMu安卓设备-MuMuPlayer12 v5（127.0.0.1:16384), selectedTasks=1 [陆联]
[2026-07-03 19:45:36.510][INF] [cfg=Default][inst=配置 1/default][src=Worker][op=ExecuteTaskQueue] 准备执行任务队列：任务数量=1
[2026-07-03 19:45:36.526][INF] [cfg=Default][inst=配置 1/default][src=Worker][op=ExecuteTaskQueue] [任务管线合并] 任务#1 名称=[陆联] 入口=[LRentaisen] 参数=[
  {},
  {
    "LR_IsSwordSelect"：{
      "enabled"：true
    },
    "LR_ClickCaptainSlot"：{
      "enabled"：true
    },
    "LR_DetectSortOrder"：{
      "enabled"：true
    },
    "LR_ClickDescending"：{
      "enabled"：true
    },
    "LR_ConfirmSortAsc"：{
      "enabled"：true
    },
    "LR_ClickCaptain1"：{
      "enabled"：true
    },
    "LR_ClickCaptain2"：{
      "enabled"：true
    },
    "LR_ClickCaptain3"：{
      "enabled"：true
    },
    "LR_ClickCaptain4"：{
      "enabled"：true
    },
    "LR_ClickCaptain5"：{
      "enabled"：true
    }
  },
  {
    "LR_ClickSwitchTeam"：{
      "enabled"：true
    },
    "LR_RunTeamSwitch"：{
      "enabled"：true
    }
  },
  {
    "LR_ClickTeam"：{
      "target"：[
        154,
        93,
        1,
        1
      ]
    }
  },
  {
    "LR_RunTeamSwitch"：{
      "custom_action_param"：{
        "team_config"："221222111"
      }
    }
  },
  {
    "LR_ClickDifficulty"：{
      "target"：[
        1132,
        328,
        1,
        1
      ]
    }
  }
]
[2026-07-03 19:45:36.627][INF] [cfg=Default][inst=配置 1/default][src=Worker][op=ExecuteTaskQueue] >>> 任务 启动任务开始（异步）。
[2026-07-03 19:45:36.628][INF] [cfg=Default][inst=配置 1/default][src=Worker][op=ExecuteTaskQueue] >>> 任务 启动附加开始脚本开始（异步）。
[2026-07-03 19:45:36.629][INF] [cfg=Default][inst=配置 1/default][src=Worker][op=ExecuteTaskQueue] >>> 任务 启动附加开始脚本完成（异步）。
[2026-07-03 19:45:36.632][INF] [cfg=Default][inst=配置 1/default][src=Worker][op=ExecuteTaskQueue] >>> 任务 截图测试开始（异步）。
[2026-07-03 19:45:36.646][INF] [cfg=Default][inst=配置 1/default][src=Worker][op=ExecuteTaskQueue] >>> 任务 截图测试完成（异步）。
[2026-07-03 19:45:36.647][INF] [cfg=Default][inst=配置 1/default][src=Monitor][op=MonitorLog] 截图耗时：6ms(EmulatorExtras)
[2026-07-03 19:45:36.655][INF] [cfg=Default][inst=配置 1/default][src=Monitor][op=MonitorLog] 开始任务：陆联
[2026-07-03 19:45:36.658][INF] [cfg=Default][inst=配置 1/default][src=Worker][op=ExecuteTaskQueue] >>> 任务 队列任务开始（异步）。
[2026-07-03 19:45:55.348][INF] [cfg=Default][inst=配置 1/default][src=Worker][op=StopTask] 停止前状态：NOT_STARTED
[2026-07-03 19:45:55.355][INF] [cfg=Default][inst=配置 1/default][src=Worker][op=StopTask] >>> 任务 停止maafw任务开始（异步）。
[2026-07-03 19:45:55.355][INF] [cfg=Default][inst=配置 1/default][src=Worker][op=StopTask] 正在尝试停止任务执行器，第 1 次。
[2026-07-03 19:45:55.356][INF] [cfg=Default][inst=配置 1/default][src=Worker][op=ExecuteTaskQueue] >>> 任务 队列任务完成（异步）。
[2026-07-03 19:45:55.357][INF] [cfg=Default][inst=配置 1/default][src=Worker][op=ExecuteTaskQueue] >>> 任务 启动任务完成（异步）。
[2026-07-03 19:45:55.357][INF] [cfg=Default][inst=配置 1/default][src=Monitor][op=MonitorLog] 正在停止......
[2026-07-03 19:45:55.359][INF] [cfg=Default][inst=配置 1/default][src=Monitor][op=MonitorLog] 任务运行失败！
[2026-07-03 19:45:55.360][INF] [cfg=Default][inst=配置 1/default][src=Worker][op=StopTask] 停止前状态：STOPPED
[2026-07-03 19:45:55.360][INF] [cfg=Default][inst=配置 1/default][src=Worker][op=StopTask] >>> 任务 停止maafw任务开始（异步）。
[2026-07-03 19:45:55.360][INF] [cfg=Default][inst=配置 1/default][src=Worker][op=StopTask] >>> 任务 Action开始。
[2026-07-03 19:45:55.361][INF] [cfg=Default][inst=配置 1/default][src=Worker][op=StopTask] >>> 任务 Action完成。
[2026-07-03 19:45:55.455][INF] [cfg=Default][inst=配置 1/default][src=Worker][op=StopTask] 第 1 次停止任务执行器返回：Succeeded，准备重试。
[2026-07-03 19:45:55.766][INF] [cfg=Default][inst=配置 1/default][src=Monitor][op=MonitorLog] 已放弃本次任务
[2026-07-03 19:45:58.331][INF] [cfg=Default][inst=配置 1/default][src=UI][op=StartTask] 用户操作：启动任务 | controller=Adb, resource=刀剑乱舞, device=MuMu安卓设备-MuMuPlayer12 v5（127.0.0.1:16384), selectedTasks=1 [陆联]
[2026-07-03 19:45:58.350][INF] [cfg=Default][inst=配置 1/default][src=Worker][op=ExecuteTaskQueue] 准备执行任务队列：任务数量=1
[2026-07-03 19:45:58.352][INF] [cfg=Default][inst=配置 1/default][src=Worker][op=ExecuteTaskQueue] [任务管线合并] 任务#1 名称=[陆联] 入口=[LRentaisen] 参数=[
  {},
  {
    "LR_IsSwordSelect"：{
      "enabled"：true
    },
    "LR_ClickCaptainSlot"：{
      "enabled"：true
    },
    "LR_DetectSortOrder"：{
      "enabled"：true
    },
    "LR_ClickDescending"：{
      "enabled"：true
    },
    "LR_ConfirmSortAsc"：{
      "enabled"：true
    },
    "LR_ClickCaptain1"：{
      "enabled"：true
    },
    "LR_ClickCaptain2"：{
      "enabled"：true
    },
    "LR_ClickCaptain3"：{
      "enabled"：true
    },
    "LR_ClickCaptain4"：{
      "enabled"：true
    },
    "LR_ClickCaptain5"：{
      "enabled"：true
    }
  },
  {
    "LR_ClickSwitchTeam"：{
      "enabled"：true
    },
    "LR_RunTeamSwitch"：{
      "enabled"：true
    }
  },
  {
    "LR_ClickTeam"：{
      "target"：[
        154,
        93,
        1,
        1
      ]
    }
  },
  {
    "LR_RunTeamSwitch"：{
      "custom_action_param"：{
        "team_config"："221222111"
      }
    }
  },
  {
    "LR_ClickDifficulty"：{
      "target"：[
        1132,
        328,
        1,
        1
      ]
    }
  }
]
[2026-07-03 19:45:58.440][INF] [cfg=Default][inst=配置 1/default][src=Worker][op=ExecuteTaskQueue] >>> 任务 启动任务开始（异步）。
[2026-07-03 19:45:58.441][INF] [cfg=Default][inst=配置 1/default][src=Worker][op=ExecuteTaskQueue] >>> 任务 启动附加开始脚本开始（异步）。
[2026-07-03 19:45:58.442][INF] [cfg=Default][inst=配置 1/default][src=Worker][op=ExecuteTaskQueue] >>> 任务 启动附加开始脚本完成（异步）。
[2026-07-03 19:45:58.445][INF] [cfg=Default][inst=配置 1/default][src=Worker][op=ExecuteTaskQueue] >>> 任务 截图测试开始（异步）。
[2026-07-03 19:45:58.457][INF] [cfg=Default][inst=配置 1/default][src=Worker][op=ExecuteTaskQueue] >>> 任务 截图测试完成（异步）。
[2026-07-03 19:45:58.457][INF] [cfg=Default][inst=配置 1/default][src=Monitor][op=MonitorLog] 截图耗时：5ms(EmulatorExtras)
[2026-07-03 19:45:58.461][INF] [cfg=Default][inst=配置 1/default][src=Monitor][op=MonitorLog] 开始任务：陆联
[2026-07-03 19:45:58.462][INF] [cfg=Default][inst=配置 1/default][src=Worker][op=ExecuteTaskQueue] >>> 任务 队列任务开始（异步）。
[2026-07-03 19:46:12.313][INF] [cfg=Default][inst=配置 1/default][src=Worker][op=StopTask] 停止前状态：NOT_STARTED
[2026-07-03 19:46:12.322][INF] [cfg=Default][inst=配置 1/default][src=Worker][op=StopTask] >>> 任务 停止maafw任务开始（异步）。
[2026-07-03 19:46:12.322][INF] [cfg=Default][inst=配置 1/default][src=Worker][op=StopTask] 正在尝试停止任务执行器，第 1 次。
[2026-07-03 19:46:12.322][INF] [cfg=Default][inst=配置 1/default][src=Worker][op=ExecuteTaskQueue] >>> 任务 队列任务完成（异步）。
[2026-07-03 19:46:12.323][INF] [cfg=Default][inst=配置 1/default][src=Worker][op=ExecuteTaskQueue] >>> 任务 启动任务完成（异步）。
[2026-07-03 19:46:12.323][INF] [cfg=Default][inst=配置 1/default][src=Monitor][op=MonitorLog] 任务运行失败！
[2026-07-03 19:46:12.324][INF] [cfg=Default][inst=配置 1/default][src=Worker][op=StopTask] 第 1 次停止任务执行器返回：Succeeded，准备重试。
[2026-07-03 19:46:12.324][INF] [cfg=Default][inst=配置 1/default][src=Worker][op=StopTask] >>> 任务 Action开始。
[2026-07-03 19:46:12.324][INF] [cfg=Default][inst=配置 1/default][src=Worker][op=StopTask] >>> 任务 Action完成。
[2026-07-03 19:46:12.325][INF] [cfg=Default][inst=配置 1/default][src=Monitor][op=MonitorLog] 正在停止......
[2026-07-03 19:46:12.326][INF] [cfg=Default][inst=配置 1/default][src=Worker][op=StopTask] 停止前状态：STOPPED
[2026-07-03 19:46:12.326][INF] [cfg=Default][inst=配置 1/default][src=Worker][op=StopTask] >>> 任务 停止maafw任务开始（异步）。
[2026-07-03 19:46:12.726][INF] [cfg=Default][inst=配置 1/default][src=Monitor][op=MonitorLog] 已放弃本次任务
[2026-07-03 19:46:17.388][INF] [cfg=Default][inst=配置 1/default][src=UI][op=StartTask] 用户操作：启动任务 | controller=Adb, resource=刀剑乱舞, device=MuMu安卓设备-MuMuPlayer12 v5（127.0.0.1:16384), selectedTasks=1 [陆联]
[2026-07-03 19:46:17.401][INF] [cfg=Default][inst=配置 1/default][src=Worker][op=ExecuteTaskQueue] 准备执行任务队列：任务数量=1
[2026-07-03 19:46:17.402][INF] [cfg=Default][inst=配置 1/default][src=Worker][op=ExecuteTaskQueue] [任务管线合并] 任务#1 名称=[陆联] 入口=[LRentaisen] 参数=[
  {},
  {
    "LR_IsSwordSelect"：{
      "enabled"：true
    },
    "LR_ClickCaptainSlot"：{
      "enabled"：true
    },
    "LR_DetectSortOrder"：{
      "enabled"：true
    },
    "LR_ClickDescending"：{
      "enabled"：true
    },
    "LR_ConfirmSortAsc"：{
      "enabled"：true
    },
    "LR_ClickCaptain1"：{
      "enabled"：true
    },
    "LR_ClickCaptain2"：{
      "enabled"：true
    },
    "LR_ClickCaptain3"：{
      "enabled"：true
    },
    "LR_ClickCaptain4"：{
      "enabled"：true
    },
    "LR_ClickCaptain5"：{
      "enabled"：true
    }
  },
  {
    "LR_ClickSwitchTeam"：{
      "enabled"：true
    },
    "LR_RunTeamSwitch"：{
      "enabled"：true
    }
  },
  {
    "LR_ClickTeam"：{
      "target"：[
        154,
        93,
        1,
        1
      ]
    }
  },
  {
    "LR_RunTeamSwitch"：{
      "custom_action_param"：{
        "team_config"："221222111"
      }
    }
  },
  {
    "LR_ClickDifficulty"：{
      "target"：[
        1132,
        328,
        1,
        1
      ]
    }
  }
]
[2026-07-03 19:46:17.488][INF] [cfg=Default][inst=配置 1/default][src=Worker][op=ExecuteTaskQueue] >>> 任务 启动任务开始（异步）。
[2026-07-03 19:46:17.489][INF] [cfg=Default][inst=配置 1/default][src=Worker][op=ExecuteTaskQueue] >>> 任务 启动附加开始脚本开始（异步）。
[2026-07-03 19:46:17.489][INF] [cfg=Default][inst=配置 1/default][src=Worker][op=ExecuteTaskQueue] >>> 任务 启动附加开始脚本完成（异步）。
[2026-07-03 19:46:17.491][INF] [cfg=Default][inst=配置 1/default][src=Worker][op=ExecuteTaskQueue] >>> 任务 截图测试开始（异步）。
[2026-07-03 19:46:17.506][INF] [cfg=Default][inst=配置 1/default][src=Worker][op=ExecuteTaskQueue] >>> 任务 截图测试完成（异步）。
[2026-07-03 19:46:17.506][INF] [cfg=Default][inst=配置 1/default][src=Monitor][op=MonitorLog] 截图耗时：6ms(EmulatorExtras)
[2026-07-03 19:46:17.509][INF] [cfg=Default][inst=配置 1/default][src=Monitor][op=MonitorLog] 开始任务：陆联
[2026-07-03 19:46:17.510][INF] [cfg=Default][inst=配置 1/default][src=Worker][op=ExecuteTaskQueue] >>> 任务 队列任务开始（异步）。
[2026-07-03 19:46:23.210][INF] [cfg=Default][inst=配置 1/default][src=Worker][op=StopTask] 停止前状态：NOT_STARTED
[2026-07-03 19:46:23.213][INF] [cfg=Default][inst=配置 1/default][src=Worker][op=StopTask] >>> 任务 停止maafw任务开始（异步）。
[2026-07-03 19:46:23.213][INF] [cfg=Default][inst=配置 1/default][src=Worker][op=StopTask] 正在尝试停止任务执行器，第 1 次。
[2026-07-03 19:46:23.213][INF] [cfg=Default][inst=配置 1/default][src=Worker][op=ExecuteTaskQueue] >>> 任务 队列任务完成（异步）。
[2026-07-03 19:46:23.213][INF] [cfg=Default][inst=配置 1/default][src=Worker][op=ExecuteTaskQueue] >>> 任务 启动任务完成（异步）。
[2026-07-03 19:46:23.213][INF] [cfg=Default][inst=配置 1/default][src=Monitor][op=MonitorLog] 正在停止......
[2026-07-03 19:46:23.214][INF] [cfg=Default][inst=配置 1/default][src=Monitor][op=MonitorLog] 任务运行失败！
[2026-07-03 19:46:23.217][INF] [cfg=Default][inst=配置 1/default][src=Worker][op=StopTask] 停止前状态：STOPPED
[2026-07-03 19:46:23.218][INF] [cfg=Default][inst=配置 1/default][src=Worker][op=StopTask] >>> 任务 停止maafw任务开始（异步）。
[2026-07-03 19:46:23.218][INF] [cfg=Default][inst=配置 1/default][src=Worker][op=StopTask] >>> 任务 Action开始。
[2026-07-03 19:46:23.218][INF] [cfg=Default][inst=配置 1/default][src=Worker][op=StopTask] >>> 任务 Action完成。
[2026-07-03 19:46:23.374][INF] [cfg=Default][inst=配置 1/default][src=Worker][op=StopTask] 第 1 次停止任务执行器返回：Succeeded，准备重试。
[2026-07-03 19:46:23.619][INF] [cfg=Default][inst=配置 1/default][src=Monitor][op=MonitorLog] 已放弃本次任务
[2026-07-03 19:46:45.529][INF] [cfg=Default][inst=配置 1/default][src=UI][op=StartTask] 用户操作：启动任务 | controller=Adb, resource=刀剑乱舞, device=MuMu安卓设备-MuMuPlayer12 v5（127.0.0.1:16384), selectedTasks=1 [陆联]
[2026-07-03 19:46:45.541][INF] [cfg=Default][inst=配置 1/default][src=Worker][op=ExecuteTaskQueue] 准备执行任务队列：任务数量=1
[2026-07-03 19:46:45.542][INF] [cfg=Default][inst=配置 1/default][src=Worker][op=ExecuteTaskQueue] [任务管线合并] 任务#1 名称=[陆联] 入口=[LRentaisen] 参数=[
  {},
  {
    "LR_IsSwordSelect"：{
      "enabled"：true
    },
    "LR_ClickCaptainSlot"：{
      "enabled"：true
    },
    "LR_DetectSortOrder"：{
      "enabled"：true
    },
    "LR_ClickDescending"：{
      "enabled"：true
    },
    "LR_ConfirmSortAsc"：{
      "enabled"：true
    },
    "LR_ClickCaptain1"：{
      "enabled"：true
    },
    "LR_ClickCaptain2"：{
      "enabled"：true
    },
    "LR_ClickCaptain3"：{
      "enabled"：true
    },
    "LR_ClickCaptain4"：{
      "enabled"：true
    },
    "LR_ClickCaptain5"：{
      "enabled"：true
    }
  },
  {
    "LR_ClickSwitchTeam"：{
      "enabled"：true
    },
    "LR_RunTeamSwitch"：{
      "enabled"：true
    }
  },
  {
    "LR_ClickTeam"：{
      "target"：[
        154,
        93,
        1,
        1
      ]
    }
  },
  {
    "LR_RunTeamSwitch"：{
      "custom_action_param"：{
        "team_config"："221222111"
      }
    }
  },
  {
    "LR_ClickDifficulty"：{
      "target"：[
        1132,
        328,
        1,
        1
      ]
    }
  }
]
[2026-07-03 19:46:45.627][INF] [cfg=Default][inst=配置 1/default][src=Worker][op=ExecuteTaskQueue] >>> 任务 启动任务开始（异步）。
[2026-07-03 19:46:45.628][INF] [cfg=Default][inst=配置 1/default][src=Worker][op=ExecuteTaskQueue] >>> 任务 启动附加开始脚本开始（异步）。
[2026-07-03 19:46:45.628][INF] [cfg=Default][inst=配置 1/default][src=Worker][op=ExecuteTaskQueue] >>> 任务 启动附加开始脚本完成（异步）。
[2026-07-03 19:46:45.629][INF] [cfg=Default][inst=配置 1/default][src=Worker][op=ExecuteTaskQueue] >>> 任务 截图测试开始（异步）。
[2026-07-03 19:46:45.648][INF] [cfg=Default][inst=配置 1/default][src=Worker][op=ExecuteTaskQueue] >>> 任务 截图测试完成（异步）。
[2026-07-03 19:46:45.650][INF] [cfg=Default][inst=配置 1/default][src=Monitor][op=MonitorLog] 截图耗时：9ms(EmulatorExtras)
[2026-07-03 19:46:45.653][INF] [cfg=Default][inst=配置 1/default][src=Monitor][op=MonitorLog] 开始任务：陆联
[2026-07-03 19:46:45.654][INF] [cfg=Default][inst=配置 1/default][src=Worker][op=ExecuteTaskQueue] >>> 任务 队列任务开始（异步）。
[2026-07-03 19:47:23.297][INF] [cfg=Default] [TeamSwitch] 队伍配置：221222111
[2026-07-03 19:47:23.352][INF] [cfg=Default] 识别结果：9
[2026-07-03 19:47:23.352][INF] [cfg=Default] [TeamSwitch] 轮次 OCR 结果：'9'（第1次)
[2026-07-03 19:47:23.352][INF] [cfg=Default] [TeamSwitch] 剩余9轮(即将第2轮）→ 部队2
[2026-07-03 19:47:25.012][INF] [cfg=Default] [TeamSwitch] 换队完成：第2轮 → 部队2
[2026-07-03 19:47:51.222][INF] [cfg=Default] [TeamSwitch] 队伍配置：221222111
[2026-07-03 19:47:51.251][INF] [cfg=Default] 识别结果：8
[2026-07-03 19:47:51.252][INF] [cfg=Default] [TeamSwitch] 轮次 OCR 结果：'8'（第1次)
[2026-07-03 19:47:51.252][INF] [cfg=Default] [TeamSwitch] 剩余8轮(即将第3轮）→ 部队2
[2026-07-03 19:47:52.911][INF] [cfg=Default] [TeamSwitch] 换队完成：第3轮 → 部队2
[2026-07-03 19:48:11.128][INF] [cfg=Default] [TeamSwitch] 队伍配置：221222111
[2026-07-03 19:48:11.160][INF] [cfg=Default] 识别结果：7
[2026-07-03 19:48:11.160][INF] [cfg=Default] [TeamSwitch] 轮次 OCR 结果：'7'（第1次)
[2026-07-03 19:48:11.160][INF] [cfg=Default] [TeamSwitch] 剩余7轮(即将第4轮）→ 部队1
[2026-07-03 19:48:12.817][INF] [cfg=Default] [TeamSwitch] 换队完成：第4轮 → 部队1
[2026-07-03 19:48:35.352][INF] [cfg=Default] [TeamSwitch] 队伍配置：221222111
[2026-07-03 19:48:35.380][INF] [cfg=Default] 识别结果：6
[2026-07-03 19:48:35.380][INF] [cfg=Default] [TeamSwitch] 轮次 OCR 结果：'6'（第1次)
[2026-07-03 19:48:35.380][INF] [cfg=Default] [TeamSwitch] 剩余6轮(即将第5轮）→ 部队2
[2026-07-03 19:48:37.040][INF] [cfg=Default] [TeamSwitch] 换队完成：第5轮 → 部队2
[2026-07-03 19:49:03.503][INF] [cfg=Default] [TeamSwitch] 队伍配置：221222111
[2026-07-03 19:49:03.533][INF] [cfg=Default] 识别结果：5
[2026-07-03 19:49:03.533][INF] [cfg=Default] [TeamSwitch] 轮次 OCR 结果：'5'（第1次)
[2026-07-03 19:49:03.533][INF] [cfg=Default] [TeamSwitch] 剩余5轮(即将第6轮）→ 部队2
[2026-07-03 19:49:05.191][INF] [cfg=Default] [TeamSwitch] 换队完成：第6轮 → 部队2
[2026-07-03 19:49:21.764][INF] [cfg=Default] [TeamSwitch] 队伍配置：221222111
[2026-07-03 19:49:21.792][INF] [cfg=Default] 识别结果：4
[2026-07-03 19:49:21.792][INF] [cfg=Default] [TeamSwitch] 轮次 OCR 结果：'4'（第1次)
[2026-07-03 19:49:21.792][INF] [cfg=Default] [TeamSwitch] 剩余4轮(即将第7轮）→ 部队2
[2026-07-03 19:49:23.452][INF] [cfg=Default] [TeamSwitch] 换队完成：第7轮 → 部队2
[2026-07-03 19:49:48.049][INF] [cfg=Default] [TeamSwitch] 队伍配置：221222111
[2026-07-03 19:49:48.080][INF] [cfg=Default] 识别结果：3
[2026-07-03 19:49:48.080][INF] [cfg=Default] [TeamSwitch] 轮次 OCR 结果：'3'（第1次)
[2026-07-03 19:49:48.080][INF] [cfg=Default] [TeamSwitch] 剩余3轮(即将第8轮）→ 部队1
[2026-07-03 19:49:49.738][INF] [cfg=Default] [TeamSwitch] 换队完成：第8轮 → 部队1
[2026-07-03 19:50:06.692][INF] [cfg=Default] [TeamSwitch] 队伍配置：221222111
[2026-07-03 19:50:06.724][INF] [cfg=Default] 识别结果：2
[2026-07-03 19:50:06.724][INF] [cfg=Default] [TeamSwitch] 轮次 OCR 结果：'2'（第1次)
[2026-07-03 19:50:06.724][INF] [cfg=Default] [TeamSwitch] 剩余2轮(即将第9轮）→ 部队1
[2026-07-03 19:50:08.381][INF] [cfg=Default] [TeamSwitch] 换队完成：第9轮 → 部队1
[2026-07-03 19:50:25.904][INF] [cfg=Default] [TeamSwitch] 队伍配置：221222111
[2026-07-03 19:50:25.940][INF] [cfg=Default] 识别结果：1
[2026-07-03 19:50:25.940][INF] [cfg=Default] [TeamSwitch] 轮次 OCR 结果：'1'（第1次)
[2026-07-03 19:50:25.941][INF] [cfg=Default] [TeamSwitch] 剩余1轮(即将第10轮）→ 部队1
[2026-07-03 19:50:27.599][INF] [cfg=Default] [TeamSwitch] 换队完成：第10轮 → 部队1
[2026-07-03 19:50:53.739][INF] [cfg=Default][inst=配置 1/default][src=Worker][op=ExecuteTaskQueue] >>> 任务 队列任务完成（异步）。
[2026-07-03 19:50:53.742][INF] [cfg=Default][inst=配置 1/default][src=Monitor][op=MonitorLog] 任务已完成
[2026-07-03 19:50:54.242][INF] [cfg=Default][inst=配置 1/default][src=Monitor][op=MonitorLog] 开始任务：陆联
[2026-07-03 19:50:54.243][INF] [cfg=Default][inst=配置 1/default][src=Worker][op=ExecuteTaskQueue] >>> 任务 队列任务开始（异步）。
[2026-07-03 19:50:57.380][INF] [cfg=Default][inst=配置 1/default][src=Worker][op=StopTask] 停止前状态：NOT_STARTED
[2026-07-03 19:50:57.391][INF] [cfg=Default][inst=配置 1/default][src=Worker][op=StopTask] >>> 任务 停止maafw任务开始（异步）。
[2026-07-03 19:50:57.391][INF] [cfg=Default][inst=配置 1/default][src=Worker][op=StopTask] 正在尝试停止任务执行器，第 1 次。
[2026-07-03 19:50:57.391][INF] [cfg=Default][inst=配置 1/default][src=Monitor][op=MonitorLog] 正在停止......
[2026-07-03 19:50:57.391][INF] [cfg=Default][inst=配置 1/default][src=Worker][op=ExecuteTaskQueue] >>> 任务 队列任务完成（异步）。
[2026-07-03 19:50:57.392][INF] [cfg=Default][inst=配置 1/default][src=Worker][op=ExecuteTaskQueue] >>> 任务 启动任务完成（异步）。
[2026-07-03 19:50:57.392][INF] [cfg=Default][inst=配置 1/default][src=Monitor][op=MonitorLog] 任务运行失败！
[2026-07-03 19:50:57.393][INF] [cfg=Default][inst=配置 1/default][src=Worker][op=StopTask] 停止前状态：STOPPED
[2026-07-03 19:50:57.393][INF] [cfg=Default][inst=配置 1/default][src=Worker][op=StopTask] >>> 任务 停止maafw任务开始（异步）。
[2026-07-03 19:50:57.393][INF] [cfg=Default][inst=配置 1/default][src=Worker][op=StopTask] >>> 任务 Action开始。
[2026-07-03 19:50:57.393][INF] [cfg=Default][inst=配置 1/default][src=Worker][op=StopTask] >>> 任务 Action完成。
[2026-07-03 19:50:57.527][INF] [cfg=Default][inst=配置 1/default][src=Worker][op=StopTask] 第 1 次停止任务执行器返回：Succeeded，准备重试。
[2026-07-03 19:50:57.796][INF] [cfg=Default][inst=配置 1/default][src=Monitor][op=MonitorLog] 已放弃本次任务
[2026-07-03 19:51:09.481][INF] [cfg=Default][inst=配置 1/default][src=UI][op=StartTask] 用户操作：启动任务 | controller=Adb, resource=刀剑乱舞, device=MuMu安卓设备-MuMuPlayer12 v5（127.0.0.1:16384), selectedTasks=1 [陆联]
[2026-07-03 19:51:09.503][INF] [cfg=Default][inst=配置 1/default][src=Worker][op=ExecuteTaskQueue] 准备执行任务队列：任务数量=1
[2026-07-03 19:51:09.506][INF] [cfg=Default][inst=配置 1/default][src=Worker][op=ExecuteTaskQueue] [任务管线合并] 任务#1 名称=[陆联] 入口=[LRentaisen] 参数=[
  {},
  {
    "LR_IsSwordSelect"：{
      "enabled"：true
    },
    "LR_ClickCaptainSlot"：{
      "enabled"：true
    },
    "LR_DetectSortOrder"：{
      "enabled"：true
    },
    "LR_ClickDescending"：{
      "enabled"：true
    },
    "LR_ConfirmSortAsc"：{
      "enabled"：true
    },
    "LR_ClickCaptain1"：{
      "enabled"：true
    },
    "LR_ClickCaptain2"：{
      "enabled"：true
    },
    "LR_ClickCaptain3"：{
      "enabled"：true
    },
    "LR_ClickCaptain4"：{
      "enabled"：true
    },
    "LR_ClickCaptain5"：{
      "enabled"：true
    }
  },
  {
    "LR_ClickSwitchTeam"：{
      "enabled"：true
    },
    "LR_RunTeamSwitch"：{
      "enabled"：true
    }
  },
  {
    "LR_ClickTeam"：{
      "target"：[
        154,
        93,
        1,
        1
      ]
    }
  },
  {
    "LR_RunTeamSwitch"：{
      "custom_action_param"：{
        "team_config"："221222111"
      }
    }
  },
  {
    "LR_ClickDifficulty"：{
      "target"：[
        1132,
        328,
        1,
        1
      ]
    }
  }
]
[2026-07-03 19:51:09.620][INF] [cfg=Default][inst=配置 1/default][src=Worker][op=ExecuteTaskQueue] >>> 任务 启动任务开始（异步）。
[2026-07-03 19:51:09.624][INF] [cfg=Default][inst=配置 1/default][src=Worker][op=ExecuteTaskQueue] >>> 任务 启动附加开始脚本开始（异步）。
[2026-07-03 19:51:09.624][INF] [cfg=Default][inst=配置 1/default][src=Worker][op=ExecuteTaskQueue] >>> 任务 启动附加开始脚本完成（异步）。
[2026-07-03 19:51:09.626][INF] [cfg=Default][inst=配置 1/default][src=Worker][op=ExecuteTaskQueue] >>> 任务 截图测试开始（异步）。
[2026-07-03 19:51:09.639][INF] [cfg=Default][inst=配置 1/default][src=Worker][op=ExecuteTaskQueue] >>> 任务 截图测试完成（异步）。
[2026-07-03 19:51:09.640][INF] [cfg=Default][inst=配置 1/default][src=Monitor][op=MonitorLog] 截图耗时：6ms(EmulatorExtras)
[2026-07-03 19:51:09.642][INF] [cfg=Default][inst=配置 1/default][src=Monitor][op=MonitorLog] 开始任务：陆联
[2026-07-03 19:51:09.644][INF] [cfg=Default][inst=配置 1/default][src=Worker][op=ExecuteTaskQueue] >>> 任务 队列任务开始（异步）。
[2026-07-03 19:51:47.110][INF] [cfg=Default] [TeamSwitch] 队伍配置：221222111
[2026-07-03 19:51:47.147][INF] [cfg=Default] 识别结果：9
[2026-07-03 19:51:47.147][INF] [cfg=Default] [TeamSwitch] 轮次 OCR 结果：'9'（第1次)
[2026-07-03 19:51:47.148][INF] [cfg=Default] [TeamSwitch] 剩余9轮(即将第2轮）→ 部队2
[2026-07-03 19:51:48.807][INF] [cfg=Default] [TeamSwitch] 换队完成：第2轮 → 部队2
[2026-07-03 19:52:11.636][INF] [cfg=Default][inst=配置 1/default][src=Worker][op=StopTask] 停止前状态：NOT_STARTED
[2026-07-03 19:52:11.642][INF] [cfg=Default][inst=配置 1/default][src=Worker][op=StopTask] >>> 任务 停止maafw任务开始（异步）。
[2026-07-03 19:52:11.642][INF] [cfg=Default][inst=配置 1/default][src=Worker][op=StopTask] 正在尝试停止任务执行器，第 1 次。
[2026-07-03 19:52:11.642][INF] [cfg=Default][inst=配置 1/default][src=Worker][op=ExecuteTaskQueue] >>> 任务 队列任务完成（异步）。
[2026-07-03 19:52:11.642][INF] [cfg=Default][inst=配置 1/default][src=Worker][op=ExecuteTaskQueue] >>> 任务 启动任务完成（异步）。
[2026-07-03 19:52:11.642][INF] [cfg=Default][inst=配置 1/default][src=Monitor][op=MonitorLog] 正在停止......
[2026-07-03 19:52:11.643][INF] [cfg=Default][inst=配置 1/default][src=Monitor][op=MonitorLog] 任务运行失败！
[2026-07-03 19:52:11.645][INF] [cfg=Default][inst=配置 1/default][src=Worker][op=StopTask] 停止前状态：STOPPED
[2026-07-03 19:52:11.645][INF] [cfg=Default][inst=配置 1/default][src=Worker][op=StopTask] >>> 任务 停止maafw任务开始（异步）。
[2026-07-03 19:52:11.645][INF] [cfg=Default][inst=配置 1/default][src=Worker][op=StopTask] >>> 任务 Action开始。
[2026-07-03 19:52:11.645][INF] [cfg=Default][inst=配置 1/default][src=Worker][op=StopTask] >>> 任务 Action完成。
[2026-07-03 19:52:11.653][INF] [cfg=Default][inst=配置 1/default][src=Worker][op=StopTask] 第 1 次停止任务执行器返回：Succeeded，准备重试。
[2026-07-03 19:52:12.047][INF] [cfg=Default][inst=配置 1/default][src=Monitor][op=MonitorLog] 已放弃本次任务
[2026-07-03 20:00:08.681][INF] [cfg=Default][inst=配置 1/default][src=UI][op=StartTask] 用户操作：启动任务 | controller=Adb, resource=刀剑乱舞, device=MuMu安卓设备-MuMuPlayer12 v5（127.0.0.1:16384), selectedTasks=1 [陆联]
[2026-07-03 20:00:08.724][INF] [cfg=Default][inst=配置 1/default][src=Worker][op=ExecuteTaskQueue] 准备执行任务队列：任务数量=1
[2026-07-03 20:00:08.728][INF] [cfg=Default][inst=配置 1/default][src=Worker][op=ExecuteTaskQueue] [任务管线合并] 任务#1 名称=[陆联] 入口=[LRentaisen] 参数=[
  {},
  {
    "LR_IsSwordSelect"：{
      "enabled"：true
    },
    "LR_ClickCaptainSlot"：{
      "enabled"：true
    },
    "LR_DetectSortOrder"：{
      "enabled"：true
    },
    "LR_ClickDescending"：{
      "enabled"：true
    },
    "LR_ConfirmSortAsc"：{
      "enabled"：true
    },
    "LR_ClickCaptain1"：{
      "enabled"：true
    },
    "LR_ClickCaptain2"：{
      "enabled"：true
    },
    "LR_ClickCaptain3"：{
      "enabled"：true
    },
    "LR_ClickCaptain4"：{
      "enabled"：true
    },
    "LR_ClickCaptain5"：{
      "enabled"：true
    }
  },
  {
    "LR_ClickTeam"：{
      "target"：[
        154,
        93,
        1,
        1
      ]
    }
  },
  {
    "LR_RunTeamSwitch"：{
      "custom_action_param"：{
        "team_config"："221222111"
      }
    }
  },
  {
    "LR_ClickDifficulty"：{
      "target"：[
        1132,
        328,
        1,
        1
      ]
    }
  }
]
[2026-07-03 20:00:08.842][INF] [cfg=Default][inst=配置 1/default][src=Worker][op=ExecuteTaskQueue] >>> 任务 启动任务开始（异步）。
[2026-07-03 20:00:08.842][INF] [cfg=Default][inst=配置 1/default][src=Worker][op=ExecuteTaskQueue] >>> 任务 启动附加开始脚本开始（异步）。
[2026-07-03 20:00:08.843][INF] [cfg=Default][inst=配置 1/default][src=Worker][op=ExecuteTaskQueue] >>> 任务 启动附加开始脚本完成（异步）。
[2026-07-03 20:00:08.849][INF] [cfg=Default][inst=配置 1/default][src=Worker][op=ExecuteTaskQueue] >>> 任务 截图测试开始（异步）。
[2026-07-03 20:00:08.877][INF] [cfg=Default][inst=配置 1/default][src=Worker][op=ExecuteTaskQueue] >>> 任务 截图测试完成（异步）。
[2026-07-03 20:00:08.877][INF] [cfg=Default][inst=配置 1/default][src=Monitor][op=MonitorLog] 截图耗时：13ms(EmulatorExtras)
[2026-07-03 20:00:08.880][INF] [cfg=Default][inst=配置 1/default][src=Monitor][op=MonitorLog] 开始任务：陆联
[2026-07-03 20:00:08.885][INF] [cfg=Default][inst=配置 1/default][src=Worker][op=ExecuteTaskQueue] >>> 任务 队列任务开始（异步）。
[2026-07-03 20:00:34.032][INF] [cfg=Default][inst=配置 1/default][src=Worker][op=StopTask] 停止前状态：NOT_STARTED
[2026-07-03 20:00:34.041][INF] [cfg=Default][inst=配置 1/default][src=Worker][op=StopTask] >>> 任务 停止maafw任务开始（异步）。
[2026-07-03 20:00:34.041][INF] [cfg=Default][inst=配置 1/default][src=Worker][op=StopTask] 正在尝试停止任务执行器，第 1 次。
[2026-07-03 20:00:34.041][INF] [cfg=Default][inst=配置 1/default][src=Worker][op=ExecuteTaskQueue] >>> 任务 队列任务完成（异步）。
[2026-07-03 20:00:34.042][INF] [cfg=Default][inst=配置 1/default][src=Worker][op=ExecuteTaskQueue] >>> 任务 启动任务完成（异步）。
[2026-07-03 20:00:34.042][INF] [cfg=Default][inst=配置 1/default][src=Monitor][op=MonitorLog] 正在停止......
[2026-07-03 20:00:34.043][INF] [cfg=Default][inst=配置 1/default][src=Monitor][op=MonitorLog] 任务运行失败！
[2026-07-03 20:00:34.044][INF] [cfg=Default][inst=配置 1/default][src=Worker][op=StopTask] 停止前状态：STOPPED
[2026-07-03 20:00:34.044][INF] [cfg=Default][inst=配置 1/default][src=Worker][op=StopTask] >>> 任务 停止maafw任务开始（异步）。
[2026-07-03 20:00:34.044][INF] [cfg=Default][inst=配置 1/default][src=Worker][op=StopTask] >>> 任务 Action开始。
[2026-07-03 20:00:34.044][INF] [cfg=Default][inst=配置 1/default][src=Worker][op=StopTask] >>> 任务 Action完成。
[2026-07-03 20:00:34.287][INF] [cfg=Default][inst=配置 1/default][src=Worker][op=StopTask] 第 1 次停止任务执行器返回：Succeeded，准备重试。
[2026-07-03 20:00:34.447][INF] [cfg=Default][inst=配置 1/default][src=Monitor][op=MonitorLog] 已放弃本次任务
[2026-07-03 20:00:37.210][INF] [cfg=Default][inst=配置 1/default][src=UI][op=StartTask] 用户操作：启动任务 | controller=Adb, resource=刀剑乱舞, device=MuMu安卓设备-MuMuPlayer12 v5（127.0.0.1:16384), selectedTasks=1 [陆联]
[2026-07-03 20:00:37.227][INF] [cfg=Default][inst=配置 1/default][src=Worker][op=ExecuteTaskQueue] 准备执行任务队列：任务数量=1
[2026-07-03 20:00:37.228][INF] [cfg=Default][inst=配置 1/default][src=Worker][op=ExecuteTaskQueue] [任务管线合并] 任务#1 名称=[陆联] 入口=[LRentaisen] 参数=[
  {},
  {
    "LR_IsSwordSelect"：{
      "enabled"：true
    },
    "LR_ClickCaptainSlot"：{
      "enabled"：true
    },
    "LR_DetectSortOrder"：{
      "enabled"：true
    },
    "LR_ClickDescending"：{
      "enabled"：true
    },
    "LR_ConfirmSortAsc"：{
      "enabled"：true
    },
    "LR_ClickCaptain1"：{
      "enabled"：true
    },
    "LR_ClickCaptain2"：{
      "enabled"：true
    },
    "LR_ClickCaptain3"：{
      "enabled"：true
    },
    "LR_ClickCaptain4"：{
      "enabled"：true
    },
    "LR_ClickCaptain5"：{
      "enabled"：true
    }
  },
  {
    "LR_ClickTeam"：{
      "target"：[
        154,
        93,
        1,
        1
      ]
    }
  },
  {
    "LR_RunTeamSwitch"：{
      "custom_action_param"：{
        "team_config"："221222111"
      }
    }
  },
  {
    "LR_ClickDifficulty"：{
      "target"：[
        1132,
        328,
        1,
        1
      ]
    }
  }
]
[2026-07-03 20:00:37.334][INF] [cfg=Default][inst=配置 1/default][src=Worker][op=ExecuteTaskQueue] >>> 任务 启动任务开始（异步）。
[2026-07-03 20:00:37.335][INF] [cfg=Default][inst=配置 1/default][src=Worker][op=ExecuteTaskQueue] >>> 任务 启动附加开始脚本开始（异步）。
[2026-07-03 20:00:37.335][INF] [cfg=Default][inst=配置 1/default][src=Worker][op=ExecuteTaskQueue] >>> 任务 启动附加开始脚本完成（异步）。
[2026-07-03 20:00:37.339][INF] [cfg=Default][inst=配置 1/default][src=Worker][op=ExecuteTaskQueue] >>> 任务 截图测试开始（异步）。
[2026-07-03 20:00:37.355][INF] [cfg=Default][inst=配置 1/default][src=Worker][op=ExecuteTaskQueue] >>> 任务 截图测试完成（异步）。
[2026-07-03 20:00:37.355][INF] [cfg=Default][inst=配置 1/default][src=Monitor][op=MonitorLog] 截图耗时：6ms(EmulatorExtras)
[2026-07-03 20:00:37.357][INF] [cfg=Default][inst=配置 1/default][src=Monitor][op=MonitorLog] 开始任务：陆联
[2026-07-03 20:00:37.360][INF] [cfg=Default][inst=配置 1/default][src=Worker][op=ExecuteTaskQueue] >>> 任务 队列任务开始（异步）。
[2026-07-03 20:00:47.759][INF] [cfg=Default][inst=配置 1/default][src=Worker][op=StopTask] 停止前状态：NOT_STARTED
[2026-07-03 20:00:47.769][INF] [cfg=Default][inst=配置 1/default][src=Worker][op=StopTask] >>> 任务 停止maafw任务开始（异步）。
[2026-07-03 20:00:47.769][INF] [cfg=Default][inst=配置 1/default][src=Worker][op=StopTask] 正在尝试停止任务执行器，第 1 次。
[2026-07-03 20:00:47.769][INF] [cfg=Default][inst=配置 1/default][src=Worker][op=ExecuteTaskQueue] >>> 任务 队列任务完成（异步）。
[2026-07-03 20:00:47.769][INF] [cfg=Default][inst=配置 1/default][src=Monitor][op=MonitorLog] 正在停止......
[2026-07-03 20:00:47.770][INF] [cfg=Default][inst=配置 1/default][src=Worker][op=ExecuteTaskQueue] >>> 任务 启动任务完成（异步）。
[2026-07-03 20:00:47.771][INF] [cfg=Default][inst=配置 1/default][src=Monitor][op=MonitorLog] 任务运行失败！
[2026-07-03 20:00:47.772][INF] [cfg=Default][inst=配置 1/default][src=Worker][op=StopTask] 停止前状态：STOPPED
[2026-07-03 20:00:47.772][INF] [cfg=Default][inst=配置 1/default][src=Worker][op=StopTask] >>> 任务 停止maafw任务开始（异步）。
[2026-07-03 20:00:47.772][INF] [cfg=Default][inst=配置 1/default][src=Worker][op=StopTask] >>> 任务 Action开始。
[2026-07-03 20:00:47.772][INF] [cfg=Default][inst=配置 1/default][src=Worker][op=StopTask] >>> 任务 Action完成。
[2026-07-03 20:00:48.174][INF] [cfg=Default][inst=配置 1/default][src=Monitor][op=MonitorLog] 已放弃本次任务
[2026-07-03 20:00:48.180][INF] [cfg=Default][inst=配置 1/default][src=Worker][op=StopTask] 第 1 次停止任务执行器返回：Succeeded，准备重试。
[2026-07-03 20:01:15.609][INF] [cfg=Default][inst=配置 1/default][src=UI][op=StartTask] 用户操作：启动任务 | controller=Adb, resource=刀剑乱舞, device=MuMu安卓设备-MuMuPlayer12 v5（127.0.0.1:16384), selectedTasks=1 [陆联]
[2026-07-03 20:01:15.624][INF] [cfg=Default][inst=配置 1/default][src=Worker][op=ExecuteTaskQueue] 准备执行任务队列：任务数量=1
[2026-07-03 20:01:15.626][INF] [cfg=Default][inst=配置 1/default][src=Worker][op=ExecuteTaskQueue] [任务管线合并] 任务#1 名称=[陆联] 入口=[LRentaisen] 参数=[
  {},
  {
    "LR_IsSwordSelect"：{
      "enabled"：true
    },
    "LR_ClickCaptainSlot"：{
      "enabled"：true
    },
    "LR_DetectSortOrder"：{
      "enabled"：true
    },
    "LR_ClickDescending"：{
      "enabled"：true
    },
    "LR_ConfirmSortAsc"：{
      "enabled"：true
    },
    "LR_ClickCaptain1"：{
      "enabled"：true
    },
    "LR_ClickCaptain2"：{
      "enabled"：true
    },
    "LR_ClickCaptain3"：{
      "enabled"：true
    },
    "LR_ClickCaptain4"：{
      "enabled"：true
    },
    "LR_ClickCaptain5"：{
      "enabled"：true
    }
  },
  {
    "LR_ClickSwitchTeam"：{
      "enabled"：true
    },
    "LR_RunTeamSwitch"：{
      "enabled"：true
    }
  },
  {
    "LR_ClickTeam"：{
      "target"：[
        154,
        93,
        1,
        1
      ]
    }
  },
  {
    "LR_RunTeamSwitch"：{
      "custom_action_param"：{
        "team_config"："221222111"
      }
    }
  },
  {
    "LR_ClickDifficulty"：{
      "target"：[
        1132,
        328,
        1,
        1
      ]
    }
  }
]
[2026-07-03 20:01:15.720][INF] [cfg=Default][inst=配置 1/default][src=Worker][op=ExecuteTaskQueue] >>> 任务 启动任务开始（异步）。
[2026-07-03 20:01:15.723][INF] [cfg=Default][inst=配置 1/default][src=Worker][op=ExecuteTaskQueue] >>> 任务 启动附加开始脚本开始（异步）。
[2026-07-03 20:01:15.723][INF] [cfg=Default][inst=配置 1/default][src=Worker][op=ExecuteTaskQueue] >>> 任务 启动附加开始脚本完成（异步）。
[2026-07-03 20:01:15.725][INF] [cfg=Default][inst=配置 1/default][src=Worker][op=ExecuteTaskQueue] >>> 任务 截图测试开始（异步）。
[2026-07-03 20:01:15.739][INF] [cfg=Default][inst=配置 1/default][src=Worker][op=ExecuteTaskQueue] >>> 任务 截图测试完成（异步）。
[2026-07-03 20:01:15.739][INF] [cfg=Default][inst=配置 1/default][src=Monitor][op=MonitorLog] 截图耗时：6ms(EmulatorExtras)
[2026-07-03 20:01:15.742][INF] [cfg=Default][inst=配置 1/default][src=Monitor][op=MonitorLog] 开始任务：陆联
[2026-07-03 20:01:15.745][INF] [cfg=Default][inst=配置 1/default][src=Worker][op=ExecuteTaskQueue] >>> 任务 队列任务开始（异步）。
[2026-07-03 20:01:19.787][INF] [cfg=Default][inst=配置 1/default][src=Worker][op=StopTask] 停止前状态：NOT_STARTED
[2026-07-03 20:01:19.791][INF] [cfg=Default][inst=配置 1/default][src=Worker][op=StopTask] >>> 任务 停止maafw任务开始（异步）。
[2026-07-03 20:01:19.791][INF] [cfg=Default][inst=配置 1/default][src=Worker][op=StopTask] 正在尝试停止任务执行器，第 1 次。
[2026-07-03 20:01:19.791][INF] [cfg=Default][inst=配置 1/default][src=Worker][op=ExecuteTaskQueue] >>> 任务 队列任务完成（异步）。
[2026-07-03 20:01:19.791][INF] [cfg=Default][inst=配置 1/default][src=Monitor][op=MonitorLog] 正在停止......
[2026-07-03 20:01:19.791][INF] [cfg=Default][inst=配置 1/default][src=Worker][op=ExecuteTaskQueue] >>> 任务 启动任务完成（异步）。
[2026-07-03 20:01:19.792][INF] [cfg=Default][inst=配置 1/default][src=Monitor][op=MonitorLog] 任务运行失败！
[2026-07-03 20:01:19.792][INF] [cfg=Default][inst=配置 1/default][src=Worker][op=StopTask] 第 1 次停止任务执行器返回：Invalid，准备重试。
[2026-07-03 20:01:19.792][INF] [cfg=Default][inst=配置 1/default][src=Worker][op=StopTask] 停止前状态：STOPPED
[2026-07-03 20:01:19.793][INF] [cfg=Default][inst=配置 1/default][src=Worker][op=StopTask] >>> 任务 停止maafw任务开始（异步）。
[2026-07-03 20:01:19.793][INF] [cfg=Default][inst=配置 1/default][src=Worker][op=StopTask] >>> 任务 Action开始。
[2026-07-03 20:01:19.793][INF] [cfg=Default][inst=配置 1/default][src=Worker][op=StopTask] >>> 任务 Action完成。
[2026-07-03 20:01:20.194][INF] [cfg=Default][inst=配置 1/default][src=Monitor][op=MonitorLog] 已放弃本次任务
[2026-07-03 20:01:20.292][INF] [cfg=Default][inst=配置 1/default][src=Worker][op=StopTask] 正在尝试停止任务执行器，第 2 次。
[2026-07-03 20:01:20.292][INF] [cfg=Default][inst=配置 1/default][src=Worker][op=StopTask] 第 2 次停止任务执行器返回：Invalid，准备重试。
[2026-07-03 20:01:20.452][INF] [cfg=Default] 连接状态变更：未连接。
[2026-07-03 20:01:20.453][INF] [cfg=Default][inst=配置 1/default][src=Monitor][op=MonitorLog] 截图超时，已断开连接
[2026-07-03 20:01:20.792][INF] [cfg=Default][inst=配置 1/default][src=Worker][op=StopTask] 正在尝试停止任务执行器，第 3 次。
[2026-07-03 20:01:20.793][INF] [cfg=Default][inst=配置 1/default][src=Worker][op=StopTask] 第 3 次停止任务执行器返回：Succeeded，准备重试。
[2026-07-03 20:01:45.463][INF] [cfg=Default] [内存管理]释放了5.51 MB（8.9%)
[2026-07-03 20:03:29.035][INF] [cfg=Default][inst=配置 1/default][src=UI][op=StartTask] 用户操作：启动任务 | controller=Adb, resource=刀剑乱舞, device=MuMu安卓设备-MuMuPlayer12 v5（127.0.0.1:16384), selectedTasks=1 [陆联]
[2026-07-03 20:03:29.070][INF] [cfg=Default][inst=配置 1/default][src=Worker][op=ExecuteTaskQueue] 准备执行任务队列：任务数量=1
[2026-07-03 20:03:29.073][INF] [cfg=Default][inst=配置 1/default][src=Worker][op=ExecuteTaskQueue] [任务管线合并] 任务#1 名称=[陆联] 入口=[LRentaisen] 参数=[
  {},
  {
    "LR_IsSwordSelect"：{
      "enabled"：true
    },
    "LR_ClickCaptainSlot"：{
      "enabled"：true
    },
    "LR_DetectSortOrder"：{
      "enabled"：true
    },
    "LR_ClickDescending"：{
      "enabled"：true
    },
    "LR_ConfirmSortAsc"：{
      "enabled"：true
    },
    "LR_ClickCaptain1"：{
      "enabled"：true
    },
    "LR_ClickCaptain2"：{
      "enabled"：true
    },
    "LR_ClickCaptain3"：{
      "enabled"：true
    },
    "LR_ClickCaptain4"：{
      "enabled"：true
    },
    "LR_ClickCaptain5"：{
      "enabled"：true
    }
  },
  {
    "LR_ClickSwitchTeam"：{
      "enabled"：true
    },
    "LR_RunTeamSwitch"：{
      "enabled"：true
    }
  },
  {
    "LR_ClickTeam"：{
      "target"：[
        154,
        93,
        1,
        1
      ]
    }
  },
  {
    "LR_RunTeamSwitch"：{
      "custom_action_param"：{
        "team_config"："221222111"
      }
    }
  },
  {
    "LR_ClickDifficulty"：{
      "target"：[
        1132,
        328,
        1,
        1
      ]
    }
  }
]
[2026-07-03 20:03:29.193][INF] [cfg=Default][inst=配置 1/default][src=Worker][op=ExecuteTaskQueue] >>> 任务 启动任务开始（异步）。
[2026-07-03 20:03:29.193][INF] [cfg=Default][inst=配置 1/default][src=Worker][op=ExecuteTaskQueue] >>> 任务 启动附加开始脚本开始（异步）。
[2026-07-03 20:03:29.194][INF] [cfg=Default][inst=配置 1/default][src=Worker][op=ExecuteTaskQueue] >>> 任务 启动附加开始脚本完成（异步）。
[2026-07-03 20:03:29.196][INF] [cfg=Default][inst=配置 1/default][src=Monitor][op=MonitorLog] 正在连接至模拟器......
[2026-07-03 20:03:30.113][INF] [cfg=Default][inst=配置 1/default][src=UI][op=MatchAdbDevice] 当前设备指纹：name=MuMu安卓设备-MuMuPlayer12 v5, serial=127.0.0.1:16384, configLength=78
[2026-07-03 20:03:30.113][INF] [cfg=Default][inst=配置 1/default][src=Worker][op=ExecuteTaskQueue] 按指纹匹配到的设备数量：1
[2026-07-03 20:03:30.113][INF] [cfg=Default][inst=配置 1/default][src=UI][op=ChangeDevice] 当前连接目标变更：controller=Adb, resource=刀剑乱舞, device=<none>
[2026-07-03 20:03:30.114][INF] [cfg=Default][inst=配置 1/default][src=UI][op=ChangeDevice] 当前连接目标变更：controller=Adb, resource=刀剑乱舞, device=MuMu安卓设备-MuMuPlayer12 v5（127.0.0.1:16384)
[2026-07-03 20:03:30.120][INF] [cfg=Default][inst=配置 1/default][src=Worker][op=ExecuteTaskQueue] 连接状态变更：已连接。
[2026-07-03 20:03:30.122][INF] [cfg=Default][inst=配置 1/default][src=Worker][op=ExecuteTaskQueue] >>> 任务 截图测试开始（异步）。
[2026-07-03 20:03:30.147][INF] [cfg=Default][inst=配置 1/default][src=Worker][op=ExecuteTaskQueue] >>> 任务 截图测试完成（异步）。
[2026-07-03 20:03:30.148][INF] [cfg=Default][inst=配置 1/default][src=Monitor][op=MonitorLog] 截图耗时：12ms(EmulatorExtras)
[2026-07-03 20:03:30.151][INF] [cfg=Default][inst=配置 1/default][src=Monitor][op=MonitorLog] 开始任务：陆联
[2026-07-03 20:03:30.157][INF] [cfg=Default][inst=配置 1/default][src=Worker][op=ExecuteTaskQueue] >>> 任务 队列任务开始（异步）。
[2026-07-03 20:03:34.727][INF] [cfg=Default][inst=配置 1/default][src=Worker][op=StopTask] 停止前状态：NOT_STARTED
[2026-07-03 20:03:34.730][INF] [cfg=Default][inst=配置 1/default][src=Worker][op=StopTask] >>> 任务 停止maafw任务开始（异步）。
[2026-07-03 20:03:34.730][INF] [cfg=Default][inst=配置 1/default][src=Worker][op=StopTask] 正在尝试停止任务执行器，第 1 次。
[2026-07-03 20:03:34.730][INF] [cfg=Default][inst=配置 1/default][src=Worker][op=ExecuteTaskQueue] >>> 任务 队列任务完成（异步）。
[2026-07-03 20:03:34.730][INF] [cfg=Default][inst=配置 1/default][src=Monitor][op=MonitorLog] 正在停止......
[2026-07-03 20:03:34.730][INF] [cfg=Default][inst=配置 1/default][src=Worker][op=ExecuteTaskQueue] >>> 任务 启动任务完成（异步）。
[2026-07-03 20:03:34.731][INF] [cfg=Default][inst=配置 1/default][src=Monitor][op=MonitorLog] 任务运行失败！
[2026-07-03 20:03:34.733][INF] [cfg=Default][inst=配置 1/default][src=Worker][op=StopTask] 停止前状态：STOPPED
[2026-07-03 20:03:34.733][INF] [cfg=Default][inst=配置 1/default][src=Worker][op=StopTask] >>> 任务 停止maafw任务开始（异步）。
[2026-07-03 20:03:34.733][INF] [cfg=Default][inst=配置 1/default][src=Worker][op=StopTask] >>> 任务 Action开始。
[2026-07-03 20:03:34.733][INF] [cfg=Default][inst=配置 1/default][src=Worker][op=StopTask] >>> 任务 Action完成。
[2026-07-03 20:03:34.873][INF] [cfg=Default][inst=配置 1/default][src=Worker][op=StopTask] 第 1 次停止任务执行器返回：Succeeded，准备重试。
[2026-07-03 20:03:35.136][INF] [cfg=Default][inst=配置 1/default][src=Monitor][op=MonitorLog] 已放弃本次任务
[2026-07-03 20:08:55.900][INF] [cfg=Default] 应用已关闭
[2026-07-03 20:08:55.906][INF] [cfg=Default] 已释放自定义类目录监听器。
[2026-07-03 20:09:04.157][INF] 正在加载配置列表...
[2026-07-03 20:09:04.181][INF] 应用安装目录：D:\Claude_Workspace\AATL
[2026-07-03 20:09:04.182][INF] 应用数据目录：D:\Claude_Workspace\AATL
[2026-07-03 20:09:04.182][INF] 是否使用独立数据目录：False
[2026-07-03 20:09:04.182][INF] 配置目录：D:\Claude_Workspace\AATL\resource\config
[2026-07-03 20:09:04.182][INF] 是否使用本地配置目录：True
[2026-07-03 20:09:04.182][INF] 日志目录：D:\Claude_Workspace\AATL\debug\logs
[2026-07-03 20:09:04.182][INF] 备份文件数量：43
[2026-07-03 20:09:04.182][INF] 临时目录是否存在：True
[2026-07-03 20:09:04.182][INF] [cfg=Default] 应用安装目录：D:\Claude_Workspace\AATL
[2026-07-03 20:09:04.182][INF] [cfg=Default] 应用数据目录：D:\Claude_Workspace\AATL
[2026-07-03 20:09:04.182][INF] [cfg=Default] 是否使用独立数据目录：False
[2026-07-03 20:09:04.182][INF] [cfg=Default] 配置目录：D:\Claude_Workspace\AATL\resource\config
[2026-07-03 20:09:04.182][INF] [cfg=Default] 是否使用本地配置目录：True
[2026-07-03 20:09:04.182][INF] [cfg=Default] 日志目录：D:\Claude_Workspace\AATL\debug\logs
[2026-07-03 20:09:04.182][INF] [cfg=Default] 备份文件数量：43
[2026-07-03 20:09:04.182][INF] [cfg=Default] 临时目录是否存在：True
[2026-07-03 20:09:04.188][INF] [cfg=Default] 已通过 Windows API 添加 DLL 搜索目录：D:\Claude_Workspace\AATL\runtimes/libs
[2026-07-03 20:09:04.188][INF] [cfg=Default] 库解析器初始化完成：libsPath=D:\Claude_Workspace\AATL\runtimes/libs，目录存在=True
[2026-07-03 20:09:04.192][INF] [cfg=Default] 检测到 MaaFramework 运行时目录：数量=1，路径=[D:\Claude_Workspace\AATL\runtimes\win-x64\native]
[2026-07-03 20:09:04.194][INF] [cfg=Default] 启动参数：数量=0，内容=[]
[2026-07-03 20:09:04.194][INF] [cfg=Default] 程序版本：v2.12.2-beta.1
[2026-07-03 20:09:04.194][INF] [cfg=Default] .NET 运行时：.NET 10.0.8
[2026-07-03 20:09:06.185][INF] [cfg=Default] 开始初始化语言管理器。
[2026-07-03 20:09:06.637][INF] [cfg=Default] 当前配置：Default
[2026-07-03 20:09:06.676][INF] [cfg=Default] 已恢复系统休眠。
[2026-07-03 20:09:06.679][INF] [cfg=Default] 热键主进程选举：已成为主进程（创建了新的全局互斥锁）。
[2026-07-03 20:09:06.680][INF] [cfg=Default] 全局热键服务：作为主进程初始化。
[2026-07-03 20:09:06.692][INF] [cfg=Default] 热键 IPC 端口文件已保存：文件=C:\Users\Alouette\AppData\Local\Temp\MFAAvalonia\hotkey_ipc_port.txt
[2026-07-03 20:09:06.692][INF] [cfg=Default] 热键 IPC 服务端已启动：端口=52718
[2026-07-03 20:09:06.705][INF] [cfg=Default] [内存管理]释放了1.34 MB（31.5%)
[2026-07-03 20:09:07.112][WRN] [cfg=Default] 界面资源接口尚未初始化完成。
[2026-07-03 20:09:07.121][INF] [cfg=Default] [调试] instances 目录中实际存在的实例文件数量：1, ID列表：[default]
[2026-07-03 20:09:07.301][INF] [cfg=Default] 本地更新包按钮可见性已刷新：来源=config.Debug(string)，原始值=，解析结果=False
[2026-07-03 20:09:07.302][INF] [cfg=Default] 资源版本：0.5.4
[2026-07-03 20:09:07.302][INF] [cfg=Default] MaaFramework 版本：v5.11.1
[2026-07-03 20:09:07.359][INF] [cfg=Default] [懒加载] 已加载当天有定时任务的实例
[2026-07-03 20:09:07.467][INF] [cfg=Default] 窗口大小已加载：宽度=1028，高度=650
[2026-07-03 20:09:07.474][INF] [cfg=Default] 窗口位置已加载：X=815，Y=371
[2026-07-03 20:09:07.794][WRN] [cfg=Default] 跨平台数据解密失败：参数错误。
[2026-07-03 20:09:07.936][WRN] [cfg=Default] 跨平台数据解密失败：The input is not a valid Base-64 string as it contains a non-base 64 character, more than two padding characters, or an illegal character among the padding characters.
[2026-07-03 20:09:07.995][INF] [cfg=Default] 本地更新包按钮可见性已刷新：来源=config.Debug(string)，原始值=，解析结果=False
[2026-07-03 20:09:07.995][INF] [cfg=Default] 设置页调试卡片可见性已应用：False
[2026-07-03 20:09:08.765][INF] [cfg=Default] [调试] instances 目录中实际存在的实例文件数量：1, ID列表：[default]
[2026-07-03 20:09:08.777][INF] [cfg=Default] [懒加载] 已加载当天有定时任务的实例
[2026-07-03 20:09:09.177][INF] [cfg=Default] [懒加载] 所有实例加载完成
[2026-07-03 20:09:09.178][INF] [cfg=Default] [懒加载] 所有实例加载完成
[2026-07-03 20:09:09.233][INF] [cfg=Default] 界面初始化开始
[2026-07-03 20:09:09.323][INF] [cfg=Default][inst=配置 1/default][src=UI][op=ChangeResource] 当前资源变更：resource=, controller=Adb
[2026-07-03 20:09:09.324][INF] [cfg=Default][inst=配置 1/default][src=UI][op=ChangeResource] 当前资源变更：resource=刀剑乱舞, controller=Adb
[2026-07-03 20:09:09.327][INF] [cfg=Default][inst=配置 1/default][src=UI][op=ChangeResource] 当前资源变更：resource=, controller=Adb
[2026-07-03 20:09:09.331][INF] [cfg=Default][inst=配置 1/default][src=UI][op=ChangeResource] 当前资源变更：resource=刀剑乱舞, controller=Adb
[2026-07-03 20:09:09.670][INF] [cfg=Default] 保留最近的备份文件：D:\Claude_Workspace\AATL\runtimes\libs\Avalonia.Xaml.Interactivity.dll.202607031917.0.backupMFA
[2026-07-03 20:09:09.670][INF] [cfg=Default] 保留最近的备份文件：D:\Claude_Workspace\AATL\runtimes\libs\AvaloniaEdit.TextMate.dll.202607031917.0.backupMFA
[2026-07-03 20:09:09.670][INF] [cfg=Default] 保留最近的备份文件：D:\Claude_Workspace\AATL\runtimes\libs\AvaloniaExtensions.Axaml.dll.202607031917.0.backupMFA
[2026-07-03 20:09:09.670][INF] [cfg=Default] 保留最近的备份文件：D:\Claude_Workspace\AATL\runtimes\libs\av_libglesv2.dll.202607031917.0.backupMFA
[2026-07-03 20:09:09.670][INF] [cfg=Default] 保留最近的备份文件：D:\Claude_Workspace\AATL\runtimes\libs\CalcBindingAva.dll.202607031917.0.backupMFA
[2026-07-03 20:09:09.670][INF] [cfg=Default] 保留最近的备份文件：D:\Claude_Workspace\AATL\runtimes\libs\ColorDocument.Avalonia.dll.202607031917.0.backupMFA
[2026-07-03 20:09:09.670][INF] [cfg=Default] 保留最近的备份文件：D:\Claude_Workspace\AATL\runtimes\libs\ColorTextBlock.Avalonia.dll.202607031917.0.backupMFA
[2026-07-03 20:09:09.670][INF] [cfg=Default] 保留最近的备份文件：D:\Claude_Workspace\AATL\runtimes\libs\CommunityToolkit.Mvvm.dll.202607031917.0.backupMFA
[2026-07-03 20:09:09.670][INF] [cfg=Default] 保留最近的备份文件：D:\Claude_Workspace\AATL\runtimes\libs\CrossPlatformProtectedData.dll.202607031917.0.backupMFA
[2026-07-03 20:09:09.670][INF] [cfg=Default] 保留最近的备份文件：D:\Claude_Workspace\AATL\runtimes\libs\DynamicExpresso.Core.dll.202607031917.0.backupMFA
[2026-07-03 20:09:09.670][INF] [cfg=Default] 保留最近的备份文件：D:\Claude_Workspace\AATL\runtimes\libs\FluentAvalonia.dll.202607031917.0.backupMFA
[2026-07-03 20:09:09.670][INF] [cfg=Default] 保留最近的备份文件：D:\Claude_Workspace\AATL\runtimes\libs\FluentIcons.Resources.Avalonia.dll.202607031917.0.backupMFA
[2026-07-03 20:09:09.670][INF] [cfg=Default] 保留最近的备份文件：D:\Claude_Workspace\AATL\runtimes\libs\HarfBuzzSharp.dll.202607031917.0.backupMFA
[2026-07-03 20:09:09.670][INF] [cfg=Default] 保留最近的备份文件：D:\Claude_Workspace\AATL\runtimes\libs\HtmlAgilityPack.dll.202607031917.0.backupMFA
[2026-07-03 20:09:09.670][INF] [cfg=Default] 保留最近的备份文件：D:\Claude_Workspace\AATL\runtimes\libs\Lang.Avalonia.dll.202607031917.0.backupMFA
[2026-07-03 20:09:09.670][INF] [cfg=Default] 保留最近的备份文件：D:\Claude_Workspace\AATL\runtimes\libs\libHarfBuzzSharp.dll.202607031917.0.backupMFA
[2026-07-03 20:09:09.671][INF] [cfg=Default] 保留最近的备份文件：D:\Claude_Workspace\AATL\runtimes\libs\libSkiaSharp.dll.202607031917.0.backupMFA
[2026-07-03 20:09:09.671][INF] [cfg=Default] 保留最近的备份文件：D:\Claude_Workspace\AATL\runtimes\libs\MaaFramework.Binding.Native.dll.202607031917.0.backupMFA
[2026-07-03 20:09:09.671][INF] [cfg=Default] 保留最近的备份文件：D:\Claude_Workspace\AATL\runtimes\libs\Markdown.Avalonia.SyntaxHigh.dll.202607031917.0.backupMFA
[2026-07-03 20:09:09.671][INF] [cfg=Default] 保留最近的备份文件：D:\Claude_Workspace\AATL\runtimes\libs\MFAAvalonia.Core.dll.202607031917.0.backupMFA
[2026-07-03 20:09:09.671][INF] [cfg=Default] 保留最近的备份文件：D:\Claude_Workspace\AATL\runtimes\libs\MicroCom.Runtime.dll.202607031917.0.backupMFA
[2026-07-03 20:09:09.671][INF] [cfg=Default] 保留最近的备份文件：D:\Claude_Workspace\AATL\runtimes\libs\Microsoft.WindowsAPICodePack.Shell.dll.202607031917.0.backupMFA
[2026-07-03 20:09:09.671][INF] [cfg=Default] 保留最近的备份文件：D:\Claude_Workspace\AATL\runtimes\libs\NETCore.Encrypt.dll.202607031917.0.backupMFA
[2026-07-03 20:09:09.671][INF] [cfg=Default] 保留最近的备份文件：D:\Claude_Workspace\AATL\runtimes\libs\Newtonsoft.Json.dll.202607031917.0.backupMFA
[2026-07-03 20:09:09.671][INF] [cfg=Default] 保留最近的备份文件：D:\Claude_Workspace\AATL\runtimes\libs\Semver.dll.202607031917.0.backupMFA
[2026-07-03 20:09:09.671][INF] [cfg=Default] 保留最近的备份文件：D:\Claude_Workspace\AATL\runtimes\libs\Serilog.Sinks.File.dll.202607031917.0.backupMFA
[2026-07-03 20:09:09.671][INF] [cfg=Default] 保留最近的备份文件：D:\Claude_Workspace\AATL\runtimes\libs\SharpCompress.dll.202607031917.0.backupMFA
[2026-07-03 20:09:09.671][INF] [cfg=Default] 保留最近的备份文件：D:\Claude_Workspace\AATL\runtimes\libs\SharpHook.dll.202607031917.0.backupMFA
[2026-07-03 20:09:09.671][INF] [cfg=Default] 保留最近的备份文件：D:\Claude_Workspace\AATL\runtimes\libs\SkiaSharp.dll.202607031917.0.backupMFA
[2026-07-03 20:09:09.671][INF] [cfg=Default] 保留最近的备份文件：D:\Claude_Workspace\AATL\runtimes\libs\SukiUI.dll.202607031917.0.backupMFA
[2026-07-03 20:09:09.671][INF] [cfg=Default] 保留最近的备份文件：D:\Claude_Workspace\AATL\runtimes\libs\System.Security.Cryptography.ProtectedData.dll.202607031917.0.backupMFA
[2026-07-03 20:09:09.671][INF] [cfg=Default] 保留最近的备份文件：D:\Claude_Workspace\AATL\runtimes\libs\TextMateSharp.Grammars.dll.202607031917.0.backupMFA
[2026-07-03 20:09:09.671][INF] [cfg=Default] 保留最近的备份文件：D:\Claude_Workspace\AATL\runtimes\libs\uiohook.dll.202607031917.0.backupMFA
[2026-07-03 20:09:09.671][INF] [cfg=Default] 保留最近的备份文件：D:\Claude_Workspace\AATL\runtimes\libs\ZstdSharp.dll.202607031917.0.backupMFA
[2026-07-03 20:09:09.684][INF] [cfg=Default] 保留最近的备份文件：D:\Claude_Workspace\AATL\runtimes\win-x64\native\DirectML.dll.202607031917.0.backupMFA
[2026-07-03 20:09:09.684][INF] [cfg=Default] 保留最近的备份文件：D:\Claude_Workspace\AATL\runtimes\win-x64\native\fastdeploy_ppocr_maa.dll.202607031917.0.backupMFA
[2026-07-03 20:09:09.684][INF] [cfg=Default] 保留最近的备份文件：D:\Claude_Workspace\AATL\runtimes\win-x64\native\MaaFramework.dll.202607031917.0.backupMFA
[2026-07-03 20:09:09.684][INF] [cfg=Default] 保留最近的备份文件：D:\Claude_Workspace\AATL\runtimes\win-x64\native\MaaToolkit.dll.202607031917.0.backupMFA
[2026-07-03 20:09:09.685][INF] [cfg=Default] 保留最近的备份文件：D:\Claude_Workspace\AATL\runtimes\win-x64\native\MaaUtils.dll.202607031917.0.backupMFA
[2026-07-03 20:09:09.685][INF] [cfg=Default] 保留最近的备份文件：D:\Claude_Workspace\AATL\runtimes\win-x64\native\onnxruntime_maa.dll.202607031917.0.backupMFA
[2026-07-03 20:09:09.685][INF] [cfg=Default] 保留最近的备份文件：D:\Claude_Workspace\AATL\runtimes\win-x64\native\opencv_world4_maa.dll.202607031917.0.backupMFA
[2026-07-03 20:09:09.701][INF] [cfg=Default] 保留最近的备份文件：D:\Claude_Workspace\AATL\runtimes\libs\locales\en-US\MFAAvalonia.Core.resources.dll.202607031917.0.backupMFA
[2026-07-03 20:09:09.702][INF] [cfg=Default] 保留最近的备份文件：D:\Claude_Workspace\AATL\runtimes\win-x64\native\plugins\MaaPluginDemo.dll.202607031917.0.backupMFA
[2026-07-03 20:09:09.879][INF] [cfg=Default] >>> 任务 公告和最新版本检测开始（异步）。
[2026-07-03 20:09:10.219][INF] [cfg=Default] 正在从配置中读取已保存的 ADB 设备，并启用指纹匹配。
[2026-07-03 20:09:10.220][INF] [cfg=Default] 已保存设备的指纹：MuMu安卓设备-MuMuPlayer12 v5|0|127.0.0.1|16384
[2026-07-03 20:09:10.425][INF] [cfg=Default] 按指纹匹配到的设备数量：1
[2026-07-03 20:09:10.426][INF] [cfg=Default] 已通过指纹匹配到设备：名称=MuMu安卓设备-MuMuPlayer12 v5，ADB 序列号=127.0.0.1:16384
[2026-07-03 20:09:10.681][INF] [cfg=Default][inst=配置 1/default][src=Monitor][op=MonitorLog] 正在连接至模拟器......
[2026-07-03 20:09:10.786][INF] [cfg=Default][inst=配置 1/default][src=Worker][op=ExecuteTaskQueue] >>> 任务 启动任务开始（异步）。
[2026-07-03 20:09:10.804][INF] [cfg=Default][inst=配置 1/default][src=Worker][op=ExecuteTaskQueue] 正在载入资源
[2026-07-03 20:09:10.804][INF] [cfg=Default][inst=配置 1/default][src=Worker][op=ExecuteTaskQueue] 资源路径：D:\Claude_Workspace\AATL\resource\base
[2026-07-03 20:09:10.804][INF] [cfg=Default][inst=配置 1/default][src=Worker][op=ExecuteTaskQueue] >>> 任务 资源检测开始（异步）。
[2026-07-03 20:09:10.903][ERR] [cfg=Default][inst=配置 1/default][src=Worker][op=ExecuteTaskQueue] 初始化控制器失败：title=资源加载失败！, message=请删除整个文件夹重新下载，或联系项目维护者。, reason=IMaaResource failed to load resources. MaaJobStatus cannot be Failed.
D:\Claude_Workspace\AATL\resource\base
MaaFramework.Binding.MaaJobStatusException: IMaaResource failed to load resources. MaaJobStatus cannot be Failed.
D:\Claude_Workspace\AATL\resource\base
   at MaaFramework.Binding.MaaJobStatusExtensions.ThrowIfNot(MaaJobStatus current, MaaJobStatus correct, String message, Object[] args)
   at MaaFramework.Binding.MaaResource..ctor(CheckStatusOption check, IEnumerable`1 bundlePaths)
   at MaaFramework.Binding.MaaResource..ctor(IEnumerable`1 bundlePaths)
   at MFAAvalonia.Extensions.MaaFW.MaaProcessor.<>c__DisplayClass143_1.<InitializeMaaTasker>b__2()
   at MFAAvalonia.Helper.TaskManager.<>c__DisplayClass6_0`1.<RunTaskAsync>b__0()
   at System.Threading.Tasks.Task`1.InnerInvoke()
   at System.Threading.ExecutionContext.RunFromThreadPoolDispatchLoop(Thread threadPoolThread, ExecutionContext executionContext, ContextCallback callback, Object state)
--- End of stack trace from previous location ---
   at System.Threading.ExecutionContext.RunFromThreadPoolDispatchLoop(Thread threadPoolThread, ExecutionContext executionContext, ContextCallback callback, Object state)
   at System.Threading.Tasks.Task.ExecuteWithThreadLocal(Task& currentTaskSlot, Thread threadPoolThread)
--- End of stack trace from previous location ---
   at MFAAvalonia.Helper.TaskManager.RunTaskAsync[TResult](Func`1 function, CancellationToken token, Action`1 handleError, String name, String prompt, Boolean catchException, Boolean shouldLog, Boolean noMessage)
[2026-07-03 20:09:10.911][INF] [cfg=Default][inst=配置 1/default][src=Worker][op=ExecuteTaskQueue] >>> 任务 资源检测完成（异步）。
[2026-07-03 20:09:10.966][INF] [cfg=Default][inst=配置 1/default][src=Monitor][op=MonitorLog] [Record] 资源加载失败！
[2026-07-03 20:09:10.976][INF] [cfg=Default][inst=配置 1/default][src=Worker][op=ExecuteTaskQueue] >>> 任务 启动检测开始（异步）。
[2026-07-03 20:09:10.976][INF] [cfg=Default][inst=配置 1/default][src=UI][op=ChangeDevice] 当前连接目标变更：controller=Adb, resource=刀剑乱舞, device=MuMu安卓设备-MuMuPlayer12 v5（127.0.0.1:16384)
[2026-07-03 20:09:10.977][INF] [cfg=Default][inst=配置 1/default][src=Worker][op=ExecuteTaskQueue] 开始执行更新任务：名称=查询CDK
[2026-07-03 20:09:10.977][INF] [cfg=Default][inst=配置 1/default][src=Worker][op=ExecuteTaskQueue] 更新任务完成：名称=查询CDK
[2026-07-03 20:09:10.977][INF] [cfg=Default][inst=配置 1/default][src=Worker][op=ExecuteTaskQueue] 开始执行更新任务：名称=更新资源
[2026-07-03 20:09:11.268][INF] [cfg=Default] >>> 任务 公告和最新版本检测完成（异步）。
[2026-07-03 20:09:12.439][INF] [cfg=Default][inst=配置 1/default][src=Worker][op=ExecuteTaskQueue] 目标系统：平台=win，系统家族=windows，架构=x64
[2026-07-03 20:09:13.277][INF] [cfg=Default][inst=配置 1/default][src=Worker][op=ExecuteTaskQueue] 候选资产优先级：名称=aatl-v0.5.3-beta.zip，优先级=0
[2026-07-03 20:09:13.282][INF] [cfg=Default][inst=配置 1/default][src=Worker][op=ExecuteTaskQueue] 更新任务完成：名称=更新资源
[2026-07-03 20:09:13.282][INF] [cfg=Default][inst=配置 1/default][src=Worker][op=ExecuteTaskQueue] >>> 任务 启动检测完成（异步）。
[2026-07-03 20:09:13.282][INF] [cfg=Default][inst=配置 1/default][src=Worker][op=ExecuteTaskQueue] >>> 任务 启动任务完成（异步）。
[2026-07-03 20:09:13.290][INF] [cfg=Default][inst=配置 1/default][src=Worker][op=StopTask] 停止前状态：SUCCEEDED
[2026-07-03 20:09:13.291][INF] [cfg=Default][inst=配置 1/default][src=Worker][op=StopTask] >>> 任务 停止maafw任务开始（异步）。
[2026-07-03 20:09:13.293][INF] [cfg=Default][inst=配置 1/default][src=Monitor][op=MonitorLog] 任务已全部完成！
(用时 0h 0m 2s)
[2026-07-03 20:09:13.649][INF] [cfg=Default] 应用已关闭
[2026-07-03 20:11:19.560][INF] 正在加载配置列表...
[2026-07-03 20:11:19.583][INF] 应用安装目录：D:\Claude_Workspace\AATL
[2026-07-03 20:11:19.583][INF] 应用数据目录：D:\Claude_Workspace\AATL
[2026-07-03 20:11:19.583][INF] 是否使用独立数据目录：False
[2026-07-03 20:11:19.583][INF] 配置目录：D:\Claude_Workspace\AATL\resource\config
[2026-07-03 20:11:19.583][INF] 是否使用本地配置目录：True
[2026-07-03 20:11:19.583][INF] 日志目录：D:\Claude_Workspace\AATL\debug\logs
[2026-07-03 20:11:19.583][INF] 备份文件数量：43
[2026-07-03 20:11:19.583][INF] 临时目录是否存在：True
[2026-07-03 20:11:19.583][INF] [cfg=Default] 应用安装目录：D:\Claude_Workspace\AATL
[2026-07-03 20:11:19.583][INF] [cfg=Default] 应用数据目录：D:\Claude_Workspace\AATL
[2026-07-03 20:11:19.583][INF] [cfg=Default] 是否使用独立数据目录：False
[2026-07-03 20:11:19.583][INF] [cfg=Default] 配置目录：D:\Claude_Workspace\AATL\resource\config
[2026-07-03 20:11:19.583][INF] [cfg=Default] 是否使用本地配置目录：True
[2026-07-03 20:11:19.583][INF] [cfg=Default] 日志目录：D:\Claude_Workspace\AATL\debug\logs
[2026-07-03 20:11:19.583][INF] [cfg=Default] 备份文件数量：43
[2026-07-03 20:11:19.583][INF] [cfg=Default] 临时目录是否存在：True
[2026-07-03 20:11:19.589][INF] [cfg=Default] 已通过 Windows API 添加 DLL 搜索目录：D:\Claude_Workspace\AATL\runtimes/libs
[2026-07-03 20:11:19.589][INF] [cfg=Default] 库解析器初始化完成：libsPath=D:\Claude_Workspace\AATL\runtimes/libs，目录存在=True
[2026-07-03 20:11:19.592][INF] [cfg=Default] 检测到 MaaFramework 运行时目录：数量=1，路径=[D:\Claude_Workspace\AATL\runtimes\win-x64\native]
[2026-07-03 20:11:19.594][INF] [cfg=Default] 启动参数：数量=0，内容=[]
[2026-07-03 20:11:19.594][INF] [cfg=Default] 程序版本：v2.12.2-beta.1
[2026-07-03 20:11:19.594][INF] [cfg=Default] .NET 运行时：.NET 10.0.8
[2026-07-03 20:11:20.095][INF] [cfg=Default] 开始初始化语言管理器。
[2026-07-03 20:11:20.224][INF] [cfg=Default] 当前配置：Default
[2026-07-03 20:11:20.263][INF] [cfg=Default] 已恢复系统休眠。
[2026-07-03 20:11:20.266][INF] [cfg=Default] 热键主进程选举：已成为主进程（创建了新的全局互斥锁）。
[2026-07-03 20:11:20.267][INF] [cfg=Default] 全局热键服务：作为主进程初始化。
[2026-07-03 20:11:20.277][INF] [cfg=Default] 热键 IPC 端口文件已保存：文件=C:\Users\Alouette\AppData\Local\Temp\MFAAvalonia\hotkey_ipc_port.txt
[2026-07-03 20:11:20.277][INF] [cfg=Default] 热键 IPC 服务端已启动：端口=52718
[2026-07-03 20:11:20.289][INF] [cfg=Default] [内存管理]释放了1.28 MB（30.9%)
[2026-07-03 20:11:20.344][WRN] [cfg=Default] 界面资源接口尚未初始化完成。
[2026-07-03 20:11:20.354][INF] [cfg=Default] [调试] instances 目录中实际存在的实例文件数量：1, ID列表：[default]
[2026-07-03 20:11:20.422][INF] [cfg=Default] 本地更新包按钮可见性已刷新：来源=config.Debug(string)，原始值=，解析结果=False
[2026-07-03 20:11:20.423][INF] [cfg=Default] 资源版本：0.5.4
[2026-07-03 20:11:20.423][INF] [cfg=Default] MaaFramework 版本：v5.11.1
[2026-07-03 20:11:20.479][INF] [cfg=Default] [懒加载] 已加载当天有定时任务的实例
[2026-07-03 20:11:20.543][INF] [cfg=Default] 窗口大小已加载：宽度=1028，高度=650
[2026-07-03 20:11:20.551][INF] [cfg=Default] 窗口位置已加载：X=815，Y=371
[2026-07-03 20:11:20.829][WRN] [cfg=Default] 跨平台数据解密失败：参数错误。
[2026-07-03 20:11:20.942][WRN] [cfg=Default] 跨平台数据解密失败：The input is not a valid Base-64 string as it contains a non-base 64 character, more than two padding characters, or an illegal character among the padding characters.
[2026-07-03 20:11:20.986][INF] [cfg=Default] 本地更新包按钮可见性已刷新：来源=config.Debug(string)，原始值=，解析结果=False
[2026-07-03 20:11:20.986][INF] [cfg=Default] 设置页调试卡片可见性已应用：False
[2026-07-03 20:11:21.108][INF] [cfg=Default] [调试] instances 目录中实际存在的实例文件数量：1, ID列表：[default]
[2026-07-03 20:11:21.118][INF] [cfg=Default] [懒加载] 已加载当天有定时任务的实例
[2026-07-03 20:11:21.429][INF] [cfg=Default] [懒加载] 所有实例加载完成
[2026-07-03 20:11:21.430][INF] [cfg=Default] [懒加载] 所有实例加载完成
[2026-07-03 20:11:21.503][INF] [cfg=Default] 界面初始化开始
[2026-07-03 20:11:21.582][INF] [cfg=Default][inst=配置 1/default][src=UI][op=ChangeResource] 当前资源变更：resource=, controller=Adb
[2026-07-03 20:11:21.583][INF] [cfg=Default][inst=配置 1/default][src=UI][op=ChangeResource] 当前资源变更：resource=刀剑乱舞, controller=Adb
[2026-07-03 20:11:21.586][INF] [cfg=Default][inst=配置 1/default][src=UI][op=ChangeResource] 当前资源变更：resource=, controller=Adb
[2026-07-03 20:11:21.590][INF] [cfg=Default][inst=配置 1/default][src=UI][op=ChangeResource] 当前资源变更：resource=刀剑乱舞, controller=Adb
[2026-07-03 20:11:21.969][INF] [cfg=Default] 保留最近的备份文件：D:\Claude_Workspace\AATL\runtimes\libs\Avalonia.Xaml.Interactivity.dll.202607031917.0.backupMFA
[2026-07-03 20:11:21.969][INF] [cfg=Default] 保留最近的备份文件：D:\Claude_Workspace\AATL\runtimes\libs\AvaloniaEdit.TextMate.dll.202607031917.0.backupMFA
[2026-07-03 20:11:21.969][INF] [cfg=Default] 保留最近的备份文件：D:\Claude_Workspace\AATL\runtimes\libs\AvaloniaExtensions.Axaml.dll.202607031917.0.backupMFA
[2026-07-03 20:11:21.969][INF] [cfg=Default] 保留最近的备份文件：D:\Claude_Workspace\AATL\runtimes\libs\av_libglesv2.dll.202607031917.0.backupMFA
[2026-07-03 20:11:21.969][INF] [cfg=Default] 保留最近的备份文件：D:\Claude_Workspace\AATL\runtimes\libs\CalcBindingAva.dll.202607031917.0.backupMFA
[2026-07-03 20:11:21.969][INF] [cfg=Default] 保留最近的备份文件：D:\Claude_Workspace\AATL\runtimes\libs\ColorDocument.Avalonia.dll.202607031917.0.backupMFA
[2026-07-03 20:11:21.969][INF] [cfg=Default] 保留最近的备份文件：D:\Claude_Workspace\AATL\runtimes\libs\ColorTextBlock.Avalonia.dll.202607031917.0.backupMFA
[2026-07-03 20:11:21.969][INF] [cfg=Default] 保留最近的备份文件：D:\Claude_Workspace\AATL\runtimes\libs\CommunityToolkit.Mvvm.dll.202607031917.0.backupMFA
[2026-07-03 20:11:21.969][INF] [cfg=Default] 保留最近的备份文件：D:\Claude_Workspace\AATL\runtimes\libs\CrossPlatformProtectedData.dll.202607031917.0.backupMFA
[2026-07-03 20:11:21.969][INF] [cfg=Default] 保留最近的备份文件：D:\Claude_Workspace\AATL\runtimes\libs\DynamicExpresso.Core.dll.202607031917.0.backupMFA
[2026-07-03 20:11:21.969][INF] [cfg=Default] 保留最近的备份文件：D:\Claude_Workspace\AATL\runtimes\libs\FluentAvalonia.dll.202607031917.0.backupMFA
[2026-07-03 20:11:21.969][INF] [cfg=Default] 保留最近的备份文件：D:\Claude_Workspace\AATL\runtimes\libs\FluentIcons.Resources.Avalonia.dll.202607031917.0.backupMFA
[2026-07-03 20:11:21.969][INF] [cfg=Default] 保留最近的备份文件：D:\Claude_Workspace\AATL\runtimes\libs\HarfBuzzSharp.dll.202607031917.0.backupMFA
[2026-07-03 20:11:21.969][INF] [cfg=Default] 保留最近的备份文件：D:\Claude_Workspace\AATL\runtimes\libs\HtmlAgilityPack.dll.202607031917.0.backupMFA
[2026-07-03 20:11:21.969][INF] [cfg=Default] 保留最近的备份文件：D:\Claude_Workspace\AATL\runtimes\libs\Lang.Avalonia.dll.202607031917.0.backupMFA
[2026-07-03 20:11:21.969][INF] [cfg=Default] 保留最近的备份文件：D:\Claude_Workspace\AATL\runtimes\libs\libHarfBuzzSharp.dll.202607031917.0.backupMFA
[2026-07-03 20:11:21.969][INF] [cfg=Default] 保留最近的备份文件：D:\Claude_Workspace\AATL\runtimes\libs\libSkiaSharp.dll.202607031917.0.backupMFA
[2026-07-03 20:11:21.970][INF] [cfg=Default] 保留最近的备份文件：D:\Claude_Workspace\AATL\runtimes\libs\MaaFramework.Binding.Native.dll.202607031917.0.backupMFA
[2026-07-03 20:11:21.970][INF] [cfg=Default] 保留最近的备份文件：D:\Claude_Workspace\AATL\runtimes\libs\Markdown.Avalonia.SyntaxHigh.dll.202607031917.0.backupMFA
[2026-07-03 20:11:21.970][INF] [cfg=Default] 保留最近的备份文件：D:\Claude_Workspace\AATL\runtimes\libs\MFAAvalonia.Core.dll.202607031917.0.backupMFA
[2026-07-03 20:11:21.970][INF] [cfg=Default] 保留最近的备份文件：D:\Claude_Workspace\AATL\runtimes\libs\MicroCom.Runtime.dll.202607031917.0.backupMFA
[2026-07-03 20:11:21.970][INF] [cfg=Default] 保留最近的备份文件：D:\Claude_Workspace\AATL\runtimes\libs\Microsoft.WindowsAPICodePack.Shell.dll.202607031917.0.backupMFA
[2026-07-03 20:11:21.970][INF] [cfg=Default] 保留最近的备份文件：D:\Claude_Workspace\AATL\runtimes\libs\NETCore.Encrypt.dll.202607031917.0.backupMFA
[2026-07-03 20:11:21.970][INF] [cfg=Default] 保留最近的备份文件：D:\Claude_Workspace\AATL\runtimes\libs\Newtonsoft.Json.dll.202607031917.0.backupMFA
[2026-07-03 20:11:21.970][INF] [cfg=Default] 保留最近的备份文件：D:\Claude_Workspace\AATL\runtimes\libs\Semver.dll.202607031917.0.backupMFA
[2026-07-03 20:11:21.970][INF] [cfg=Default] 保留最近的备份文件：D:\Claude_Workspace\AATL\runtimes\libs\Serilog.Sinks.File.dll.202607031917.0.backupMFA
[2026-07-03 20:11:21.970][INF] [cfg=Default] 保留最近的备份文件：D:\Claude_Workspace\AATL\runtimes\libs\SharpCompress.dll.202607031917.0.backupMFA
[2026-07-03 20:11:21.970][INF] [cfg=Default] 保留最近的备份文件：D:\Claude_Workspace\AATL\runtimes\libs\SharpHook.dll.202607031917.0.backupMFA
[2026-07-03 20:11:21.970][INF] [cfg=Default] 保留最近的备份文件：D:\Claude_Workspace\AATL\runtimes\libs\SkiaSharp.dll.202607031917.0.backupMFA
[2026-07-03 20:11:21.970][INF] [cfg=Default] 保留最近的备份文件：D:\Claude_Workspace\AATL\runtimes\libs\SukiUI.dll.202607031917.0.backupMFA
[2026-07-03 20:11:21.970][INF] [cfg=Default] 保留最近的备份文件：D:\Claude_Workspace\AATL\runtimes\libs\System.Security.Cryptography.ProtectedData.dll.202607031917.0.backupMFA
[2026-07-03 20:11:21.970][INF] [cfg=Default] 保留最近的备份文件：D:\Claude_Workspace\AATL\runtimes\libs\TextMateSharp.Grammars.dll.202607031917.0.backupMFA
[2026-07-03 20:11:21.970][INF] [cfg=Default] 保留最近的备份文件：D:\Claude_Workspace\AATL\runtimes\libs\uiohook.dll.202607031917.0.backupMFA
[2026-07-03 20:11:21.970][INF] [cfg=Default] 保留最近的备份文件：D:\Claude_Workspace\AATL\runtimes\libs\ZstdSharp.dll.202607031917.0.backupMFA
[2026-07-03 20:11:21.984][INF] [cfg=Default] 保留最近的备份文件：D:\Claude_Workspace\AATL\runtimes\win-x64\native\DirectML.dll.202607031917.0.backupMFA
[2026-07-03 20:11:21.984][INF] [cfg=Default] 保留最近的备份文件：D:\Claude_Workspace\AATL\runtimes\win-x64\native\fastdeploy_ppocr_maa.dll.202607031917.0.backupMFA
[2026-07-03 20:11:21.984][INF] [cfg=Default] 保留最近的备份文件：D:\Claude_Workspace\AATL\runtimes\win-x64\native\MaaFramework.dll.202607031917.0.backupMFA
[2026-07-03 20:11:21.984][INF] [cfg=Default] 保留最近的备份文件：D:\Claude_Workspace\AATL\runtimes\win-x64\native\MaaToolkit.dll.202607031917.0.backupMFA
[2026-07-03 20:11:21.984][INF] [cfg=Default] 保留最近的备份文件：D:\Claude_Workspace\AATL\runtimes\win-x64\native\MaaUtils.dll.202607031917.0.backupMFA
[2026-07-03 20:11:21.984][INF] [cfg=Default] 保留最近的备份文件：D:\Claude_Workspace\AATL\runtimes\win-x64\native\onnxruntime_maa.dll.202607031917.0.backupMFA
[2026-07-03 20:11:21.984][INF] [cfg=Default] 保留最近的备份文件：D:\Claude_Workspace\AATL\runtimes\win-x64\native\opencv_world4_maa.dll.202607031917.0.backupMFA
[2026-07-03 20:11:22.002][INF] [cfg=Default] 保留最近的备份文件：D:\Claude_Workspace\AATL\runtimes\libs\locales\en-US\MFAAvalonia.Core.resources.dll.202607031917.0.backupMFA
[2026-07-03 20:11:22.003][INF] [cfg=Default] 保留最近的备份文件：D:\Claude_Workspace\AATL\runtimes\win-x64\native\plugins\MaaPluginDemo.dll.202607031917.0.backupMFA
[2026-07-03 20:11:22.184][INF] [cfg=Default] >>> 任务 公告和最新版本检测开始（异步）。
[2026-07-03 20:11:22.520][INF] [cfg=Default] 正在从配置中读取已保存的 ADB 设备，并启用指纹匹配。
[2026-07-03 20:11:22.521][INF] [cfg=Default] 已保存设备的指纹：MuMu安卓设备-MuMuPlayer12 v5|0|127.0.0.1|16384
[2026-07-03 20:11:22.686][INF] [cfg=Default] 按指纹匹配到的设备数量：1
[2026-07-03 20:11:22.686][INF] [cfg=Default] 已通过指纹匹配到设备：名称=MuMu安卓设备-MuMuPlayer12 v5，ADB 序列号=127.0.0.1:16384
[2026-07-03 20:11:22.706][ERR] [cfg=Default][inst=配置 1/default][src=Worker][op=StartTask] 配置保存失败：default.json
System.IO.IOException: The process cannot access the file 'D:\Claude_Workspace\AATL\resource\config\instances\default.json' because it is being used by another process.
   at Microsoft.Win32.SafeHandles.SafeFileHandle.CreateFile(String fullPath, FileMode mode, FileAccess access, FileShare share, FileOptions options)
   at Microsoft.Win32.SafeHandles.SafeFileHandle.Open(String fullPath, FileMode mode, FileAccess access, FileShare share, FileOptions options, Int64 preallocationSize, Nullable`1 unixCreateMode)
   at System.IO.File.OpenHandle(String path, FileMode mode, FileAccess access, FileShare share, FileOptions options, Int64 preallocationSize)
   at System.IO.File.WriteToFile(String path, FileMode mode, ReadOnlySpan`1 contents, Encoding encoding)
   at System.IO.File.WriteAllText(String path, String contents, Encoding encoding)
   at MFAAvalonia.Helper.JsonHelper.SaveJson[T](String filePath, T config, JsonConverter[] converters)
[2026-07-03 20:11:22.853][INF] [cfg=Default][inst=配置 1/default][src=Monitor][op=MonitorLog] 正在连接至模拟器......
[2026-07-03 20:11:23.019][INF] [cfg=Default][inst=配置 1/default][src=Worker][op=ExecuteTaskQueue] >>> 任务 启动任务开始（异步）。
[2026-07-03 20:11:23.047][INF] [cfg=Default][inst=配置 1/default][src=Worker][op=ExecuteTaskQueue] 正在载入资源
[2026-07-03 20:11:23.047][INF] [cfg=Default][inst=配置 1/default][src=Worker][op=ExecuteTaskQueue] 资源路径：D:\Claude_Workspace\AATL\resource\base
[2026-07-03 20:11:23.047][INF] [cfg=Default][inst=配置 1/default][src=Worker][op=ExecuteTaskQueue] >>> 任务 资源检测开始（异步）。
[2026-07-03 20:11:23.091][INF] [cfg=Default][inst=配置 1/default][src=UI][op=ChangeDevice] 当前连接目标变更：controller=Adb, resource=刀剑乱舞, device=MuMu安卓设备-MuMuPlayer12 v5（127.0.0.1:16384)
[2026-07-03 20:11:23.102][INF] [cfg=Default][inst=配置 1/default][src=Worker][op=ExecuteTaskQueue] >>> 任务 资源检测完成（异步）。
[2026-07-03 20:11:23.103][INF] [cfg=Default][inst=配置 1/default][src=Worker][op=ExecuteTaskQueue] 启用 GPU 推理：成功
[2026-07-03 20:11:23.103][INF] [cfg=Default][inst=配置 1/default][src=Worker][op=ExecuteTaskQueue] GPU acceleration: Auto
[2026-07-03 20:11:23.103][INF] [cfg=Default][inst=配置 1/default][src=Worker][op=ExecuteTaskQueue] >>> 任务 控制器检测开始（异步）。
[2026-07-03 20:11:23.104][INF] [cfg=Default][inst=配置 1/default][src=Worker][op=ExecuteTaskQueue] 正在加载 MAA 控制器配置...
[2026-07-03 20:11:23.105][INF] [cfg=Default][inst=配置 1/default][src=Worker][op=ExecuteTaskQueue] 触控模式:Default,捕获模式:EmulatorExtras
[2026-07-03 20:11:23.105][INF] [cfg=Default][inst=配置 1/default][src=Worker][op=ExecuteTaskQueue] 设备名称：MuMu安卓设备-MuMuPlayer12 v5
[2026-07-03 20:11:23.105][INF] [cfg=Default][inst=配置 1/default][src=Worker][op=ExecuteTaskQueue] ADB 路径：D:/Apps/MuMu/MuMuPlayer/nx_main/adb.exe
[2026-07-03 20:11:23.105][INF] [cfg=Default][inst=配置 1/default][src=Worker][op=ExecuteTaskQueue] ADB 序列号：127.0.0.1:16384
[2026-07-03 20:11:23.105][INF] [cfg=Default][inst=配置 1/default][src=Worker][op=ExecuteTaskQueue] 截图模式：EmulatorExtras
[2026-07-03 20:11:23.105][INF] [cfg=Default][inst=配置 1/default][src=Worker][op=ExecuteTaskQueue] 输入模式：Default
[2026-07-03 20:11:23.105][INF] [cfg=Default][inst=配置 1/default][src=Worker][op=ExecuteTaskQueue] 控制器配置：{"extras":{"mumu":{"enable":true,"index":0,"path":"D:/Apps/MuMu/MuMuPlayer"}}
[2026-07-03 20:11:23.488][INF] [cfg=Default] >>> 任务 公告和最新版本检测完成（异步）。
[2026-07-03 20:11:23.578][INF] [cfg=Default][inst=配置 1/default][src=Worker][op=ExecuteTaskQueue] >>> 任务 控制器检测完成（异步）。
[2026-07-03 20:11:24.252][INF] [cfg=Default][inst=配置 1/default][src=Worker][op=ExecuteTaskQueue] 已注册内置特殊任务动作。
[2026-07-03 20:11:24.260][INF] [cfg=Default][inst=配置 1/default][src=Worker][op=ExecuteTaskQueue] 已启动自定义类目录监听：目录=D:\Claude_Workspace\AATL\resource\base\custom
[2026-07-03 20:11:24.262][INF] [cfg=Default][inst=配置 1/default][src=Worker][op=ExecuteTaskQueue] 开始解析自定义类：名称=CaptainDamageAction，文件=D:\Claude_Workspace\AATL\resource\base\custom\CaptainDamageAction.cs
[2026-07-03 20:11:25.019][INF] [cfg=Default][inst=配置 1/default][src=Worker][op=ExecuteTaskQueue] 已成功加载自定义类：名称=CaptainDamageAction，文件=D:\Claude_Workspace\AATL\resource\base\custom\CaptainDamageAction.cs
[2026-07-03 20:11:25.019][INF] [cfg=Default][inst=配置 1/default][src=Worker][op=ExecuteTaskQueue] 开始解析自定义类：名称=DamageLogAction，文件=D:\Claude_Workspace\AATL\resource\base\custom\DamageLogAction.cs
[2026-07-03 20:11:25.116][INF] [cfg=Default][inst=配置 1/default][src=Worker][op=ExecuteTaskQueue] 已成功加载自定义类：名称=DamageLogAction，文件=D:\Claude_Workspace\AATL\resource\base\custom\DamageLogAction.cs
[2026-07-03 20:11:25.116][INF] [cfg=Default][inst=配置 1/default][src=Worker][op=ExecuteTaskQueue] 开始解析自定义类：名称=DispatchLogAction，文件=D:\Claude_Workspace\AATL\resource\base\custom\DispatchLogAction.cs
[2026-07-03 20:11:25.304][INF] [cfg=Default][inst=配置 1/default][src=Worker][op=ExecuteTaskQueue] 已成功加载自定义类：名称=DispatchLogAction，文件=D:\Claude_Workspace\AATL\resource\base\custom\DispatchLogAction.cs
[2026-07-03 20:11:25.304][INF] [cfg=Default][inst=配置 1/default][src=Worker][op=ExecuteTaskQueue] 开始解析自定义类：名称=DungeonFloorSelectAction，文件=D:\Claude_Workspace\AATL\resource\base\custom\DungeonFloorSelectAction.cs
[2026-07-03 20:11:25.470][INF] [cfg=Default][inst=配置 1/default][src=Worker][op=ExecuteTaskQueue] 已成功加载自定义类：名称=DungeonFloorSelectAction，文件=D:\Claude_Workspace\AATL\resource\base\custom\DungeonFloorSelectAction.cs
[2026-07-03 20:11:25.470][INF] [cfg=Default][inst=配置 1/default][src=Worker][op=ExecuteTaskQueue] 开始解析自定义类：名称=ExpeditionMapSelectAction，文件=D:\Claude_Workspace\AATL\resource\base\custom\ExpeditionMapSelectAction.cs
[2026-07-03 20:11:25.532][INF] [cfg=Default][inst=配置 1/default][src=Worker][op=ExecuteTaskQueue] 已成功加载自定义类：名称=ExpeditionMapSelectAction，文件=D:\Claude_Workspace\AATL\resource\base\custom\ExpeditionMapSelectAction.cs
[2026-07-03 20:11:25.532][INF] [cfg=Default][inst=配置 1/default][src=Worker][op=ExecuteTaskQueue] 开始解析自定义类：名称=TeamSwitchAction，文件=D:\Claude_Workspace\AATL\resource\base\custom\TeamSwitchAction.cs
[2026-07-03 20:11:25.602][INF] [cfg=Default][inst=配置 1/default][src=Worker][op=ExecuteTaskQueue] 已成功加载自定义类：名称=TeamSwitchAction，文件=D:\Claude_Workspace\AATL\resource\base\custom\TeamSwitchAction.cs
[2026-07-03 20:11:25.603][INF] [cfg=Default][inst=配置 1/default][src=Worker][op=ExecuteTaskQueue] 已注册自定义动作：CaptainDamageAction
[2026-07-03 20:11:25.603][INF] [cfg=Default][inst=配置 1/default][src=Worker][op=ExecuteTaskQueue] 已注册自定义动作：DamageLogAction
[2026-07-03 20:11:25.603][INF] [cfg=Default][inst=配置 1/default][src=Worker][op=ExecuteTaskQueue] 已注册自定义动作：DispatchLogAction
[2026-07-03 20:11:25.603][INF] [cfg=Default][inst=配置 1/default][src=Worker][op=ExecuteTaskQueue] 已注册自定义动作：DungeonFloorSelectAction
[2026-07-03 20:11:25.603][INF] [cfg=Default][inst=配置 1/default][src=Worker][op=ExecuteTaskQueue] 已注册自定义动作：ExpeditionMapSelectAction
[2026-07-03 20:11:25.603][INF] [cfg=Default][inst=配置 1/default][src=Worker][op=ExecuteTaskQueue] 已注册自定义动作：TeamSwitchAction
[2026-07-03 20:11:25.603][INF] [cfg=Default][inst=配置 1/default][src=Worker][op=ExecuteTaskQueue] 未找到自定义目录：D:\Claude_Workspace\AATL\resource\custom
[2026-07-03 20:11:25.603][INF] [cfg=Default][inst=配置 1/default][src=Worker][op=ExecuteTaskQueue] 连接状态变更：已连接。
[2026-07-03 20:11:25.604][INF] [cfg=Default][inst=配置 1/default][src=Worker][op=ExecuteTaskQueue] MaaFW 调试模式：False
[2026-07-03 20:11:27.436][INF] [cfg=Default][inst=配置 1/default][src=Worker][op=ExecuteTaskQueue] >>> 任务 启动检测开始（异步）。
[2026-07-03 20:11:27.437][INF] [cfg=Default][inst=配置 1/default][src=Worker][op=ExecuteTaskQueue] 开始执行更新任务：名称=查询CDK
[2026-07-03 20:11:27.437][INF] [cfg=Default][inst=配置 1/default][src=Worker][op=ExecuteTaskQueue] 更新任务完成：名称=查询CDK
[2026-07-03 20:11:27.437][INF] [cfg=Default][inst=配置 1/default][src=Worker][op=ExecuteTaskQueue] 开始执行更新任务：名称=更新资源
[2026-07-03 20:11:28.891][INF] [cfg=Default][inst=配置 1/default][src=Worker][op=ExecuteTaskQueue] 目标系统：平台=win，系统家族=windows，架构=x64
[2026-07-03 20:11:29.767][INF] [cfg=Default][inst=配置 1/default][src=Worker][op=ExecuteTaskQueue] 候选资产优先级：名称=aatl-v0.5.3-beta.zip，优先级=0
[2026-07-03 20:11:29.776][INF] [cfg=Default][inst=配置 1/default][src=Worker][op=ExecuteTaskQueue] 更新任务完成：名称=更新资源
[2026-07-03 20:11:29.776][INF] [cfg=Default][inst=配置 1/default][src=Worker][op=ExecuteTaskQueue] >>> 任务 启动检测完成（异步）。
[2026-07-03 20:11:29.776][INF] [cfg=Default][inst=配置 1/default][src=Worker][op=ExecuteTaskQueue] >>> 任务 启动任务完成（异步）。
[2026-07-03 20:11:29.786][INF] [cfg=Default][inst=配置 1/default][src=Worker][op=StopTask] 停止前状态：SUCCEEDED
[2026-07-03 20:11:29.787][INF] [cfg=Default][inst=配置 1/default][src=Worker][op=StopTask] >>> 任务 停止maafw任务开始（异步）。
[2026-07-03 20:11:29.790][INF] [cfg=Default][inst=配置 1/default][src=Monitor][op=MonitorLog] 任务已全部完成！
(用时 0h 0m 7s)
[2026-07-03 20:12:05.660][INF] [cfg=Default][inst=配置 1/default][src=UI][op=StartTask] 用户操作：启动任务 | controller=Adb, resource=刀剑乱舞, device=MuMu安卓设备-MuMuPlayer12 v5（127.0.0.1:16384), selectedTasks=1 [陆联]
[2026-07-03 20:12:05.678][INF] [cfg=Default][inst=配置 1/default][src=Worker][op=ExecuteTaskQueue] 准备执行任务队列：任务数量=1
[2026-07-03 20:12:05.684][INF] [cfg=Default][inst=配置 1/default][src=Worker][op=ExecuteTaskQueue] [任务管线合并] 任务#1 名称=[陆联] 入口=[LRentaisen] 参数=[
  {},
  {
    "LR_IsSwordSelect"：{
      "enabled"：true
    },
    "LR_ClickCaptainSlot"：{
      "enabled"：true
    },
    "LR_DetectSortOrder"：{
      "enabled"：true
    },
    "LR_ClickDescending"：{
      "enabled"：true
    },
    "LR_ConfirmSortAsc"：{
      "enabled"：true
    },
    "LR_ClickCaptain1"：{
      "enabled"：true
    },
    "LR_ClickCaptain2"：{
      "enabled"：true
    },
    "LR_ClickCaptain3"：{
      "enabled"：true
    },
    "LR_ClickCaptain4"：{
      "enabled"：true
    },
    "LR_ClickCaptain5"：{
      "enabled"：true
    }
  },
  {
    "LR_ClickTeam"：{
      "target"：[
        154,
        93,
        1,
        1
      ]
    }
  },
  {
    "LR_RunTeamSwitch"：{
      "custom_action_param"：{
        "team_config"："221222111"
      }
    }
  },
  {
    "LR_ClickDifficulty"：{
      "target"：[
        1132,
        328,
        1,
        1
      ]
    }
  }
]
[2026-07-03 20:12:05.775][INF] [cfg=Default][inst=配置 1/default][src=Worker][op=ExecuteTaskQueue] >>> 任务 启动任务开始（异步）。
[2026-07-03 20:12:05.777][INF] [cfg=Default][inst=配置 1/default][src=Worker][op=ExecuteTaskQueue] >>> 任务 启动附加开始脚本开始（异步）。
[2026-07-03 20:12:05.778][INF] [cfg=Default][inst=配置 1/default][src=Worker][op=ExecuteTaskQueue] >>> 任务 启动附加开始脚本完成（异步）。
[2026-07-03 20:12:05.783][INF] [cfg=Default][inst=配置 1/default][src=Worker][op=ExecuteTaskQueue] >>> 任务 截图测试开始（异步）。
[2026-07-03 20:12:05.803][INF] [cfg=Default][inst=配置 1/default][src=Worker][op=ExecuteTaskQueue] >>> 任务 截图测试完成（异步）。
[2026-07-03 20:12:05.804][INF] [cfg=Default][inst=配置 1/default][src=Monitor][op=MonitorLog] 截图耗时：9ms(EmulatorExtras)
[2026-07-03 20:12:05.809][INF] [cfg=Default][inst=配置 1/default][src=Monitor][op=MonitorLog] 开始任务：陆联
[2026-07-03 20:12:05.812][INF] [cfg=Default][inst=配置 1/default][src=Worker][op=ExecuteTaskQueue] >>> 任务 队列任务开始（异步）。
[2026-07-03 20:12:37.338][INF] [cfg=Default][inst=配置 1/default][src=Worker][op=StopTask] 停止前状态：NOT_STARTED
[2026-07-03 20:12:37.346][INF] [cfg=Default][inst=配置 1/default][src=Worker][op=StopTask] >>> 任务 停止maafw任务开始（异步）。
[2026-07-03 20:12:37.346][INF] [cfg=Default][inst=配置 1/default][src=Worker][op=StopTask] 正在尝试停止任务执行器，第 1 次。
[2026-07-03 20:12:37.347][INF] [cfg=Default][inst=配置 1/default][src=Worker][op=ExecuteTaskQueue] >>> 任务 队列任务完成（异步）。
[2026-07-03 20:12:37.348][INF] [cfg=Default][inst=配置 1/default][src=Worker][op=ExecuteTaskQueue] >>> 任务 启动任务完成（异步）。
[2026-07-03 20:12:37.349][INF] [cfg=Default][inst=配置 1/default][src=Monitor][op=MonitorLog] 正在停止......
[2026-07-03 20:12:37.351][INF] [cfg=Default][inst=配置 1/default][src=Monitor][op=MonitorLog] 任务运行失败！
[2026-07-03 20:12:37.354][INF] [cfg=Default][inst=配置 1/default][src=Worker][op=StopTask] 停止前状态：STOPPED
[2026-07-03 20:12:37.354][INF] [cfg=Default][inst=配置 1/default][src=Worker][op=StopTask] >>> 任务 停止maafw任务开始（异步）。
[2026-07-03 20:12:37.354][INF] [cfg=Default][inst=配置 1/default][src=Worker][op=StopTask] >>> 任务 Action开始。
[2026-07-03 20:12:37.355][INF] [cfg=Default][inst=配置 1/default][src=Worker][op=StopTask] >>> 任务 Action完成。
[2026-07-03 20:12:37.375][INF] [cfg=Default][inst=配置 1/default][src=Worker][op=StopTask] 第 1 次停止任务执行器返回：Succeeded，准备重试。
[2026-07-03 20:12:37.759][INF] [cfg=Default][inst=配置 1/default][src=Monitor][op=MonitorLog] 已放弃本次任务
[2026-07-03 20:14:49.208][INF] [cfg=Default][inst=配置 1/default][src=UI][op=StartTask] 用户操作：启动任务 | controller=Adb, resource=刀剑乱舞, device=MuMu安卓设备-MuMuPlayer12 v5（127.0.0.1:16384), selectedTasks=1 [陆联]
[2026-07-03 20:14:49.222][INF] [cfg=Default][inst=配置 1/default][src=Worker][op=ExecuteTaskQueue] 准备执行任务队列：任务数量=1
[2026-07-03 20:14:49.223][INF] [cfg=Default][inst=配置 1/default][src=Worker][op=ExecuteTaskQueue] [任务管线合并] 任务#1 名称=[陆联] 入口=[LRentaisen] 参数=[
  {},
  {
    "LR_IsSwordSelect"：{
      "enabled"：true
    },
    "LR_ClickCaptainSlot"：{
      "enabled"：true
    },
    "LR_DetectSortOrder"：{
      "enabled"：true
    },
    "LR_ClickDescending"：{
      "enabled"：true
    },
    "LR_ConfirmSortAsc"：{
      "enabled"：true
    },
    "LR_ClickCaptain1"：{
      "enabled"：true
    },
    "LR_ClickCaptain2"：{
      "enabled"：true
    },
    "LR_ClickCaptain3"：{
      "enabled"：true
    },
    "LR_ClickCaptain4"：{
      "enabled"：true
    },
    "LR_ClickCaptain5"：{
      "enabled"：true
    }
  },
  {
    "LR_ClickTeam"：{
      "target"：[
        154,
        93,
        1,
        1
      ]
    }
  },
  {
    "LR_RunTeamSwitch"：{
      "custom_action_param"：{
        "team_config"："221222111"
      }
    }
  },
  {
    "LR_ClickDifficulty"：{
      "target"：[
        1132,
        328,
        1,
        1
      ]
    }
  }
]
[2026-07-03 20:14:49.302][INF] [cfg=Default][inst=配置 1/default][src=Worker][op=ExecuteTaskQueue] >>> 任务 启动任务开始（异步）。
[2026-07-03 20:14:49.303][INF] [cfg=Default][inst=配置 1/default][src=Worker][op=ExecuteTaskQueue] >>> 任务 启动附加开始脚本开始（异步）。
[2026-07-03 20:14:49.304][INF] [cfg=Default][inst=配置 1/default][src=Worker][op=ExecuteTaskQueue] >>> 任务 启动附加开始脚本完成（异步）。
[2026-07-03 20:14:49.305][INF] [cfg=Default][inst=配置 1/default][src=Worker][op=ExecuteTaskQueue] >>> 任务 截图测试开始（异步）。
[2026-07-03 20:14:49.319][INF] [cfg=Default][inst=配置 1/default][src=Worker][op=ExecuteTaskQueue] >>> 任务 截图测试完成（异步）。
[2026-07-03 20:14:49.319][INF] [cfg=Default][inst=配置 1/default][src=Monitor][op=MonitorLog] 截图耗时：6ms(EmulatorExtras)
[2026-07-03 20:14:49.322][INF] [cfg=Default][inst=配置 1/default][src=Monitor][op=MonitorLog] 开始任务：陆联
[2026-07-03 20:14:49.323][INF] [cfg=Default][inst=配置 1/default][src=Worker][op=ExecuteTaskQueue] >>> 任务 队列任务开始（异步）。
[2026-07-03 20:14:54.528][INF] [cfg=Default][inst=配置 1/default][src=Worker][op=StopTask] 停止前状态：NOT_STARTED
[2026-07-03 20:14:54.530][INF] [cfg=Default][inst=配置 1/default][src=Worker][op=StopTask] >>> 任务 停止maafw任务开始（异步）。
[2026-07-03 20:14:54.530][INF] [cfg=Default][inst=配置 1/default][src=Worker][op=StopTask] 正在尝试停止任务执行器，第 1 次。
[2026-07-03 20:14:54.531][INF] [cfg=Default][inst=配置 1/default][src=Worker][op=ExecuteTaskQueue] >>> 任务 队列任务完成（异步）。
[2026-07-03 20:14:54.531][INF] [cfg=Default][inst=配置 1/default][src=Worker][op=ExecuteTaskQueue] >>> 任务 启动任务完成（异步）。
[2026-07-03 20:14:54.532][INF] [cfg=Default][inst=配置 1/default][src=Monitor][op=MonitorLog] 任务运行失败！
[2026-07-03 20:14:54.533][INF] [cfg=Default][inst=配置 1/default][src=Monitor][op=MonitorLog] 正在停止......
[2026-07-03 20:14:54.534][INF] [cfg=Default][inst=配置 1/default][src=Worker][op=StopTask] 停止前状态：STOPPED
[2026-07-03 20:14:54.534][INF] [cfg=Default][inst=配置 1/default][src=Worker][op=StopTask] >>> 任务 停止maafw任务开始（异步）。
[2026-07-03 20:14:54.534][INF] [cfg=Default][inst=配置 1/default][src=Worker][op=StopTask] >>> 任务 Action开始。
[2026-07-03 20:14:54.534][INF] [cfg=Default][inst=配置 1/default][src=Worker][op=StopTask] >>> 任务 Action完成。
[2026-07-03 20:14:54.548][INF] [cfg=Default][inst=配置 1/default][src=Worker][op=StopTask] 第 1 次停止任务执行器返回：Succeeded，准备重试。
[2026-07-03 20:14:54.936][INF] [cfg=Default][inst=配置 1/default][src=Monitor][op=MonitorLog] 已放弃本次任务
[2026-07-03 20:15:27.557][INF] [cfg=Default][inst=配置 1/default][src=UI][op=StartTask] 用户操作：启动任务 | controller=Adb, resource=刀剑乱舞, device=MuMu安卓设备-MuMuPlayer12 v5（127.0.0.1:16384), selectedTasks=1 [陆联]
[2026-07-03 20:15:27.566][INF] [cfg=Default][inst=配置 1/default][src=Worker][op=ExecuteTaskQueue] 准备执行任务队列：任务数量=1
[2026-07-03 20:15:27.568][INF] [cfg=Default][inst=配置 1/default][src=Worker][op=ExecuteTaskQueue] [任务管线合并] 任务#1 名称=[陆联] 入口=[LRentaisen] 参数=[
  {},
  {
    "LR_IsSwordSelect"：{
      "enabled"：true
    },
    "LR_ClickCaptainSlot"：{
      "enabled"：true
    },
    "LR_DetectSortOrder"：{
      "enabled"：true
    },
    "LR_ClickDescending"：{
      "enabled"：true
    },
    "LR_ConfirmSortAsc"：{
      "enabled"：true
    },
    "LR_ClickCaptain1"：{
      "enabled"：true
    },
    "LR_ClickCaptain2"：{
      "enabled"：true
    },
    "LR_ClickCaptain3"：{
      "enabled"：true
    },
    "LR_ClickCaptain4"：{
      "enabled"：true
    },
    "LR_ClickCaptain5"：{
      "enabled"：true
    }
  },
  {
    "LR_ClickTeam"：{
      "target"：[
        154,
        93,
        1,
        1
      ]
    }
  },
  {
    "LR_RunTeamSwitch"：{
      "custom_action_param"：{
        "team_config"："221222111"
      }
    }
  },
  {
    "LR_ClickDifficulty"：{
      "target"：[
        1132,
        328,
        1,
        1
      ]
    }
  }
]
[2026-07-03 20:15:27.647][INF] [cfg=Default][inst=配置 1/default][src=Worker][op=ExecuteTaskQueue] >>> 任务 启动任务开始（异步）。
[2026-07-03 20:15:27.647][INF] [cfg=Default][inst=配置 1/default][src=Worker][op=ExecuteTaskQueue] >>> 任务 启动附加开始脚本开始（异步）。
[2026-07-03 20:15:27.648][INF] [cfg=Default][inst=配置 1/default][src=Worker][op=ExecuteTaskQueue] >>> 任务 启动附加开始脚本完成（异步）。
[2026-07-03 20:15:27.650][INF] [cfg=Default][inst=配置 1/default][src=Worker][op=ExecuteTaskQueue] >>> 任务 截图测试开始（异步）。
[2026-07-03 20:15:27.661][INF] [cfg=Default][inst=配置 1/default][src=Worker][op=ExecuteTaskQueue] >>> 任务 截图测试完成（异步）。
[2026-07-03 20:15:27.662][INF] [cfg=Default][inst=配置 1/default][src=Monitor][op=MonitorLog] 截图耗时：5ms(EmulatorExtras)
[2026-07-03 20:15:27.664][INF] [cfg=Default][inst=配置 1/default][src=Monitor][op=MonitorLog] 开始任务：陆联
[2026-07-03 20:15:27.665][INF] [cfg=Default][inst=配置 1/default][src=Worker][op=ExecuteTaskQueue] >>> 任务 队列任务开始（异步）。
[2026-07-03 20:15:48.987][INF] [cfg=Default][inst=配置 1/default][src=Worker][op=ExecuteTaskQueue] >>> 任务 队列任务完成（异步）。
[2026-07-03 20:15:48.987][INF] [cfg=Default][inst=配置 1/default][src=Monitor][op=MonitorLog] 任务运行失败！
[2026-07-03 20:15:49.488][INF] [cfg=Default][inst=配置 1/default][src=Monitor][op=MonitorLog] 开始任务：陆联
[2026-07-03 20:15:49.488][INF] [cfg=Default][inst=配置 1/default][src=Worker][op=ExecuteTaskQueue] >>> 任务 队列任务开始（异步）。
[2026-07-03 20:16:10.841][INF] [cfg=Default][inst=配置 1/default][src=Worker][op=ExecuteTaskQueue] >>> 任务 队列任务完成（异步）。
[2026-07-03 20:16:10.842][INF] [cfg=Default][inst=配置 1/default][src=Monitor][op=MonitorLog] 任务运行失败！
[2026-07-03 20:16:11.354][INF] [cfg=Default][inst=配置 1/default][src=Worker][op=ExecuteTaskQueue] >>> 任务 启动附加结束脚本开始（异步）。
[2026-07-03 20:16:11.354][INF] [cfg=Default][inst=配置 1/default][src=Worker][op=ExecuteTaskQueue] >>> 任务 启动附加结束脚本完成（异步）。
[2026-07-03 20:16:11.355][INF] [cfg=Default][inst=配置 1/default][src=Worker][op=ExecuteTaskQueue] >>> 任务 启动任务完成（异步）。
[2026-07-03 20:16:11.356][INF] [cfg=Default][inst=配置 1/default][src=Worker][op=StopTask] 停止前状态：SUCCEEDED
[2026-07-03 20:16:11.356][INF] [cfg=Default][inst=配置 1/default][src=Worker][op=StopTask] >>> 任务 停止maafw任务开始（异步）。
[2026-07-03 20:16:11.357][INF] [cfg=Default][inst=配置 1/default][src=Worker][op=StopTask] >>> 任务 播放音频开始。
[2026-07-03 20:16:11.579][INF] [cfg=Default][inst=配置 1/default][src=Worker][op=StopTask] >>> 任务 播放音频完成。
[2026-07-03 20:16:11.581][INF] [cfg=Default][inst=配置 1/default][src=Monitor][op=MonitorLog] 任务已全部完成！
(用时 0h 0m 44s)
[2026-07-03 20:16:57.870][INF] [cfg=Default][inst=配置 1/default][src=UI][op=StartTask] 用户操作：启动任务 | controller=Adb, resource=刀剑乱舞, device=MuMu安卓设备-MuMuPlayer12 v5（127.0.0.1:16384), selectedTasks=1 [陆联]
[2026-07-03 20:16:57.885][INF] [cfg=Default][inst=配置 1/default][src=Worker][op=ExecuteTaskQueue] 准备执行任务队列：任务数量=1
[2026-07-03 20:16:57.887][INF] [cfg=Default][inst=配置 1/default][src=Worker][op=ExecuteTaskQueue] [任务管线合并] 任务#1 名称=[陆联] 入口=[LRentaisen] 参数=[
  {},
  {
    "LR_IsSwordSelect"：{
      "enabled"：true
    },
    "LR_ClickCaptainSlot"：{
      "enabled"：true
    },
    "LR_DetectSortOrder"：{
      "enabled"：true
    },
    "LR_ClickDescending"：{
      "enabled"：true
    },
    "LR_ConfirmSortAsc"：{
      "enabled"：true
    },
    "LR_ClickCaptain1"：{
      "enabled"：true
    },
    "LR_ClickCaptain2"：{
      "enabled"：true
    },
    "LR_ClickCaptain3"：{
      "enabled"：true
    },
    "LR_ClickCaptain4"：{
      "enabled"：true
    },
    "LR_ClickCaptain5"：{
      "enabled"：true
    }
  },
  {
    "LR_ClickTeam"：{
      "target"：[
        154,
        93,
        1,
        1
      ]
    }
  },
  {
    "LR_RunTeamSwitch"：{
      "custom_action_param"：{
        "team_config"："221222111"
      }
    }
  },
  {
    "LR_ClickDifficulty"：{
      "target"：[
        1132,
        328,
        1,
        1
      ]
    }
  }
]
[2026-07-03 20:16:57.988][INF] [cfg=Default][inst=配置 1/default][src=Worker][op=ExecuteTaskQueue] >>> 任务 启动任务开始（异步）。
[2026-07-03 20:16:57.990][INF] [cfg=Default][inst=配置 1/default][src=Worker][op=ExecuteTaskQueue] >>> 任务 启动附加开始脚本开始（异步）。
[2026-07-03 20:16:57.990][INF] [cfg=Default][inst=配置 1/default][src=Worker][op=ExecuteTaskQueue] >>> 任务 启动附加开始脚本完成（异步）。
[2026-07-03 20:16:57.991][INF] [cfg=Default][inst=配置 1/default][src=Worker][op=ExecuteTaskQueue] >>> 任务 截图测试开始（异步）。
[2026-07-03 20:16:58.007][INF] [cfg=Default][inst=配置 1/default][src=Worker][op=ExecuteTaskQueue] >>> 任务 截图测试完成（异步）。
[2026-07-03 20:16:58.008][INF] [cfg=Default][inst=配置 1/default][src=Monitor][op=MonitorLog] 截图耗时：7ms(EmulatorExtras)
[2026-07-03 20:16:58.009][INF] [cfg=Default][inst=配置 1/default][src=Monitor][op=MonitorLog] 开始任务：陆联
[2026-07-03 20:16:58.011][INF] [cfg=Default][inst=配置 1/default][src=Worker][op=ExecuteTaskQueue] >>> 任务 队列任务开始（异步）。
[2026-07-03 20:17:04.652][INF] [cfg=Default][inst=配置 1/default][src=Worker][op=StopTask] 停止前状态：NOT_STARTED
[2026-07-03 20:17:04.657][INF] [cfg=Default][inst=配置 1/default][src=Worker][op=StopTask] >>> 任务 停止maafw任务开始（异步）。
[2026-07-03 20:17:04.657][INF] [cfg=Default][inst=配置 1/default][src=Worker][op=StopTask] 正在尝试停止任务执行器，第 1 次。
[2026-07-03 20:17:04.658][INF] [cfg=Default][inst=配置 1/default][src=Worker][op=ExecuteTaskQueue] >>> 任务 队列任务完成（异步）。
[2026-07-03 20:17:04.658][INF] [cfg=Default][inst=配置 1/default][src=Worker][op=ExecuteTaskQueue] >>> 任务 启动任务完成（异步）。
[2026-07-03 20:17:04.658][INF] [cfg=Default][inst=配置 1/default][src=Monitor][op=MonitorLog] 任务运行失败！
[2026-07-03 20:17:04.660][INF] [cfg=Default][inst=配置 1/default][src=Monitor][op=MonitorLog] 正在停止......
[2026-07-03 20:17:04.661][INF] [cfg=Default][inst=配置 1/default][src=Worker][op=StopTask] 停止前状态：STOPPED
[2026-07-03 20:17:04.661][INF] [cfg=Default][inst=配置 1/default][src=Worker][op=StopTask] >>> 任务 停止maafw任务开始（异步）。
[2026-07-03 20:17:04.661][INF] [cfg=Default][inst=配置 1/default][src=Worker][op=StopTask] >>> 任务 Action开始。
[2026-07-03 20:17:04.661][INF] [cfg=Default][inst=配置 1/default][src=Worker][op=StopTask] >>> 任务 Action完成。
[2026-07-03 20:17:04.715][INF] [cfg=Default][inst=配置 1/default][src=Worker][op=StopTask] 第 1 次停止任务执行器返回：Succeeded，准备重试。
[2026-07-03 20:17:05.065][INF] [cfg=Default][inst=配置 1/default][src=Monitor][op=MonitorLog] 已放弃本次任务
[2026-07-03 20:17:43.321][INF] [cfg=Default] 应用已关闭
[2026-07-03 20:17:43.325][INF] [cfg=Default] 已释放自定义类目录监听器。
[2026-07-03 20:19:15.498][INF] 正在加载配置列表...
[2026-07-03 20:19:15.522][INF] 应用安装目录：D:\Claude_Workspace\AATL
[2026-07-03 20:19:15.522][INF] 应用数据目录：D:\Claude_Workspace\AATL
[2026-07-03 20:19:15.522][INF] 是否使用独立数据目录：False
[2026-07-03 20:19:15.522][INF] 配置目录：D:\Claude_Workspace\AATL\resource\config
[2026-07-03 20:19:15.522][INF] 是否使用本地配置目录：True
[2026-07-03 20:19:15.522][INF] 日志目录：D:\Claude_Workspace\AATL\debug\logs
[2026-07-03 20:19:15.522][INF] 备份文件数量：43
[2026-07-03 20:19:15.522][INF] 临时目录是否存在：True
[2026-07-03 20:19:15.522][INF] [cfg=Default] 应用安装目录：D:\Claude_Workspace\AATL
[2026-07-03 20:19:15.522][INF] [cfg=Default] 应用数据目录：D:\Claude_Workspace\AATL
[2026-07-03 20:19:15.522][INF] [cfg=Default] 是否使用独立数据目录：False
[2026-07-03 20:19:15.522][INF] [cfg=Default] 配置目录：D:\Claude_Workspace\AATL\resource\config
[2026-07-03 20:19:15.522][INF] [cfg=Default] 是否使用本地配置目录：True
[2026-07-03 20:19:15.522][INF] [cfg=Default] 日志目录：D:\Claude_Workspace\AATL\debug\logs
[2026-07-03 20:19:15.522][INF] [cfg=Default] 备份文件数量：43
[2026-07-03 20:19:15.522][INF] [cfg=Default] 临时目录是否存在：True
[2026-07-03 20:19:15.528][INF] [cfg=Default] 已通过 Windows API 添加 DLL 搜索目录：D:\Claude_Workspace\AATL\runtimes/libs
[2026-07-03 20:19:15.528][INF] [cfg=Default] 库解析器初始化完成：libsPath=D:\Claude_Workspace\AATL\runtimes/libs，目录存在=True
[2026-07-03 20:19:15.532][INF] [cfg=Default] 检测到 MaaFramework 运行时目录：数量=1，路径=[D:\Claude_Workspace\AATL\runtimes\win-x64\native]
[2026-07-03 20:19:15.533][INF] [cfg=Default] 启动参数：数量=0，内容=[]
[2026-07-03 20:19:15.534][INF] [cfg=Default] 程序版本：v2.12.2-beta.1
[2026-07-03 20:19:15.534][INF] [cfg=Default] .NET 运行时：.NET 10.0.8
[2026-07-03 20:19:16.055][INF] [cfg=Default] 开始初始化语言管理器。
[2026-07-03 20:19:16.188][INF] [cfg=Default] 当前配置：Default
[2026-07-03 20:19:16.229][INF] [cfg=Default] 已恢复系统休眠。
[2026-07-03 20:19:16.232][INF] [cfg=Default] 热键主进程选举：已成为主进程（创建了新的全局互斥锁）。
[2026-07-03 20:19:16.232][INF] [cfg=Default] 全局热键服务：作为主进程初始化。
[2026-07-03 20:19:16.243][INF] [cfg=Default] 热键 IPC 端口文件已保存：文件=C:\Users\Alouette\AppData\Local\Temp\MFAAvalonia\hotkey_ipc_port.txt
[2026-07-03 20:19:16.243][INF] [cfg=Default] 热键 IPC 服务端已启动：端口=52718
[2026-07-03 20:19:16.256][INF] [cfg=Default] [内存管理]释放了1.26 MB（30.4%)
[2026-07-03 20:19:16.314][WRN] [cfg=Default] 界面资源接口尚未初始化完成。
[2026-07-03 20:19:16.324][INF] [cfg=Default] [调试] instances 目录中实际存在的实例文件数量：1, ID列表：[default]
[2026-07-03 20:19:16.397][INF] [cfg=Default] 本地更新包按钮可见性已刷新：来源=config.Debug(string)，原始值=，解析结果=False
[2026-07-03 20:19:16.398][INF] [cfg=Default] 资源版本：0.5.4
[2026-07-03 20:19:16.398][INF] [cfg=Default] MaaFramework 版本：v5.11.1
[2026-07-03 20:19:16.456][INF] [cfg=Default] [懒加载] 已加载当天有定时任务的实例
[2026-07-03 20:19:16.541][INF] [cfg=Default] 窗口大小已加载：宽度=1028，高度=650
[2026-07-03 20:19:16.550][INF] [cfg=Default] 窗口位置已加载：X=815，Y=371
[2026-07-03 20:19:16.831][WRN] [cfg=Default] 跨平台数据解密失败：参数错误。
[2026-07-03 20:19:16.885][WRN] [cfg=Default] 跨平台数据解密失败：The input is not a valid Base-64 string as it contains a non-base 64 character, more than two padding characters, or an illegal character among the padding characters.
[2026-07-03 20:19:16.930][INF] [cfg=Default] 本地更新包按钮可见性已刷新：来源=config.Debug(string)，原始值=，解析结果=False
[2026-07-03 20:19:16.931][INF] [cfg=Default] 设置页调试卡片可见性已应用：False
[2026-07-03 20:19:17.053][INF] [cfg=Default] [调试] instances 目录中实际存在的实例文件数量：1, ID列表：[default]
[2026-07-03 20:19:17.062][INF] [cfg=Default] [懒加载] 已加载当天有定时任务的实例
[2026-07-03 20:19:17.351][INF] [cfg=Default] [懒加载] 所有实例加载完成
[2026-07-03 20:19:17.351][INF] [cfg=Default] [懒加载] 所有实例加载完成
[2026-07-03 20:19:17.409][INF] [cfg=Default] 界面初始化开始
[2026-07-03 20:19:17.477][INF] [cfg=Default][inst=配置 1/default][src=UI][op=ChangeResource] 当前资源变更：resource=, controller=Adb
[2026-07-03 20:19:17.478][INF] [cfg=Default][inst=配置 1/default][src=UI][op=ChangeResource] 当前资源变更：resource=刀剑乱舞, controller=Adb
[2026-07-03 20:19:17.481][INF] [cfg=Default][inst=配置 1/default][src=UI][op=ChangeResource] 当前资源变更：resource=, controller=Adb
[2026-07-03 20:19:17.486][INF] [cfg=Default][inst=配置 1/default][src=UI][op=ChangeResource] 当前资源变更：resource=刀剑乱舞, controller=Adb
[2026-07-03 20:19:17.851][INF] [cfg=Default] 保留最近的备份文件：D:\Claude_Workspace\AATL\runtimes\libs\Avalonia.Xaml.Interactivity.dll.202607031917.0.backupMFA
[2026-07-03 20:19:17.852][INF] [cfg=Default] 保留最近的备份文件：D:\Claude_Workspace\AATL\runtimes\libs\AvaloniaEdit.TextMate.dll.202607031917.0.backupMFA
[2026-07-03 20:19:17.852][INF] [cfg=Default] 保留最近的备份文件：D:\Claude_Workspace\AATL\runtimes\libs\AvaloniaExtensions.Axaml.dll.202607031917.0.backupMFA
[2026-07-03 20:19:17.852][INF] [cfg=Default] 保留最近的备份文件：D:\Claude_Workspace\AATL\runtimes\libs\av_libglesv2.dll.202607031917.0.backupMFA
[2026-07-03 20:19:17.852][INF] [cfg=Default] 保留最近的备份文件：D:\Claude_Workspace\AATL\runtimes\libs\CalcBindingAva.dll.202607031917.0.backupMFA
[2026-07-03 20:19:17.852][INF] [cfg=Default] 保留最近的备份文件：D:\Claude_Workspace\AATL\runtimes\libs\ColorDocument.Avalonia.dll.202607031917.0.backupMFA
[2026-07-03 20:19:17.852][INF] [cfg=Default] 保留最近的备份文件：D:\Claude_Workspace\AATL\runtimes\libs\ColorTextBlock.Avalonia.dll.202607031917.0.backupMFA
[2026-07-03 20:19:17.852][INF] [cfg=Default] 保留最近的备份文件：D:\Claude_Workspace\AATL\runtimes\libs\CommunityToolkit.Mvvm.dll.202607031917.0.backupMFA
[2026-07-03 20:19:17.852][INF] [cfg=Default] 保留最近的备份文件：D:\Claude_Workspace\AATL\runtimes\libs\CrossPlatformProtectedData.dll.202607031917.0.backupMFA
[2026-07-03 20:19:17.852][INF] [cfg=Default] 保留最近的备份文件：D:\Claude_Workspace\AATL\runtimes\libs\DynamicExpresso.Core.dll.202607031917.0.backupMFA
[2026-07-03 20:19:17.852][INF] [cfg=Default] 保留最近的备份文件：D:\Claude_Workspace\AATL\runtimes\libs\FluentAvalonia.dll.202607031917.0.backupMFA
[2026-07-03 20:19:17.852][INF] [cfg=Default] 保留最近的备份文件：D:\Claude_Workspace\AATL\runtimes\libs\FluentIcons.Resources.Avalonia.dll.202607031917.0.backupMFA
[2026-07-03 20:19:17.852][INF] [cfg=Default] 保留最近的备份文件：D:\Claude_Workspace\AATL\runtimes\libs\HarfBuzzSharp.dll.202607031917.0.backupMFA
[2026-07-03 20:19:17.852][INF] [cfg=Default] 保留最近的备份文件：D:\Claude_Workspace\AATL\runtimes\libs\HtmlAgilityPack.dll.202607031917.0.backupMFA
[2026-07-03 20:19:17.852][INF] [cfg=Default] 保留最近的备份文件：D:\Claude_Workspace\AATL\runtimes\libs\Lang.Avalonia.dll.202607031917.0.backupMFA
[2026-07-03 20:19:17.852][INF] [cfg=Default] 保留最近的备份文件：D:\Claude_Workspace\AATL\runtimes\libs\libHarfBuzzSharp.dll.202607031917.0.backupMFA
[2026-07-03 20:19:17.852][INF] [cfg=Default] 保留最近的备份文件：D:\Claude_Workspace\AATL\runtimes\libs\libSkiaSharp.dll.202607031917.0.backupMFA
[2026-07-03 20:19:17.852][INF] [cfg=Default] 保留最近的备份文件：D:\Claude_Workspace\AATL\runtimes\libs\MaaFramework.Binding.Native.dll.202607031917.0.backupMFA
[2026-07-03 20:19:17.852][INF] [cfg=Default] 保留最近的备份文件：D:\Claude_Workspace\AATL\runtimes\libs\Markdown.Avalonia.SyntaxHigh.dll.202607031917.0.backupMFA
[2026-07-03 20:19:17.852][INF] [cfg=Default] 保留最近的备份文件：D:\Claude_Workspace\AATL\runtimes\libs\MFAAvalonia.Core.dll.202607031917.0.backupMFA
[2026-07-03 20:19:17.852][INF] [cfg=Default] 保留最近的备份文件：D:\Claude_Workspace\AATL\runtimes\libs\MicroCom.Runtime.dll.202607031917.0.backupMFA
[2026-07-03 20:19:17.852][INF] [cfg=Default] 保留最近的备份文件：D:\Claude_Workspace\AATL\runtimes\libs\Microsoft.WindowsAPICodePack.Shell.dll.202607031917.0.backupMFA
[2026-07-03 20:19:17.852][INF] [cfg=Default] 保留最近的备份文件：D:\Claude_Workspace\AATL\runtimes\libs\NETCore.Encrypt.dll.202607031917.0.backupMFA
[2026-07-03 20:19:17.852][INF] [cfg=Default] 保留最近的备份文件：D:\Claude_Workspace\AATL\runtimes\libs\Newtonsoft.Json.dll.202607031917.0.backupMFA
[2026-07-03 20:19:17.852][INF] [cfg=Default] 保留最近的备份文件：D:\Claude_Workspace\AATL\runtimes\libs\Semver.dll.202607031917.0.backupMFA
[2026-07-03 20:19:17.852][INF] [cfg=Default] 保留最近的备份文件：D:\Claude_Workspace\AATL\runtimes\libs\Serilog.Sinks.File.dll.202607031917.0.backupMFA
[2026-07-03 20:19:17.852][INF] [cfg=Default] 保留最近的备份文件：D:\Claude_Workspace\AATL\runtimes\libs\SharpCompress.dll.202607031917.0.backupMFA
[2026-07-03 20:19:17.852][INF] [cfg=Default] 保留最近的备份文件：D:\Claude_Workspace\AATL\runtimes\libs\SharpHook.dll.202607031917.0.backupMFA
[2026-07-03 20:19:17.853][INF] [cfg=Default] 保留最近的备份文件：D:\Claude_Workspace\AATL\runtimes\libs\SkiaSharp.dll.202607031917.0.backupMFA
[2026-07-03 20:19:17.853][INF] [cfg=Default] 保留最近的备份文件：D:\Claude_Workspace\AATL\runtimes\libs\SukiUI.dll.202607031917.0.backupMFA
[2026-07-03 20:19:17.853][INF] [cfg=Default] 保留最近的备份文件：D:\Claude_Workspace\AATL\runtimes\libs\System.Security.Cryptography.ProtectedData.dll.202607031917.0.backupMFA
[2026-07-03 20:19:17.853][INF] [cfg=Default] 保留最近的备份文件：D:\Claude_Workspace\AATL\runtimes\libs\TextMateSharp.Grammars.dll.202607031917.0.backupMFA
[2026-07-03 20:19:17.853][INF] [cfg=Default] 保留最近的备份文件：D:\Claude_Workspace\AATL\runtimes\libs\uiohook.dll.202607031917.0.backupMFA
[2026-07-03 20:19:17.853][INF] [cfg=Default] 保留最近的备份文件：D:\Claude_Workspace\AATL\runtimes\libs\ZstdSharp.dll.202607031917.0.backupMFA
[2026-07-03 20:19:17.866][INF] [cfg=Default] 保留最近的备份文件：D:\Claude_Workspace\AATL\runtimes\win-x64\native\DirectML.dll.202607031917.0.backupMFA
[2026-07-03 20:19:17.866][INF] [cfg=Default] 保留最近的备份文件：D:\Claude_Workspace\AATL\runtimes\win-x64\native\fastdeploy_ppocr_maa.dll.202607031917.0.backupMFA
[2026-07-03 20:19:17.866][INF] [cfg=Default] 保留最近的备份文件：D:\Claude_Workspace\AATL\runtimes\win-x64\native\MaaFramework.dll.202607031917.0.backupMFA
[2026-07-03 20:19:17.867][INF] [cfg=Default] 保留最近的备份文件：D:\Claude_Workspace\AATL\runtimes\win-x64\native\MaaToolkit.dll.202607031917.0.backupMFA
[2026-07-03 20:19:17.867][INF] [cfg=Default] 保留最近的备份文件：D:\Claude_Workspace\AATL\runtimes\win-x64\native\MaaUtils.dll.202607031917.0.backupMFA
[2026-07-03 20:19:17.867][INF] [cfg=Default] 保留最近的备份文件：D:\Claude_Workspace\AATL\runtimes\win-x64\native\onnxruntime_maa.dll.202607031917.0.backupMFA
[2026-07-03 20:19:17.867][INF] [cfg=Default] 保留最近的备份文件：D:\Claude_Workspace\AATL\runtimes\win-x64\native\opencv_world4_maa.dll.202607031917.0.backupMFA
[2026-07-03 20:19:17.883][INF] [cfg=Default] 保留最近的备份文件：D:\Claude_Workspace\AATL\runtimes\libs\locales\en-US\MFAAvalonia.Core.resources.dll.202607031917.0.backupMFA
[2026-07-03 20:19:17.883][INF] [cfg=Default] 保留最近的备份文件：D:\Claude_Workspace\AATL\runtimes\win-x64\native\plugins\MaaPluginDemo.dll.202607031917.0.backupMFA
[2026-07-03 20:19:18.079][INF] [cfg=Default] >>> 任务 公告和最新版本检测开始（异步）。
[2026-07-03 20:19:18.428][INF] [cfg=Default] 正在从配置中读取已保存的 ADB 设备，并启用指纹匹配。
[2026-07-03 20:19:18.429][INF] [cfg=Default] 已保存设备的指纹：MuMu安卓设备-MuMuPlayer12 v5|0|127.0.0.1|16384
[2026-07-03 20:19:18.631][INF] [cfg=Default] 按指纹匹配到的设备数量：1
[2026-07-03 20:19:18.632][INF] [cfg=Default] 已通过指纹匹配到设备：名称=MuMu安卓设备-MuMuPlayer12 v5，ADB 序列号=127.0.0.1:16384
[2026-07-03 20:19:18.655][ERR] [cfg=Default][inst=配置 1/default][src=Worker][op=StartTask] 配置保存失败：default.json
System.IO.IOException: The process cannot access the file 'D:\Claude_Workspace\AATL\resource\config\instances\default.json' because it is being used by another process.
   at Microsoft.Win32.SafeHandles.SafeFileHandle.CreateFile(String fullPath, FileMode mode, FileAccess access, FileShare share, FileOptions options)
   at Microsoft.Win32.SafeHandles.SafeFileHandle.Open(String fullPath, FileMode mode, FileAccess access, FileShare share, FileOptions options, Int64 preallocationSize, Nullable`1 unixCreateMode)
   at System.IO.File.OpenHandle(String path, FileMode mode, FileAccess access, FileShare share, FileOptions options, Int64 preallocationSize)
   at System.IO.File.WriteToFile(String path, FileMode mode, ReadOnlySpan`1 contents, Encoding encoding)
   at System.IO.File.WriteAllText(String path, String contents, Encoding encoding)
   at MFAAvalonia.Helper.JsonHelper.SaveJson[T](String filePath, T config, JsonConverter[] converters)
[2026-07-03 20:19:18.806][INF] [cfg=Default][inst=配置 1/default][src=Monitor][op=MonitorLog] 正在连接至模拟器......
[2026-07-03 20:19:18.908][INF] [cfg=Default][inst=配置 1/default][src=Worker][op=ExecuteTaskQueue] >>> 任务 启动任务开始（异步）。
[2026-07-03 20:19:18.925][INF] [cfg=Default][inst=配置 1/default][src=Worker][op=ExecuteTaskQueue] 正在载入资源
[2026-07-03 20:19:18.926][INF] [cfg=Default][inst=配置 1/default][src=Worker][op=ExecuteTaskQueue] 资源路径：D:\Claude_Workspace\AATL\resource\base
[2026-07-03 20:19:18.926][INF] [cfg=Default][inst=配置 1/default][src=Worker][op=ExecuteTaskQueue] >>> 任务 资源检测开始（异步）。
[2026-07-03 20:19:18.965][INF] [cfg=Default][inst=配置 1/default][src=Worker][op=ExecuteTaskQueue] >>> 任务 资源检测完成（异步）。
[2026-07-03 20:19:18.966][INF] [cfg=Default][inst=配置 1/default][src=Worker][op=ExecuteTaskQueue] 启用 GPU 推理：成功
[2026-07-03 20:19:18.967][INF] [cfg=Default][inst=配置 1/default][src=Worker][op=ExecuteTaskQueue] GPU acceleration: Auto
[2026-07-03 20:19:18.967][INF] [cfg=Default][inst=配置 1/default][src=Worker][op=ExecuteTaskQueue] >>> 任务 控制器检测开始（异步）。
[2026-07-03 20:19:18.967][INF] [cfg=Default][inst=配置 1/default][src=Worker][op=ExecuteTaskQueue] 正在加载 MAA 控制器配置...
[2026-07-03 20:19:18.969][INF] [cfg=Default][inst=配置 1/default][src=Worker][op=ExecuteTaskQueue] 触控模式:Default,捕获模式:Default
[2026-07-03 20:19:18.969][INF] [cfg=Default][inst=配置 1/default][src=Worker][op=ExecuteTaskQueue] 设备名称：
[2026-07-03 20:19:18.969][INF] [cfg=Default][inst=配置 1/default][src=Worker][op=ExecuteTaskQueue] ADB 路径：adb
[2026-07-03 20:19:18.969][INF] [cfg=Default][inst=配置 1/default][src=Worker][op=ExecuteTaskQueue] ADB 序列号：
[2026-07-03 20:19:18.969][INF] [cfg=Default][inst=配置 1/default][src=Worker][op=ExecuteTaskQueue] 截图模式：Default
[2026-07-03 20:19:18.969][INF] [cfg=Default][inst=配置 1/default][src=Worker][op=ExecuteTaskQueue] 输入模式：Default
[2026-07-03 20:19:18.969][INF] [cfg=Default][inst=配置 1/default][src=Worker][op=ExecuteTaskQueue] 控制器配置：{}
[2026-07-03 20:19:18.988][WRN] [cfg=Default][inst=配置 1/default][src=Worker][op=ExecuteTaskQueue] 初始化控制器时发生错误！
[2026-07-03 20:19:18.988][ERR] [cfg=Default][inst=配置 1/default][src=Worker][op=ExecuteTaskQueue] 初始化控制器失败：message=连接模拟器时发生错误！, reason=The value cannot be an empty string.（Parameter 'info.AdbSerial')
System.ArgumentException: The value cannot be an empty string. (Parameter 'info.AdbSerial')
   at System.ArgumentException.ThrowNullOrEmptyException(String argument, String paramName)
   at System.ArgumentException.ThrowIfNullOrEmpty(String argument, String paramName)
   at MaaFramework.Binding.MaaAdbController..ctor(AdbDeviceInfo info, LinkOption link, CheckStatusOption check)
   at MaaFramework.Binding.MaaAdbController..ctor(String adbPath, String adbSerial, AdbScreencapMethods screencapMethods, AdbInputMethods inputMethods, String config, String agentPath, LinkOption link, CheckStatusOption check)
   at MFAAvalonia.Extensions.MaaFW.MaaProcessor.InitializeController(MaaControllerTypes controllerType, Boolean logConfig)
   at MFAAvalonia.Extensions.MaaFW.MaaProcessor.<>c__DisplayClass143_0.<InitializeMaaTasker>b__7()
   at MFAAvalonia.Helper.TaskManager.<>c__DisplayClass6_0`1.<RunTaskAsync>b__0()
   at System.Threading.Tasks.Task`1.InnerInvoke()
   at System.Threading.ExecutionContext.RunFromThreadPoolDispatchLoop(Thread threadPoolThread, ExecutionContext executionContext, ContextCallback callback, Object state)
--- End of stack trace from previous location ---
   at System.Threading.ExecutionContext.RunFromThreadPoolDispatchLoop(Thread threadPoolThread, ExecutionContext executionContext, ContextCallback callback, Object state)
   at System.Threading.Tasks.Task.ExecuteWithThreadLocal(Task& currentTaskSlot, Thread threadPoolThread)
--- End of stack trace from previous location ---
   at MFAAvalonia.Helper.TaskManager.RunTaskAsync[TResult](Func`1 function, CancellationToken token, Action`1 handleError, String name, String prompt, Boolean catchException, Boolean shouldLog, Boolean noMessage)
[2026-07-03 20:19:18.988][INF] [cfg=Default][inst=配置 1/default][src=Worker][op=ExecuteTaskQueue] >>> 任务 控制器检测完成（异步）。
[2026-07-03 20:19:18.988][WRN] [cfg=Default][inst=配置 1/default][src=Worker][op=ExecuteTaskQueue] 控制器初始化结果为空，已中止本次连接尝试。
[2026-07-03 20:19:19.041][INF] [cfg=Default][inst=配置 1/default][src=Worker][op=ExecuteTaskQueue] >>> 任务 启动检测开始（异步）。
[2026-07-03 20:19:19.042][INF] [cfg=Default][inst=配置 1/default][src=Worker][op=ExecuteTaskQueue] 开始执行更新任务：名称=查询CDK
[2026-07-03 20:19:19.042][INF] [cfg=Default][inst=配置 1/default][src=Worker][op=ExecuteTaskQueue] 更新任务完成：名称=查询CDK
[2026-07-03 20:19:19.042][INF] [cfg=Default][inst=配置 1/default][src=Worker][op=ExecuteTaskQueue] 开始执行更新任务：名称=更新资源
[2026-07-03 20:19:19.044][INF] [cfg=Default][inst=配置 1/default][src=UI][op=ChangeDevice] 当前连接目标变更：controller=Adb, resource=刀剑乱舞, device=MuMu安卓设备-MuMuPlayer12 v5（127.0.0.1:16384)
[2026-07-03 20:19:19.384][INF] [cfg=Default] >>> 任务 公告和最新版本检测完成（异步）。
[2026-07-03 20:19:20.433][INF] [cfg=Default][inst=配置 1/default][src=Worker][op=ExecuteTaskQueue] 目标系统：平台=win，系统家族=windows，架构=x64
[2026-07-03 20:19:21.173][INF] [cfg=Default][inst=配置 1/default][src=UI][op=Reconnect] 用户操作：重新连接 | controller=Adb, resource=刀剑乱舞, device=MuMu安卓设备-MuMuPlayer12 v5（127.0.0.1:16384)
[2026-07-03 20:19:21.284][INF] [cfg=Default][inst=配置 1/default][src=Worker][op=ExecuteTaskQueue] 候选资产优先级：名称=aatl-v0.5.3-beta.zip，优先级=0
[2026-07-03 20:19:21.350][INF] [cfg=Default][inst=配置 1/default][src=UI][op=MatchAdbDevice] 当前设备指纹：name=MuMu安卓设备-MuMuPlayer12 v5, serial=127.0.0.1:16384, configLength=78
[2026-07-03 20:19:21.351][INF] [cfg=Default][inst=配置 1/default][src=UI][op=Reconnect] 按指纹匹配到的设备数量：1
[2026-07-03 20:19:21.351][INF] [cfg=Default][inst=配置 1/default][src=UI][op=ChangeDevice] 当前连接目标变更：controller=Adb, resource=刀剑乱舞, device=<none>
[2026-07-03 20:19:21.352][INF] [cfg=Default][inst=配置 1/default][src=UI][op=ChangeDevice] 当前连接目标变更：controller=Adb, resource=刀剑乱舞, device=MuMu安卓设备-MuMuPlayer12 v5（127.0.0.1:16384)
[2026-07-03 20:19:21.357][INF] [cfg=Default][inst=配置 1/default][src=UI][op=Reconnect] 正在载入资源
[2026-07-03 20:19:21.357][INF] [cfg=Default][inst=配置 1/default][src=UI][op=Reconnect] 资源路径：D:\Claude_Workspace\AATL\resource\base
[2026-07-03 20:19:21.357][INF] [cfg=Default][inst=配置 1/default][src=UI][op=Reconnect] >>> 任务 资源检测开始（异步）。
[2026-07-03 20:19:21.366][INF] [cfg=Default][inst=配置 1/default][src=Worker][op=ExecuteTaskQueue] 更新任务完成：名称=更新资源
[2026-07-03 20:19:21.367][INF] [cfg=Default][inst=配置 1/default][src=Worker][op=ExecuteTaskQueue] >>> 任务 启动检测完成（异步）。
[2026-07-03 20:19:21.367][INF] [cfg=Default][inst=配置 1/default][src=Worker][op=ExecuteTaskQueue] >>> 任务 启动任务完成（异步）。
[2026-07-03 20:19:21.372][INF] [cfg=Default][inst=配置 1/default][src=Monitor][op=MonitorLog] 正在连接至模拟器......
[2026-07-03 20:19:21.385][INF] [cfg=Default][inst=配置 1/default][src=UI][op=Reconnect] >>> 任务 资源检测完成（异步）。
[2026-07-03 20:19:21.385][INF] [cfg=Default][inst=配置 1/default][src=UI][op=Reconnect] 启用 GPU 推理：成功
[2026-07-03 20:19:21.385][INF] [cfg=Default][inst=配置 1/default][src=UI][op=Reconnect] GPU acceleration: Auto
[2026-07-03 20:19:21.385][INF] [cfg=Default][inst=配置 1/default][src=UI][op=Reconnect] >>> 任务 控制器检测开始（异步）。
[2026-07-03 20:19:21.385][INF] [cfg=Default][inst=配置 1/default][src=UI][op=Reconnect] 正在加载 MAA 控制器配置...
[2026-07-03 20:19:21.386][INF] [cfg=Default][inst=配置 1/default][src=UI][op=Reconnect] 触控模式:Default,捕获模式:EmulatorExtras
[2026-07-03 20:19:21.386][INF] [cfg=Default][inst=配置 1/default][src=UI][op=Reconnect] 设备名称：MuMu安卓设备-MuMuPlayer12 v5
[2026-07-03 20:19:21.386][INF] [cfg=Default][inst=配置 1/default][src=UI][op=Reconnect] ADB 路径：D:/Apps/MuMu/MuMuPlayer/nx_main/adb.exe
[2026-07-03 20:19:21.386][INF] [cfg=Default][inst=配置 1/default][src=UI][op=Reconnect] ADB 序列号：127.0.0.1:16384
[2026-07-03 20:19:21.386][INF] [cfg=Default][inst=配置 1/default][src=UI][op=Reconnect] 截图模式：EmulatorExtras
[2026-07-03 20:19:21.386][INF] [cfg=Default][inst=配置 1/default][src=UI][op=Reconnect] 输入模式：Default
[2026-07-03 20:19:21.386][INF] [cfg=Default][inst=配置 1/default][src=UI][op=Reconnect] 控制器配置：{"extras":{"mumu":{"enable":true,"index":0,"path":"D:/Apps/MuMu/MuMuPlayer"}}
[2026-07-03 20:19:21.387][INF] [cfg=Default][inst=配置 1/default][src=Worker][op=StopTask] 停止前状态：SUCCEEDED
[2026-07-03 20:19:21.388][INF] [cfg=Default][inst=配置 1/default][src=Worker][op=StopTask] >>> 任务 停止maafw任务开始（异步）。
[2026-07-03 20:19:21.390][INF] [cfg=Default][inst=配置 1/default][src=Monitor][op=MonitorLog] 任务已全部完成！
(用时 0h 0m 2s)
[2026-07-03 20:19:21.866][INF] [cfg=Default][inst=配置 1/default][src=UI][op=Reconnect] >>> 任务 控制器检测完成（异步）。
[2026-07-03 20:19:22.543][INF] [cfg=Default][inst=配置 1/default][src=UI][op=Reconnect] 已注册内置特殊任务动作。
[2026-07-03 20:19:22.552][INF] [cfg=Default][inst=配置 1/default][src=UI][op=Reconnect] 已启动自定义类目录监听：目录=D:\Claude_Workspace\AATL\resource\base\custom
[2026-07-03 20:19:22.554][INF] [cfg=Default][inst=配置 1/default][src=UI][op=Reconnect] 开始解析自定义类：名称=CaptainDamageAction，文件=D:\Claude_Workspace\AATL\resource\base\custom\CaptainDamageAction.cs
[2026-07-03 20:19:23.278][INF] [cfg=Default][inst=配置 1/default][src=UI][op=Reconnect] 已成功加载自定义类：名称=CaptainDamageAction，文件=D:\Claude_Workspace\AATL\resource\base\custom\CaptainDamageAction.cs
[2026-07-03 20:19:23.278][INF] [cfg=Default][inst=配置 1/default][src=UI][op=Reconnect] 开始解析自定义类：名称=DamageLogAction，文件=D:\Claude_Workspace\AATL\resource\base\custom\DamageLogAction.cs
[2026-07-03 20:19:23.372][INF] [cfg=Default][inst=配置 1/default][src=UI][op=Reconnect] 已成功加载自定义类：名称=DamageLogAction，文件=D:\Claude_Workspace\AATL\resource\base\custom\DamageLogAction.cs
[2026-07-03 20:19:23.372][INF] [cfg=Default][inst=配置 1/default][src=UI][op=Reconnect] 开始解析自定义类：名称=DispatchLogAction，文件=D:\Claude_Workspace\AATL\resource\base\custom\DispatchLogAction.cs
[2026-07-03 20:19:23.545][INF] [cfg=Default][inst=配置 1/default][src=UI][op=Reconnect] 已成功加载自定义类：名称=DispatchLogAction，文件=D:\Claude_Workspace\AATL\resource\base\custom\DispatchLogAction.cs
[2026-07-03 20:19:23.545][INF] [cfg=Default][inst=配置 1/default][src=UI][op=Reconnect] 开始解析自定义类：名称=DungeonFloorSelectAction，文件=D:\Claude_Workspace\AATL\resource\base\custom\DungeonFloorSelectAction.cs
[2026-07-03 20:19:23.665][INF] [cfg=Default][inst=配置 1/default][src=UI][op=Reconnect] 已成功加载自定义类：名称=DungeonFloorSelectAction，文件=D:\Claude_Workspace\AATL\resource\base\custom\DungeonFloorSelectAction.cs
[2026-07-03 20:19:23.665][INF] [cfg=Default][inst=配置 1/default][src=UI][op=Reconnect] 开始解析自定义类：名称=ExpeditionMapSelectAction，文件=D:\Claude_Workspace\AATL\resource\base\custom\ExpeditionMapSelectAction.cs
[2026-07-03 20:19:23.718][INF] [cfg=Default][inst=配置 1/default][src=UI][op=Reconnect] 已成功加载自定义类：名称=ExpeditionMapSelectAction，文件=D:\Claude_Workspace\AATL\resource\base\custom\ExpeditionMapSelectAction.cs
[2026-07-03 20:19:23.718][INF] [cfg=Default][inst=配置 1/default][src=UI][op=Reconnect] 开始解析自定义类：名称=TeamSwitchAction，文件=D:\Claude_Workspace\AATL\resource\base\custom\TeamSwitchAction.cs
[2026-07-03 20:19:23.763][INF] [cfg=Default][inst=配置 1/default][src=UI][op=Reconnect] 已成功加载自定义类：名称=TeamSwitchAction，文件=D:\Claude_Workspace\AATL\resource\base\custom\TeamSwitchAction.cs
[2026-07-03 20:19:23.763][INF] [cfg=Default][inst=配置 1/default][src=UI][op=Reconnect] 已注册自定义动作：CaptainDamageAction
[2026-07-03 20:19:23.763][INF] [cfg=Default][inst=配置 1/default][src=UI][op=Reconnect] 已注册自定义动作：DamageLogAction
[2026-07-03 20:19:23.763][INF] [cfg=Default][inst=配置 1/default][src=UI][op=Reconnect] 已注册自定义动作：DispatchLogAction
[2026-07-03 20:19:23.763][INF] [cfg=Default][inst=配置 1/default][src=UI][op=Reconnect] 已注册自定义动作：DungeonFloorSelectAction
[2026-07-03 20:19:23.763][INF] [cfg=Default][inst=配置 1/default][src=UI][op=Reconnect] 已注册自定义动作：ExpeditionMapSelectAction
[2026-07-03 20:19:23.763][INF] [cfg=Default][inst=配置 1/default][src=UI][op=Reconnect] 已注册自定义动作：TeamSwitchAction
[2026-07-03 20:19:23.763][INF] [cfg=Default][inst=配置 1/default][src=UI][op=Reconnect] 未找到自定义目录：D:\Claude_Workspace\AATL\resource\custom
[2026-07-03 20:19:23.764][INF] [cfg=Default][inst=配置 1/default][src=UI][op=Reconnect] 连接状态变更：已连接。
[2026-07-03 20:19:23.765][INF] [cfg=Default][inst=配置 1/default][src=UI][op=Reconnect] MaaFW 调试模式：False
[2026-07-03 20:19:26.429][INF] [cfg=Default][inst=配置 1/default][src=UI][op=StartTask] 用户操作：启动任务 | controller=Adb, resource=刀剑乱舞, device=MuMu安卓设备-MuMuPlayer12 v5（127.0.0.1:16384), selectedTasks=1 [陆联]
[2026-07-03 20:19:26.442][INF] [cfg=Default][inst=配置 1/default][src=Worker][op=ExecuteTaskQueue] 准备执行任务队列：任务数量=1
[2026-07-03 20:19:26.451][INF] [cfg=Default][inst=配置 1/default][src=Worker][op=ExecuteTaskQueue] [任务管线合并] 任务#1 名称=[陆联] 入口=[LRentaisen] 参数=[
  {},
  {
    "LR_IsSwordSelect"：{
      "enabled"：true
    },
    "LR_ClickCaptainSlot"：{
      "enabled"：true
    },
    "LR_DetectSortOrder"：{
      "enabled"：true
    },
    "LR_ClickDescending"：{
      "enabled"：true
    },
    "LR_ConfirmSortAsc"：{
      "enabled"：true
    },
    "LR_ClickCaptain1"：{
      "enabled"：true
    },
    "LR_ClickCaptain2"：{
      "enabled"：true
    },
    "LR_ClickCaptain3"：{
      "enabled"：true
    },
    "LR_ClickCaptain4"：{
      "enabled"：true
    },
    "LR_ClickCaptain5"：{
      "enabled"：true
    }
  },
  {
    "LR_ClickTeam"：{
      "target"：[
        154,
        93,
        1,
        1
      ]
    }
  },
  {
    "LR_RunTeamSwitch"：{
      "custom_action_param"：{
        "team_config"："221222111"
      }
    }
  },
  {
    "LR_ClickDifficulty"：{
      "target"：[
        1132,
        328,
        1,
        1
      ]
    }
  }
]
[2026-07-03 20:19:26.553][INF] [cfg=Default][inst=配置 1/default][src=Worker][op=ExecuteTaskQueue] >>> 任务 启动任务开始（异步）。
[2026-07-03 20:19:26.555][INF] [cfg=Default][inst=配置 1/default][src=Worker][op=ExecuteTaskQueue] >>> 任务 启动附加开始脚本开始（异步）。
[2026-07-03 20:19:26.555][INF] [cfg=Default][inst=配置 1/default][src=Worker][op=ExecuteTaskQueue] >>> 任务 启动附加开始脚本完成（异步）。
[2026-07-03 20:19:26.558][INF] [cfg=Default][inst=配置 1/default][src=Worker][op=ExecuteTaskQueue] >>> 任务 截图测试开始（异步）。
[2026-07-03 20:19:26.578][INF] [cfg=Default][inst=配置 1/default][src=Worker][op=ExecuteTaskQueue] >>> 任务 截图测试完成（异步）。
[2026-07-03 20:19:26.578][INF] [cfg=Default][inst=配置 1/default][src=Monitor][op=MonitorLog] 截图耗时：9ms(EmulatorExtras)
[2026-07-03 20:19:26.588][INF] [cfg=Default][inst=配置 1/default][src=Monitor][op=MonitorLog] 开始任务：陆联
[2026-07-03 20:19:26.590][INF] [cfg=Default][inst=配置 1/default][src=Worker][op=ExecuteTaskQueue] >>> 任务 队列任务开始（异步）。
[2026-07-03 20:21:31.438][INF] [cfg=Default][inst=配置 1/default][src=Worker][op=StopTask] 停止前状态：NOT_STARTED
[2026-07-03 20:21:31.444][INF] [cfg=Default][inst=配置 1/default][src=Worker][op=StopTask] >>> 任务 停止maafw任务开始（异步）。
[2026-07-03 20:21:31.445][INF] [cfg=Default][inst=配置 1/default][src=Worker][op=StopTask] 正在尝试停止任务执行器，第 1 次。
[2026-07-03 20:21:31.445][INF] [cfg=Default][inst=配置 1/default][src=Worker][op=ExecuteTaskQueue] >>> 任务 队列任务完成（异步）。
[2026-07-03 20:21:31.445][INF] [cfg=Default][inst=配置 1/default][src=Monitor][op=MonitorLog] 正在停止......
[2026-07-03 20:21:31.446][INF] [cfg=Default][inst=配置 1/default][src=Worker][op=ExecuteTaskQueue] >>> 任务 启动任务完成（异步）。
[2026-07-03 20:21:31.448][INF] [cfg=Default][inst=配置 1/default][src=Monitor][op=MonitorLog] 任务运行失败！
[2026-07-03 20:21:31.450][INF] [cfg=Default][inst=配置 1/default][src=Worker][op=StopTask] 停止前状态：STOPPED
[2026-07-03 20:21:31.450][INF] [cfg=Default][inst=配置 1/default][src=Worker][op=StopTask] >>> 任务 停止maafw任务开始（异步）。
[2026-07-03 20:21:31.451][INF] [cfg=Default][inst=配置 1/default][src=Worker][op=StopTask] >>> 任务 Action开始。
[2026-07-03 20:21:31.451][INF] [cfg=Default][inst=配置 1/default][src=Worker][op=StopTask] >>> 任务 Action完成。
[2026-07-03 20:21:31.813][INF] [cfg=Default][inst=配置 1/default][src=Worker][op=StopTask] 第 1 次停止任务执行器返回：Succeeded，准备重试。
[2026-07-03 20:21:31.853][INF] [cfg=Default][inst=配置 1/default][src=Monitor][op=MonitorLog] 已放弃本次任务
[2026-07-03 20:21:38.974][INF] [cfg=Default][inst=配置 1/default][src=UI][op=StartTask] 用户操作：启动任务 | controller=Adb, resource=刀剑乱舞, device=MuMu安卓设备-MuMuPlayer12 v5（127.0.0.1:16384), selectedTasks=1 [陆联]
[2026-07-03 20:21:38.985][INF] [cfg=Default][inst=配置 1/default][src=Worker][op=ExecuteTaskQueue] 准备执行任务队列：任务数量=1
[2026-07-03 20:21:38.987][INF] [cfg=Default][inst=配置 1/default][src=Worker][op=ExecuteTaskQueue] [任务管线合并] 任务#1 名称=[陆联] 入口=[LRentaisen] 参数=[
  {},
  {
    "LR_IsSwordSelect"：{
      "enabled"：true
    },
    "LR_ClickCaptainSlot"：{
      "enabled"：true
    },
    "LR_DetectSortOrder"：{
      "enabled"：true
    },
    "LR_ClickDescending"：{
      "enabled"：true
    },
    "LR_ConfirmSortAsc"：{
      "enabled"：true
    },
    "LR_ClickCaptain1"：{
      "enabled"：true
    },
    "LR_ClickCaptain2"：{
      "enabled"：true
    },
    "LR_ClickCaptain3"：{
      "enabled"：true
    },
    "LR_ClickCaptain4"：{
      "enabled"：true
    },
    "LR_ClickCaptain5"：{
      "enabled"：true
    }
  },
  {
    "LR_ClickTeam"：{
      "target"：[
        154,
        93,
        1,
        1
      ]
    }
  },
  {
    "LR_RunTeamSwitch"：{
      "custom_action_param"：{
        "team_config"："221222111"
      }
    }
  },
  {
    "LR_ClickDifficulty"：{
      "target"：[
        1132,
        328,
        1,
        1
      ]
    }
  }
]
[2026-07-03 20:21:39.073][INF] [cfg=Default][inst=配置 1/default][src=Worker][op=ExecuteTaskQueue] >>> 任务 启动任务开始（异步）。
[2026-07-03 20:21:39.074][INF] [cfg=Default][inst=配置 1/default][src=Worker][op=ExecuteTaskQueue] >>> 任务 启动附加开始脚本开始（异步）。
[2026-07-03 20:21:39.074][INF] [cfg=Default][inst=配置 1/default][src=Worker][op=ExecuteTaskQueue] >>> 任务 启动附加开始脚本完成（异步）。
[2026-07-03 20:21:39.076][INF] [cfg=Default][inst=配置 1/default][src=Worker][op=ExecuteTaskQueue] >>> 任务 截图测试开始（异步）。
[2026-07-03 20:21:39.088][INF] [cfg=Default][inst=配置 1/default][src=Worker][op=ExecuteTaskQueue] >>> 任务 截图测试完成（异步）。
[2026-07-03 20:21:39.089][INF] [cfg=Default][inst=配置 1/default][src=Monitor][op=MonitorLog] 截图耗时：5ms(EmulatorExtras)
[2026-07-03 20:21:39.090][INF] [cfg=Default][inst=配置 1/default][src=Monitor][op=MonitorLog] 开始任务：陆联
[2026-07-03 20:21:39.092][INF] [cfg=Default][inst=配置 1/default][src=Worker][op=ExecuteTaskQueue] >>> 任务 队列任务开始（异步）。
[2026-07-03 20:21:55.746][INF] [cfg=Default][inst=配置 1/default][src=Worker][op=StopTask] 停止前状态：NOT_STARTED
[2026-07-03 20:21:55.750][INF] [cfg=Default][inst=配置 1/default][src=Worker][op=StopTask] >>> 任务 停止maafw任务开始（异步）。
[2026-07-03 20:21:55.750][INF] [cfg=Default][inst=配置 1/default][src=Worker][op=StopTask] 正在尝试停止任务执行器，第 1 次。
[2026-07-03 20:21:55.750][INF] [cfg=Default][inst=配置 1/default][src=Worker][op=ExecuteTaskQueue] >>> 任务 队列任务完成（异步）。
[2026-07-03 20:21:55.751][INF] [cfg=Default][inst=配置 1/default][src=Monitor][op=MonitorLog] 正在停止......
[2026-07-03 20:21:55.751][INF] [cfg=Default][inst=配置 1/default][src=Worker][op=ExecuteTaskQueue] >>> 任务 启动任务完成（异步）。
[2026-07-03 20:21:55.751][INF] [cfg=Default][inst=配置 1/default][src=Monitor][op=MonitorLog] 任务运行失败！
[2026-07-03 20:21:55.752][INF] [cfg=Default][inst=配置 1/default][src=Worker][op=StopTask] 停止前状态：STOPPED
[2026-07-03 20:21:55.752][INF] [cfg=Default][inst=配置 1/default][src=Worker][op=StopTask] >>> 任务 停止maafw任务开始（异步）。
[2026-07-03 20:21:55.752][INF] [cfg=Default][inst=配置 1/default][src=Worker][op=StopTask] >>> 任务 Action开始。
[2026-07-03 20:21:55.752][INF] [cfg=Default][inst=配置 1/default][src=Worker][op=StopTask] >>> 任务 Action完成。
[2026-07-03 20:21:55.900][INF] [cfg=Default][inst=配置 1/default][src=Worker][op=StopTask] 第 1 次停止任务执行器返回：Succeeded，准备重试。
[2026-07-03 20:21:56.154][INF] [cfg=Default][inst=配置 1/default][src=Monitor][op=MonitorLog] 已放弃本次任务
[2026-07-03 20:22:33.350][INF] [cfg=Default][inst=配置 1/default][src=UI][op=StartTask] 用户操作：启动任务 | controller=Adb, resource=刀剑乱舞, device=MuMu安卓设备-MuMuPlayer12 v5（127.0.0.1:16384), selectedTasks=1 [陆联]
[2026-07-03 20:22:33.371][INF] [cfg=Default][inst=配置 1/default][src=Worker][op=ExecuteTaskQueue] 准备执行任务队列：任务数量=1
[2026-07-03 20:22:33.374][INF] [cfg=Default][inst=配置 1/default][src=Worker][op=ExecuteTaskQueue] [任务管线合并] 任务#1 名称=[陆联] 入口=[LRentaisen] 参数=[
  {},
  {
    "LR_IsSwordSelect"：{
      "enabled"：true
    },
    "LR_ClickCaptainSlot"：{
      "enabled"：true
    },
    "LR_DetectSortOrder"：{
      "enabled"：true
    },
    "LR_ClickDescending"：{
      "enabled"：true
    },
    "LR_ConfirmSortAsc"：{
      "enabled"：true
    },
    "LR_ClickCaptain1"：{
      "enabled"：true
    },
    "LR_ClickCaptain2"：{
      "enabled"：true
    },
    "LR_ClickCaptain3"：{
      "enabled"：true
    },
    "LR_ClickCaptain4"：{
      "enabled"：true
    },
    "LR_ClickCaptain5"：{
      "enabled"：true
    }
  },
  {
    "LR_ClickSwitchTeam"：{
      "enabled"：true
    },
    "LR_RunTeamSwitch"：{
      "enabled"：true
    }
  },
  {
    "LR_ClickTeam"：{
      "target"：[
        154,
        93,
        1,
        1
      ]
    }
  },
  {
    "LR_RunTeamSwitch"：{
      "custom_action_param"：{
        "team_config"："221222111"
      }
    }
  },
  {
    "LR_ClickDifficulty"：{
      "target"：[
        1132,
        328,
        1,
        1
      ]
    }
  }
]
[2026-07-03 20:22:33.502][INF] [cfg=Default][inst=配置 1/default][src=Worker][op=ExecuteTaskQueue] >>> 任务 启动任务开始（异步）。
[2026-07-03 20:22:33.503][INF] [cfg=Default][inst=配置 1/default][src=Worker][op=ExecuteTaskQueue] >>> 任务 启动附加开始脚本开始（异步）。
[2026-07-03 20:22:33.503][INF] [cfg=Default][inst=配置 1/default][src=Worker][op=ExecuteTaskQueue] >>> 任务 启动附加开始脚本完成（异步）。
[2026-07-03 20:22:33.505][INF] [cfg=Default][inst=配置 1/default][src=Worker][op=ExecuteTaskQueue] >>> 任务 截图测试开始（异步）。
[2026-07-03 20:22:33.523][INF] [cfg=Default][inst=配置 1/default][src=Worker][op=ExecuteTaskQueue] >>> 任务 截图测试完成（异步）。
[2026-07-03 20:22:33.523][INF] [cfg=Default][inst=配置 1/default][src=Monitor][op=MonitorLog] 截图耗时：8ms(EmulatorExtras)
[2026-07-03 20:22:33.526][INF] [cfg=Default][inst=配置 1/default][src=Monitor][op=MonitorLog] 开始任务：陆联
[2026-07-03 20:22:33.528][INF] [cfg=Default][inst=配置 1/default][src=Worker][op=ExecuteTaskQueue] >>> 任务 队列任务开始（异步）。
[2026-07-03 20:22:36.085][INF] [cfg=Default] [TeamSwitch] 队伍配置：221222111
[2026-07-03 20:22:36.136][INF] [cfg=Default] 识别结果：9
[2026-07-03 20:22:36.136][INF] [cfg=Default] [TeamSwitch] 轮次 OCR 结果：'9'（第1次)
[2026-07-03 20:22:36.136][INF] [cfg=Default] [TeamSwitch] 剩余9轮(即将第2轮）→ 部队2
[2026-07-03 20:22:37.796][INF] [cfg=Default] [TeamSwitch] 换队完成：第2轮 → 部队2
[2026-07-03 20:22:58.064][INF] [cfg=Default][inst=配置 1/default][src=Worker][op=ExecuteTaskQueue] >>> 任务 队列任务完成（异步）。
[2026-07-03 20:22:58.065][INF] [cfg=Default][inst=配置 1/default][src=Monitor][op=MonitorLog] 任务运行失败！
[2026-07-03 20:22:58.566][INF] [cfg=Default][inst=配置 1/default][src=Monitor][op=MonitorLog] 开始任务：陆联
[2026-07-03 20:22:58.568][INF] [cfg=Default][inst=配置 1/default][src=Worker][op=ExecuteTaskQueue] >>> 任务 队列任务开始（异步）。
[2026-07-03 20:23:01.065][INF] [cfg=Default] [TeamSwitch] 队伍配置：221222111
[2026-07-03 20:23:01.098][INF] [cfg=Default] 识别结果：9
[2026-07-03 20:23:01.098][INF] [cfg=Default] [TeamSwitch] 轮次 OCR 结果：'9'（第1次)
[2026-07-03 20:23:01.098][INF] [cfg=Default] [TeamSwitch] 剩余9轮(即将第2轮）→ 部队2
[2026-07-03 20:23:02.759][INF] [cfg=Default] [TeamSwitch] 换队完成：第2轮 → 部队2
[2026-07-03 20:23:02.990][INF] [cfg=Default][inst=配置 1/default][src=Worker][op=StopTask] 停止前状态：NOT_STARTED
[2026-07-03 20:23:02.995][INF] [cfg=Default][inst=配置 1/default][src=Worker][op=StopTask] >>> 任务 停止maafw任务开始（异步）。
[2026-07-03 20:23:02.996][INF] [cfg=Default][inst=配置 1/default][src=Worker][op=StopTask] 正在尝试停止任务执行器，第 1 次。
[2026-07-03 20:23:02.996][INF] [cfg=Default][inst=配置 1/default][src=Worker][op=ExecuteTaskQueue] >>> 任务 队列任务完成（异步）。
[2026-07-03 20:23:02.996][INF] [cfg=Default][inst=配置 1/default][src=Worker][op=ExecuteTaskQueue] >>> 任务 启动任务完成（异步）。
[2026-07-03 20:23:02.997][INF] [cfg=Default][inst=配置 1/default][src=Monitor][op=MonitorLog] 任务运行失败！
[2026-07-03 20:23:02.998][INF] [cfg=Default][inst=配置 1/default][src=Monitor][op=MonitorLog] 正在停止......
[2026-07-03 20:23:03.002][INF] [cfg=Default][inst=配置 1/default][src=Worker][op=StopTask] 停止前状态：STOPPED
[2026-07-03 20:23:03.002][INF] [cfg=Default][inst=配置 1/default][src=Worker][op=StopTask] >>> 任务 停止maafw任务开始（异步）。
[2026-07-03 20:23:03.002][INF] [cfg=Default][inst=配置 1/default][src=Worker][op=StopTask] >>> 任务 Action开始。
[2026-07-03 20:23:03.002][INF] [cfg=Default][inst=配置 1/default][src=Worker][op=StopTask] >>> 任务 Action完成。
[2026-07-03 20:23:03.406][INF] [cfg=Default][inst=配置 1/default][src=Monitor][op=MonitorLog] 已放弃本次任务
[2026-07-03 20:23:03.420][INF] [cfg=Default][inst=配置 1/default][src=Worker][op=StopTask] 第 1 次停止任务执行器返回：Succeeded，准备重试。
[2026-07-03 20:29:07.755][INF] [cfg=Default][inst=配置 1/default][src=UI][op=StartTask] 用户操作：启动任务 | controller=Adb, resource=刀剑乱舞, device=MuMu安卓设备-MuMuPlayer12 v5（127.0.0.1:16384), selectedTasks=1 [陆联]
[2026-07-03 20:29:07.773][INF] [cfg=Default][inst=配置 1/default][src=Worker][op=ExecuteTaskQueue] 准备执行任务队列：任务数量=1
[2026-07-03 20:29:07.774][INF] [cfg=Default][inst=配置 1/default][src=Worker][op=ExecuteTaskQueue] [任务管线合并] 任务#1 名称=[陆联] 入口=[LRentaisen] 参数=[
  {},
  {
    "LR_IsSwordSelect"：{
      "enabled"：true
    },
    "LR_ClickCaptainSlot"：{
      "enabled"：true
    },
    "LR_DetectSortOrder"：{
      "enabled"：true
    },
    "LR_ClickDescending"：{
      "enabled"：true
    },
    "LR_ConfirmSortAsc"：{
      "enabled"：true
    },
    "LR_ClickCaptain1"：{
      "enabled"：true
    },
    "LR_ClickCaptain2"：{
      "enabled"：true
    },
    "LR_ClickCaptain3"：{
      "enabled"：true
    },
    "LR_ClickCaptain4"：{
      "enabled"：true
    },
    "LR_ClickCaptain5"：{
      "enabled"：true
    }
  },
  {
    "LR_ClickSwitchTeam"：{
      "enabled"：true
    },
    "LR_RunTeamSwitch"：{
      "enabled"：true
    }
  },
  {
    "LR_ClickTeam"：{
      "target"：[
        154,
        93,
        1,
        1
      ]
    }
  },
  {
    "LR_RunTeamSwitch"：{
      "custom_action_param"：{
        "team_config"："221222111"
      }
    }
  },
  {
    "LR_ClickDifficulty"：{
      "target"：[
        1132,
        328,
        1,
        1
      ]
    }
  }
]
[2026-07-03 20:29:07.858][INF] [cfg=Default][inst=配置 1/default][src=Worker][op=ExecuteTaskQueue] >>> 任务 启动任务开始（异步）。
[2026-07-03 20:29:07.859][INF] [cfg=Default][inst=配置 1/default][src=Worker][op=ExecuteTaskQueue] >>> 任务 启动附加开始脚本开始（异步）。
[2026-07-03 20:29:07.859][INF] [cfg=Default][inst=配置 1/default][src=Worker][op=ExecuteTaskQueue] >>> 任务 启动附加开始脚本完成（异步）。
[2026-07-03 20:29:07.859][INF] [cfg=Default][inst=配置 1/default][src=Worker][op=ExecuteTaskQueue] >>> 任务 截图测试开始（异步）。
[2026-07-03 20:29:07.873][INF] [cfg=Default][inst=配置 1/default][src=Worker][op=ExecuteTaskQueue] >>> 任务 截图测试完成（异步）。
[2026-07-03 20:29:07.874][INF] [cfg=Default][inst=配置 1/default][src=Monitor][op=MonitorLog] 截图耗时：6ms(EmulatorExtras)
[2026-07-03 20:29:07.878][INF] [cfg=Default][inst=配置 1/default][src=Monitor][op=MonitorLog] 开始任务：陆联
[2026-07-03 20:29:07.881][INF] [cfg=Default][inst=配置 1/default][src=Worker][op=ExecuteTaskQueue] >>> 任务 队列任务开始（异步）。
[2026-07-03 20:29:10.171][INF] [cfg=Default][inst=配置 1/default][src=Worker][op=StopTask] 停止前状态：NOT_STARTED
[2026-07-03 20:29:10.174][INF] [cfg=Default][inst=配置 1/default][src=Worker][op=StopTask] >>> 任务 停止maafw任务开始（异步）。
[2026-07-03 20:29:10.174][INF] [cfg=Default][inst=配置 1/default][src=Worker][op=StopTask] 正在尝试停止任务执行器，第 1 次。
[2026-07-03 20:29:10.174][INF] [cfg=Default][inst=配置 1/default][src=Worker][op=ExecuteTaskQueue] >>> 任务 队列任务完成（异步）。
[2026-07-03 20:29:10.174][INF] [cfg=Default][inst=配置 1/default][src=Worker][op=ExecuteTaskQueue] >>> 任务 启动任务完成（异步）。
[2026-07-03 20:29:10.174][INF] [cfg=Default][inst=配置 1/default][src=Monitor][op=MonitorLog] 正在停止......
[2026-07-03 20:29:10.175][INF] [cfg=Default][inst=配置 1/default][src=Monitor][op=MonitorLog] 任务运行失败！
[2026-07-03 20:29:10.176][INF] [cfg=Default][inst=配置 1/default][src=Worker][op=StopTask] 停止前状态：STOPPED
[2026-07-03 20:29:10.176][INF] [cfg=Default][inst=配置 1/default][src=Worker][op=StopTask] >>> 任务 停止maafw任务开始（异步）。
[2026-07-03 20:29:10.176][INF] [cfg=Default][inst=配置 1/default][src=Worker][op=StopTask] >>> 任务 Action开始。
[2026-07-03 20:29:10.176][INF] [cfg=Default][inst=配置 1/default][src=Worker][op=StopTask] >>> 任务 Action完成。
[2026-07-03 20:29:10.181][INF] [cfg=Default][inst=配置 1/default][src=Worker][op=StopTask] 第 1 次停止任务执行器返回：Succeeded，准备重试。
[2026-07-03 20:29:10.577][INF] [cfg=Default][inst=配置 1/default][src=Monitor][op=MonitorLog] 已放弃本次任务
[2026-07-03 20:30:21.779][INF] [cfg=Default][inst=配置 1/default][src=UI][op=StartTask] 用户操作：启动任务 | controller=Adb, resource=刀剑乱舞, device=MuMu安卓设备-MuMuPlayer12 v5（127.0.0.1:16384), selectedTasks=1 [陆联]
[2026-07-03 20:30:21.795][INF] [cfg=Default][inst=配置 1/default][src=Worker][op=ExecuteTaskQueue] 准备执行任务队列：任务数量=1
[2026-07-03 20:30:21.797][INF] [cfg=Default][inst=配置 1/default][src=Worker][op=ExecuteTaskQueue] [任务管线合并] 任务#1 名称=[陆联] 入口=[LRentaisen] 参数=[
  {},
  {
    "LR_IsSwordSelect"：{
      "enabled"：true
    },
    "LR_ClickCaptainSlot"：{
      "enabled"：true
    },
    "LR_DetectSortOrder"：{
      "enabled"：true
    },
    "LR_ClickDescending"：{
      "enabled"：true
    },
    "LR_ConfirmSortAsc"：{
      "enabled"：true
    },
    "LR_ClickCaptain1"：{
      "enabled"：true
    },
    "LR_ClickCaptain2"：{
      "enabled"：true
    },
    "LR_ClickCaptain3"：{
      "enabled"：true
    },
    "LR_ClickCaptain4"：{
      "enabled"：true
    },
    "LR_ClickCaptain5"：{
      "enabled"：true
    }
  },
  {
    "LR_ClickTeam"：{
      "target"：[
        154,
        93,
        1,
        1
      ]
    }
  },
  {
    "LR_RunTeamSwitch"：{
      "custom_action_param"：{
        "team_config"："221222111"
      }
    }
  },
  {
    "LR_ClickDifficulty"：{
      "target"：[
        1132,
        328,
        1,
        1
      ]
    }
  }
]
[2026-07-03 20:30:21.890][INF] [cfg=Default][inst=配置 1/default][src=Worker][op=ExecuteTaskQueue] >>> 任务 启动任务开始（异步）。
[2026-07-03 20:30:21.892][INF] [cfg=Default][inst=配置 1/default][src=Worker][op=ExecuteTaskQueue] >>> 任务 启动附加开始脚本开始（异步）。
[2026-07-03 20:30:21.893][INF] [cfg=Default][inst=配置 1/default][src=Worker][op=ExecuteTaskQueue] >>> 任务 启动附加开始脚本完成（异步）。
[2026-07-03 20:30:21.895][INF] [cfg=Default][inst=配置 1/default][src=Worker][op=ExecuteTaskQueue] >>> 任务 截图测试开始（异步）。
[2026-07-03 20:30:21.912][INF] [cfg=Default][inst=配置 1/default][src=Worker][op=ExecuteTaskQueue] >>> 任务 截图测试完成（异步）。
[2026-07-03 20:30:21.912][INF] [cfg=Default][inst=配置 1/default][src=Monitor][op=MonitorLog] 截图耗时：8ms(EmulatorExtras)
[2026-07-03 20:30:21.918][INF] [cfg=Default][inst=配置 1/default][src=Monitor][op=MonitorLog] 开始任务：陆联
[2026-07-03 20:30:21.920][INF] [cfg=Default][inst=配置 1/default][src=Worker][op=ExecuteTaskQueue] >>> 任务 队列任务开始（异步）。
[2026-07-03 20:32:53.770][INF] [cfg=Default][inst=配置 1/default][src=Worker][op=ExecuteTaskQueue] >>> 任务 队列任务完成（异步）。
[2026-07-03 20:32:53.772][INF] [cfg=Default][inst=配置 1/default][src=Monitor][op=MonitorLog] 任务已完成
[2026-07-03 20:32:53.917][INF] [cfg=Default][inst=配置 1/default][src=Worker][op=StopTask] 停止前状态：NOT_STARTED
[2026-07-03 20:32:53.919][INF] [cfg=Default][inst=配置 1/default][src=Worker][op=ExecuteTaskQueue] >>> 任务 启动任务完成（异步）。
[2026-07-03 20:32:53.925][INF] [cfg=Default][inst=配置 1/default][src=Worker][op=StopTask] >>> 任务 停止maafw任务开始（异步）。
[2026-07-03 20:32:53.925][INF] [cfg=Default][inst=配置 1/default][src=Worker][op=StopTask] >>> 任务 Action开始。
[2026-07-03 20:32:53.925][INF] [cfg=Default][inst=配置 1/default][src=Worker][op=StopTask] >>> 任务 Action完成。
[2026-07-03 20:32:53.925][INF] [cfg=Default][inst=配置 1/default][src=Monitor][op=MonitorLog] 正在停止......
[2026-07-03 20:32:53.927][INF] [cfg=Default][inst=配置 1/default][src=Worker][op=StopTask] 停止前状态：STOPPED
[2026-07-03 20:32:53.927][INF] [cfg=Default][inst=配置 1/default][src=Worker][op=StopTask] >>> 任务 停止maafw任务开始（异步）。
[2026-07-03 20:32:54.328][INF] [cfg=Default][inst=配置 1/default][src=Monitor][op=MonitorLog] 已放弃本次任务
[2026-07-03 20:33:10.955][INF] [cfg=Default][inst=配置 1/default][src=UI][op=StartTask] 用户操作：启动任务 | controller=Adb, resource=刀剑乱舞, device=MuMu安卓设备-MuMuPlayer12 v5（127.0.0.1:16384), selectedTasks=1 [陆联]
[2026-07-03 20:33:10.976][INF] [cfg=Default][inst=配置 1/default][src=Worker][op=ExecuteTaskQueue] 准备执行任务队列：任务数量=1
[2026-07-03 20:33:10.978][INF] [cfg=Default][inst=配置 1/default][src=Worker][op=ExecuteTaskQueue] [任务管线合并] 任务#1 名称=[陆联] 入口=[LRentaisen] 参数=[
  {},
  {
    "LR_IsSwordSelect"：{
      "enabled"：true
    },
    "LR_ClickCaptainSlot"：{
      "enabled"：true
    },
    "LR_DetectSortOrder"：{
      "enabled"：true
    },
    "LR_ClickDescending"：{
      "enabled"：true
    },
    "LR_ConfirmSortAsc"：{
      "enabled"：true
    },
    "LR_ClickCaptain1"：{
      "enabled"：true
    },
    "LR_ClickCaptain2"：{
      "enabled"：true
    },
    "LR_ClickCaptain3"：{
      "enabled"：true
    },
    "LR_ClickCaptain4"：{
      "enabled"：true
    },
    "LR_ClickCaptain5"：{
      "enabled"：true
    }
  },
  {
    "LR_ClickTeam"：{
      "target"：[
        154,
        93,
        1,
        1
      ]
    }
  },
  {
    "LR_RunTeamSwitch"：{
      "custom_action_param"：{
        "team_config"："221222111"
      }
    }
  },
  {
    "LR_ClickDifficulty"：{
      "target"：[
        1132,
        328,
        1,
        1
      ]
    }
  }
]
[2026-07-03 20:33:11.062][INF] [cfg=Default][inst=配置 1/default][src=Worker][op=ExecuteTaskQueue] >>> 任务 启动任务开始（异步）。
[2026-07-03 20:33:11.062][INF] [cfg=Default][inst=配置 1/default][src=Worker][op=ExecuteTaskQueue] >>> 任务 启动附加开始脚本开始（异步）。
[2026-07-03 20:33:11.062][INF] [cfg=Default][inst=配置 1/default][src=Worker][op=ExecuteTaskQueue] >>> 任务 启动附加开始脚本完成（异步）。
[2026-07-03 20:33:11.063][INF] [cfg=Default][inst=配置 1/default][src=Worker][op=ExecuteTaskQueue] >>> 任务 截图测试开始（异步）。
[2026-07-03 20:33:11.080][INF] [cfg=Default][inst=配置 1/default][src=Worker][op=ExecuteTaskQueue] >>> 任务 截图测试完成（异步）。
[2026-07-03 20:33:11.081][INF] [cfg=Default][inst=配置 1/default][src=Monitor][op=MonitorLog] 截图耗时：8ms(EmulatorExtras)
[2026-07-03 20:33:11.085][INF] [cfg=Default][inst=配置 1/default][src=Monitor][op=MonitorLog] 开始任务：陆联
[2026-07-03 20:33:11.088][INF] [cfg=Default][inst=配置 1/default][src=Worker][op=ExecuteTaskQueue] >>> 任务 队列任务开始（异步）。
[2026-07-03 20:34:03.900][INF] [cfg=Default][inst=配置 1/default][src=Worker][op=StopTask] 停止前状态：NOT_STARTED
[2026-07-03 20:34:03.903][INF] [cfg=Default][inst=配置 1/default][src=Worker][op=StopTask] >>> 任务 停止maafw任务开始（异步）。
[2026-07-03 20:34:03.904][INF] [cfg=Default][inst=配置 1/default][src=Worker][op=StopTask] 正在尝试停止任务执行器，第 1 次。
[2026-07-03 20:34:03.904][INF] [cfg=Default][inst=配置 1/default][src=Worker][op=ExecuteTaskQueue] >>> 任务 队列任务完成（异步）。
[2026-07-03 20:34:03.904][INF] [cfg=Default][inst=配置 1/default][src=Worker][op=ExecuteTaskQueue] >>> 任务 启动任务完成（异步）。
[2026-07-03 20:34:03.904][INF] [cfg=Default][inst=配置 1/default][src=Monitor][op=MonitorLog] 正在停止......
[2026-07-03 20:34:03.905][INF] [cfg=Default][inst=配置 1/default][src=Monitor][op=MonitorLog] 任务运行失败！
[2026-07-03 20:34:03.906][INF] [cfg=Default][inst=配置 1/default][src=Worker][op=StopTask] 停止前状态：STOPPED
[2026-07-03 20:34:03.906][INF] [cfg=Default][inst=配置 1/default][src=Worker][op=StopTask] >>> 任务 停止maafw任务开始（异步）。
[2026-07-03 20:34:03.906][INF] [cfg=Default][inst=配置 1/default][src=Worker][op=StopTask] >>> 任务 Action开始。
[2026-07-03 20:34:03.906][INF] [cfg=Default][inst=配置 1/default][src=Worker][op=StopTask] >>> 任务 Action完成。
[2026-07-03 20:34:03.947][INF] [cfg=Default][inst=配置 1/default][src=Worker][op=StopTask] 第 1 次停止任务执行器返回：Succeeded，准备重试。
[2026-07-03 20:34:04.309][INF] [cfg=Default][inst=配置 1/default][src=Monitor][op=MonitorLog] 已放弃本次任务
[2026-07-03 20:34:05.997][INF] [cfg=Default][inst=配置 1/default][src=UI][op=StartTask] 用户操作：启动任务 | controller=Adb, resource=刀剑乱舞, device=MuMu安卓设备-MuMuPlayer12 v5（127.0.0.1:16384), selectedTasks=1 [陆联]
[2026-07-03 20:34:06.013][INF] [cfg=Default][inst=配置 1/default][src=Worker][op=ExecuteTaskQueue] 准备执行任务队列：任务数量=1
[2026-07-03 20:34:06.015][INF] [cfg=Default][inst=配置 1/default][src=Worker][op=ExecuteTaskQueue] [任务管线合并] 任务#1 名称=[陆联] 入口=[LRentaisen] 参数=[
  {},
  {
    "LR_IsSwordSelect"：{
      "enabled"：true
    },
    "LR_ClickCaptainSlot"：{
      "enabled"：true
    },
    "LR_DetectSortOrder"：{
      "enabled"：true
    },
    "LR_ClickDescending"：{
      "enabled"：true
    },
    "LR_ConfirmSortAsc"：{
      "enabled"：true
    },
    "LR_ClickCaptain1"：{
      "enabled"：true
    },
    "LR_ClickCaptain2"：{
      "enabled"：true
    },
    "LR_ClickCaptain3"：{
      "enabled"：true
    },
    "LR_ClickCaptain4"：{
      "enabled"：true
    },
    "LR_ClickCaptain5"：{
      "enabled"：true
    }
  },
  {
    "LR_ClickSwitchTeam"：{
      "enabled"：true
    },
    "LR_RunTeamSwitch"：{
      "enabled"：true
    }
  },
  {
    "LR_ClickTeam"：{
      "target"：[
        154,
        93,
        1,
        1
      ]
    }
  },
  {
    "LR_RunTeamSwitch"：{
      "custom_action_param"：{
        "team_config"："221222111"
      }
    }
  },
  {
    "LR_ClickDifficulty"：{
      "target"：[
        1132,
        328,
        1,
        1
      ]
    }
  }
]
[2026-07-03 20:34:06.083][INF] [cfg=Default][inst=配置 1/default][src=Worker][op=ExecuteTaskQueue] >>> 任务 启动任务开始（异步）。
[2026-07-03 20:34:06.084][INF] [cfg=Default][inst=配置 1/default][src=Worker][op=ExecuteTaskQueue] >>> 任务 启动附加开始脚本开始（异步）。
[2026-07-03 20:34:06.084][INF] [cfg=Default][inst=配置 1/default][src=Worker][op=ExecuteTaskQueue] >>> 任务 启动附加开始脚本完成（异步）。
[2026-07-03 20:34:06.085][INF] [cfg=Default][inst=配置 1/default][src=Worker][op=ExecuteTaskQueue] >>> 任务 截图测试开始（异步）。
[2026-07-03 20:34:06.104][INF] [cfg=Default][inst=配置 1/default][src=Worker][op=ExecuteTaskQueue] >>> 任务 截图测试完成（异步）。
[2026-07-03 20:34:06.104][INF] [cfg=Default][inst=配置 1/default][src=Monitor][op=MonitorLog] 截图耗时：8ms(EmulatorExtras)
[2026-07-03 20:34:06.107][INF] [cfg=Default][inst=配置 1/default][src=Monitor][op=MonitorLog] 开始任务：陆联
[2026-07-03 20:34:06.108][INF] [cfg=Default][inst=配置 1/default][src=Worker][op=ExecuteTaskQueue] >>> 任务 队列任务开始（异步）。
[2026-07-03 20:34:13.415][INF] [cfg=Default] [TeamSwitch] 队伍配置：221222111
[2026-07-03 20:34:13.443][INF] [cfg=Default] 识别结果：8
[2026-07-03 20:34:13.443][INF] [cfg=Default] [TeamSwitch] 轮次 OCR 结果：'8'（第1次)
[2026-07-03 20:34:13.443][INF] [cfg=Default] [TeamSwitch] 剩余8轮(即将第3轮）→ 部队2
[2026-07-03 20:34:15.103][INF] [cfg=Default] [TeamSwitch] 换队完成：第3轮 → 部队2
[2026-07-03 20:34:35.361][INF] [cfg=Default][inst=配置 1/default][src=Worker][op=ExecuteTaskQueue] >>> 任务 队列任务完成（异步）。
[2026-07-03 20:34:35.361][INF] [cfg=Default][inst=配置 1/default][src=Monitor][op=MonitorLog] 任务运行失败！
[2026-07-03 20:34:35.862][INF] [cfg=Default][inst=配置 1/default][src=Monitor][op=MonitorLog] 开始任务：陆联
[2026-07-03 20:34:35.863][INF] [cfg=Default][inst=配置 1/default][src=Worker][op=ExecuteTaskQueue] >>> 任务 队列任务开始（异步）。
[2026-07-03 20:34:38.322][INF] [cfg=Default] [TeamSwitch] 队伍配置：221222111
[2026-07-03 20:34:38.346][INF] [cfg=Default] 识别结果：8
[2026-07-03 20:34:38.346][INF] [cfg=Default] [TeamSwitch] 轮次 OCR 结果：'8'（第1次)
[2026-07-03 20:34:38.346][INF] [cfg=Default] [TeamSwitch] 剩余8轮(即将第3轮）→ 部队2
[2026-07-03 20:34:38.438][INF] [cfg=Default][inst=配置 1/default][src=Worker][op=StopTask] 停止前状态：NOT_STARTED
[2026-07-03 20:34:38.441][INF] [cfg=Default][inst=配置 1/default][src=Worker][op=StopTask] >>> 任务 停止maafw任务开始（异步）。
[2026-07-03 20:34:38.441][INF] [cfg=Default][inst=配置 1/default][src=Worker][op=StopTask] 正在尝试停止任务执行器，第 1 次。
[2026-07-03 20:34:38.441][INF] [cfg=Default][inst=配置 1/default][src=Worker][op=ExecuteTaskQueue] >>> 任务 队列任务完成（异步）。
[2026-07-03 20:34:38.441][INF] [cfg=Default][inst=配置 1/default][src=Monitor][op=MonitorLog] 正在停止......
[2026-07-03 20:34:38.441][INF] [cfg=Default][inst=配置 1/default][src=Worker][op=ExecuteTaskQueue] >>> 任务 启动任务完成（异步）。
[2026-07-03 20:34:38.442][INF] [cfg=Default][inst=配置 1/default][src=Monitor][op=MonitorLog] 任务运行失败！
[2026-07-03 20:34:38.443][INF] [cfg=Default][inst=配置 1/default][src=Worker][op=StopTask] 停止前状态：STOPPED
[2026-07-03 20:34:38.443][INF] [cfg=Default][inst=配置 1/default][src=Worker][op=StopTask] >>> 任务 停止maafw任务开始（异步）。
[2026-07-03 20:34:38.443][INF] [cfg=Default][inst=配置 1/default][src=Worker][op=StopTask] >>> 任务 Action开始。
[2026-07-03 20:34:38.443][INF] [cfg=Default][inst=配置 1/default][src=Worker][op=StopTask] >>> 任务 Action完成。
[2026-07-03 20:34:38.598][INF] [cfg=Default] [TeamSwitch] 手动停止
[2026-07-03 20:34:38.599][INF] [cfg=Default][inst=配置 1/default][src=Worker][op=StopTask] 第 1 次停止任务执行器返回：Succeeded，准备重试。
[2026-07-03 20:34:38.844][INF] [cfg=Default][inst=配置 1/default][src=Monitor][op=MonitorLog] 已放弃本次任务
[2026-07-03 20:35:25.146][INF] [cfg=Default] 应用已关闭
[2026-07-03 20:35:25.154][INF] [cfg=Default] 已释放自定义类目录监听器。
[2026-07-03 20:35:27.581][INF] 正在加载配置列表...
[2026-07-03 20:35:27.604][INF] 应用安装目录：D:\Claude_Workspace\AATL
[2026-07-03 20:35:27.604][INF] 应用数据目录：D:\Claude_Workspace\AATL
[2026-07-03 20:35:27.604][INF] 是否使用独立数据目录：False
[2026-07-03 20:35:27.604][INF] 配置目录：D:\Claude_Workspace\AATL\resource\config
[2026-07-03 20:35:27.604][INF] 是否使用本地配置目录：True
[2026-07-03 20:35:27.604][INF] 日志目录：D:\Claude_Workspace\AATL\debug\logs
[2026-07-03 20:35:27.604][INF] 备份文件数量：43
[2026-07-03 20:35:27.604][INF] 临时目录是否存在：True
[2026-07-03 20:35:27.604][INF] [cfg=Default] 应用安装目录：D:\Claude_Workspace\AATL
[2026-07-03 20:35:27.604][INF] [cfg=Default] 应用数据目录：D:\Claude_Workspace\AATL
[2026-07-03 20:35:27.604][INF] [cfg=Default] 是否使用独立数据目录：False
[2026-07-03 20:35:27.604][INF] [cfg=Default] 配置目录：D:\Claude_Workspace\AATL\resource\config
[2026-07-03 20:35:27.604][INF] [cfg=Default] 是否使用本地配置目录：True
[2026-07-03 20:35:27.604][INF] [cfg=Default] 日志目录：D:\Claude_Workspace\AATL\debug\logs
[2026-07-03 20:35:27.604][INF] [cfg=Default] 备份文件数量：43
[2026-07-03 20:35:27.604][INF] [cfg=Default] 临时目录是否存在：True
[2026-07-03 20:35:27.610][INF] [cfg=Default] 已通过 Windows API 添加 DLL 搜索目录：D:\Claude_Workspace\AATL\runtimes/libs
[2026-07-03 20:35:27.610][INF] [cfg=Default] 库解析器初始化完成：libsPath=D:\Claude_Workspace\AATL\runtimes/libs，目录存在=True
[2026-07-03 20:35:27.614][INF] [cfg=Default] 检测到 MaaFramework 运行时目录：数量=1，路径=[D:\Claude_Workspace\AATL\runtimes\win-x64\native]
[2026-07-03 20:35:27.616][INF] [cfg=Default] 启动参数：数量=0，内容=[]
[2026-07-03 20:35:27.617][INF] [cfg=Default] 程序版本：v2.12.2-beta.1
[2026-07-03 20:35:27.617][INF] [cfg=Default] .NET 运行时：.NET 10.0.8
[2026-07-03 20:35:28.121][INF] [cfg=Default] 开始初始化语言管理器。
[2026-07-03 20:35:28.248][INF] [cfg=Default] 当前配置：Default
[2026-07-03 20:35:28.288][INF] [cfg=Default] 已恢复系统休眠。
[2026-07-03 20:35:28.291][INF] [cfg=Default] 热键主进程选举：已成为主进程（创建了新的全局互斥锁）。
[2026-07-03 20:35:28.291][INF] [cfg=Default] 全局热键服务：作为主进程初始化。
[2026-07-03 20:35:28.302][INF] [cfg=Default] 热键 IPC 端口文件已保存：文件=C:\Users\Alouette\AppData\Local\Temp\MFAAvalonia\hotkey_ipc_port.txt
[2026-07-03 20:35:28.302][INF] [cfg=Default] 热键 IPC 服务端已启动：端口=52718
[2026-07-03 20:35:28.314][INF] [cfg=Default] [内存管理]释放了1.28 MB（31.0%)
[2026-07-03 20:35:28.369][WRN] [cfg=Default] 界面资源接口尚未初始化完成。
[2026-07-03 20:35:28.379][INF] [cfg=Default] [调试] instances 目录中实际存在的实例文件数量：1, ID列表：[default]
[2026-07-03 20:35:28.449][INF] [cfg=Default] 本地更新包按钮可见性已刷新：来源=config.Debug(string)，原始值=，解析结果=False
[2026-07-03 20:35:28.450][INF] [cfg=Default] 资源版本：0.5.4
[2026-07-03 20:35:28.450][INF] [cfg=Default] MaaFramework 版本：v5.11.1
[2026-07-03 20:35:28.505][INF] [cfg=Default] [懒加载] 已加载当天有定时任务的实例
[2026-07-03 20:35:28.564][INF] [cfg=Default] 窗口大小已加载：宽度=1028，高度=650
[2026-07-03 20:35:28.572][INF] [cfg=Default] 窗口位置已加载：X=815，Y=371
[2026-07-03 20:35:28.850][WRN] [cfg=Default] 跨平台数据解密失败：参数错误。
[2026-07-03 20:35:28.914][WRN] [cfg=Default] 跨平台数据解密失败：The input is not a valid Base-64 string as it contains a non-base 64 character, more than two padding characters, or an illegal character among the padding characters.
[2026-07-03 20:35:28.955][INF] [cfg=Default] 本地更新包按钮可见性已刷新：来源=config.Debug(string)，原始值=，解析结果=False
[2026-07-03 20:35:28.956][INF] [cfg=Default] 设置页调试卡片可见性已应用：False
[2026-07-03 20:35:29.076][INF] [cfg=Default] [调试] instances 目录中实际存在的实例文件数量：1, ID列表：[default]
[2026-07-03 20:35:29.086][INF] [cfg=Default] [懒加载] 已加载当天有定时任务的实例
[2026-07-03 20:35:29.417][INF] [cfg=Default] [懒加载] 所有实例加载完成
[2026-07-03 20:35:29.418][INF] [cfg=Default] [懒加载] 所有实例加载完成
[2026-07-03 20:35:29.473][INF] [cfg=Default] 界面初始化开始
[2026-07-03 20:35:29.543][INF] [cfg=Default][inst=配置 1/default][src=UI][op=ChangeResource] 当前资源变更：resource=, controller=Adb
[2026-07-03 20:35:29.544][INF] [cfg=Default][inst=配置 1/default][src=UI][op=ChangeResource] 当前资源变更：resource=刀剑乱舞, controller=Adb
[2026-07-03 20:35:29.547][INF] [cfg=Default][inst=配置 1/default][src=UI][op=ChangeResource] 当前资源变更：resource=, controller=Adb
[2026-07-03 20:35:29.551][INF] [cfg=Default][inst=配置 1/default][src=UI][op=ChangeResource] 当前资源变更：resource=刀剑乱舞, controller=Adb
[2026-07-03 20:35:29.913][INF] [cfg=Default] 保留最近的备份文件：D:\Claude_Workspace\AATL\runtimes\libs\Avalonia.Xaml.Interactivity.dll.202607031917.0.backupMFA
[2026-07-03 20:35:29.913][INF] [cfg=Default] 保留最近的备份文件：D:\Claude_Workspace\AATL\runtimes\libs\AvaloniaEdit.TextMate.dll.202607031917.0.backupMFA
[2026-07-03 20:35:29.914][INF] [cfg=Default] 保留最近的备份文件：D:\Claude_Workspace\AATL\runtimes\libs\AvaloniaExtensions.Axaml.dll.202607031917.0.backupMFA
[2026-07-03 20:35:29.914][INF] [cfg=Default] 保留最近的备份文件：D:\Claude_Workspace\AATL\runtimes\libs\av_libglesv2.dll.202607031917.0.backupMFA
[2026-07-03 20:35:29.914][INF] [cfg=Default] 保留最近的备份文件：D:\Claude_Workspace\AATL\runtimes\libs\CalcBindingAva.dll.202607031917.0.backupMFA
[2026-07-03 20:35:29.914][INF] [cfg=Default] 保留最近的备份文件：D:\Claude_Workspace\AATL\runtimes\libs\ColorDocument.Avalonia.dll.202607031917.0.backupMFA
[2026-07-03 20:35:29.914][INF] [cfg=Default] 保留最近的备份文件：D:\Claude_Workspace\AATL\runtimes\libs\ColorTextBlock.Avalonia.dll.202607031917.0.backupMFA
[2026-07-03 20:35:29.914][INF] [cfg=Default] 保留最近的备份文件：D:\Claude_Workspace\AATL\runtimes\libs\CommunityToolkit.Mvvm.dll.202607031917.0.backupMFA
[2026-07-03 20:35:29.914][INF] [cfg=Default] 保留最近的备份文件：D:\Claude_Workspace\AATL\runtimes\libs\CrossPlatformProtectedData.dll.202607031917.0.backupMFA
[2026-07-03 20:35:29.914][INF] [cfg=Default] 保留最近的备份文件：D:\Claude_Workspace\AATL\runtimes\libs\DynamicExpresso.Core.dll.202607031917.0.backupMFA
[2026-07-03 20:35:29.914][INF] [cfg=Default] 保留最近的备份文件：D:\Claude_Workspace\AATL\runtimes\libs\FluentAvalonia.dll.202607031917.0.backupMFA
[2026-07-03 20:35:29.914][INF] [cfg=Default] 保留最近的备份文件：D:\Claude_Workspace\AATL\runtimes\libs\FluentIcons.Resources.Avalonia.dll.202607031917.0.backupMFA
[2026-07-03 20:35:29.914][INF] [cfg=Default] 保留最近的备份文件：D:\Claude_Workspace\AATL\runtimes\libs\HarfBuzzSharp.dll.202607031917.0.backupMFA
[2026-07-03 20:35:29.914][INF] [cfg=Default] 保留最近的备份文件：D:\Claude_Workspace\AATL\runtimes\libs\HtmlAgilityPack.dll.202607031917.0.backupMFA
[2026-07-03 20:35:29.914][INF] [cfg=Default] 保留最近的备份文件：D:\Claude_Workspace\AATL\runtimes\libs\Lang.Avalonia.dll.202607031917.0.backupMFA
[2026-07-03 20:35:29.914][INF] [cfg=Default] 保留最近的备份文件：D:\Claude_Workspace\AATL\runtimes\libs\libHarfBuzzSharp.dll.202607031917.0.backupMFA
[2026-07-03 20:35:29.914][INF] [cfg=Default] 保留最近的备份文件：D:\Claude_Workspace\AATL\runtimes\libs\libSkiaSharp.dll.202607031917.0.backupMFA
[2026-07-03 20:35:29.914][INF] [cfg=Default] 保留最近的备份文件：D:\Claude_Workspace\AATL\runtimes\libs\MaaFramework.Binding.Native.dll.202607031917.0.backupMFA
[2026-07-03 20:35:29.914][INF] [cfg=Default] 保留最近的备份文件：D:\Claude_Workspace\AATL\runtimes\libs\Markdown.Avalonia.SyntaxHigh.dll.202607031917.0.backupMFA
[2026-07-03 20:35:29.914][INF] [cfg=Default] 保留最近的备份文件：D:\Claude_Workspace\AATL\runtimes\libs\MFAAvalonia.Core.dll.202607031917.0.backupMFA
[2026-07-03 20:35:29.914][INF] [cfg=Default] 保留最近的备份文件：D:\Claude_Workspace\AATL\runtimes\libs\MicroCom.Runtime.dll.202607031917.0.backupMFA
[2026-07-03 20:35:29.914][INF] [cfg=Default] 保留最近的备份文件：D:\Claude_Workspace\AATL\runtimes\libs\Microsoft.WindowsAPICodePack.Shell.dll.202607031917.0.backupMFA
[2026-07-03 20:35:29.914][INF] [cfg=Default] 保留最近的备份文件：D:\Claude_Workspace\AATL\runtimes\libs\NETCore.Encrypt.dll.202607031917.0.backupMFA
[2026-07-03 20:35:29.914][INF] [cfg=Default] 保留最近的备份文件：D:\Claude_Workspace\AATL\runtimes\libs\Newtonsoft.Json.dll.202607031917.0.backupMFA
[2026-07-03 20:35:29.914][INF] [cfg=Default] 保留最近的备份文件：D:\Claude_Workspace\AATL\runtimes\libs\Semver.dll.202607031917.0.backupMFA
[2026-07-03 20:35:29.914][INF] [cfg=Default] 保留最近的备份文件：D:\Claude_Workspace\AATL\runtimes\libs\Serilog.Sinks.File.dll.202607031917.0.backupMFA
[2026-07-03 20:35:29.914][INF] [cfg=Default] 保留最近的备份文件：D:\Claude_Workspace\AATL\runtimes\libs\SharpCompress.dll.202607031917.0.backupMFA
[2026-07-03 20:35:29.914][INF] [cfg=Default] 保留最近的备份文件：D:\Claude_Workspace\AATL\runtimes\libs\SharpHook.dll.202607031917.0.backupMFA
[2026-07-03 20:35:29.914][INF] [cfg=Default] 保留最近的备份文件：D:\Claude_Workspace\AATL\runtimes\libs\SkiaSharp.dll.202607031917.0.backupMFA
[2026-07-03 20:35:29.914][INF] [cfg=Default] 保留最近的备份文件：D:\Claude_Workspace\AATL\runtimes\libs\SukiUI.dll.202607031917.0.backupMFA
[2026-07-03 20:35:29.914][INF] [cfg=Default] 保留最近的备份文件：D:\Claude_Workspace\AATL\runtimes\libs\System.Security.Cryptography.ProtectedData.dll.202607031917.0.backupMFA
[2026-07-03 20:35:29.914][INF] [cfg=Default] 保留最近的备份文件：D:\Claude_Workspace\AATL\runtimes\libs\TextMateSharp.Grammars.dll.202607031917.0.backupMFA
[2026-07-03 20:35:29.914][INF] [cfg=Default] 保留最近的备份文件：D:\Claude_Workspace\AATL\runtimes\libs\uiohook.dll.202607031917.0.backupMFA
[2026-07-03 20:35:29.914][INF] [cfg=Default] 保留最近的备份文件：D:\Claude_Workspace\AATL\runtimes\libs\ZstdSharp.dll.202607031917.0.backupMFA
[2026-07-03 20:35:29.927][INF] [cfg=Default] 保留最近的备份文件：D:\Claude_Workspace\AATL\runtimes\win-x64\native\DirectML.dll.202607031917.0.backupMFA
[2026-07-03 20:35:29.927][INF] [cfg=Default] 保留最近的备份文件：D:\Claude_Workspace\AATL\runtimes\win-x64\native\fastdeploy_ppocr_maa.dll.202607031917.0.backupMFA
[2026-07-03 20:35:29.927][INF] [cfg=Default] 保留最近的备份文件：D:\Claude_Workspace\AATL\runtimes\win-x64\native\MaaFramework.dll.202607031917.0.backupMFA
[2026-07-03 20:35:29.927][INF] [cfg=Default] 保留最近的备份文件：D:\Claude_Workspace\AATL\runtimes\win-x64\native\MaaToolkit.dll.202607031917.0.backupMFA
[2026-07-03 20:35:29.927][INF] [cfg=Default] 保留最近的备份文件：D:\Claude_Workspace\AATL\runtimes\win-x64\native\MaaUtils.dll.202607031917.0.backupMFA
[2026-07-03 20:35:29.927][INF] [cfg=Default] 保留最近的备份文件：D:\Claude_Workspace\AATL\runtimes\win-x64\native\onnxruntime_maa.dll.202607031917.0.backupMFA
[2026-07-03 20:35:29.927][INF] [cfg=Default] 保留最近的备份文件：D:\Claude_Workspace\AATL\runtimes\win-x64\native\opencv_world4_maa.dll.202607031917.0.backupMFA
[2026-07-03 20:35:29.943][INF] [cfg=Default] 保留最近的备份文件：D:\Claude_Workspace\AATL\runtimes\libs\locales\en-US\MFAAvalonia.Core.resources.dll.202607031917.0.backupMFA
[2026-07-03 20:35:29.943][INF] [cfg=Default] 保留最近的备份文件：D:\Claude_Workspace\AATL\runtimes\win-x64\native\plugins\MaaPluginDemo.dll.202607031917.0.backupMFA
[2026-07-03 20:35:30.123][INF] [cfg=Default] >>> 任务 公告和最新版本检测开始（异步）。
[2026-07-03 20:35:30.445][INF] [cfg=Default] 正在从配置中读取已保存的 ADB 设备，并启用指纹匹配。
[2026-07-03 20:35:30.446][INF] [cfg=Default] 已保存设备的指纹：MuMu安卓设备-MuMuPlayer12 v5|0|127.0.0.1|16384
[2026-07-03 20:35:30.875][INF] [cfg=Default] 按指纹匹配到的设备数量：1
[2026-07-03 20:35:30.875][INF] [cfg=Default] 已通过指纹匹配到设备：名称=MuMu安卓设备-MuMuPlayer12 v5，ADB 序列号=127.0.0.1:16384
[2026-07-03 20:35:31.041][INF] [cfg=Default][inst=配置 1/default][src=Monitor][op=MonitorLog] 正在连接至模拟器......
[2026-07-03 20:35:31.059][INF] [cfg=Default][inst=配置 1/default][src=Worker][op=ExecuteTaskQueue] >>> 任务 启动任务开始（异步）。
[2026-07-03 20:35:31.069][INF] [cfg=Default][inst=配置 1/default][src=Worker][op=ExecuteTaskQueue] 正在载入资源
[2026-07-03 20:35:31.069][INF] [cfg=Default][inst=配置 1/default][src=Worker][op=ExecuteTaskQueue] 资源路径：D:\Claude_Workspace\AATL\resource\base
[2026-07-03 20:35:31.069][INF] [cfg=Default][inst=配置 1/default][src=Worker][op=ExecuteTaskQueue] >>> 任务 资源检测开始（异步）。
[2026-07-03 20:35:31.141][INF] [cfg=Default][inst=配置 1/default][src=Worker][op=ExecuteTaskQueue] >>> 任务 资源检测完成（异步）。
[2026-07-03 20:35:31.143][INF] [cfg=Default][inst=配置 1/default][src=Worker][op=ExecuteTaskQueue] 启用 GPU 推理：成功
[2026-07-03 20:35:31.143][INF] [cfg=Default][inst=配置 1/default][src=Worker][op=ExecuteTaskQueue] GPU acceleration: Auto
[2026-07-03 20:35:31.143][INF] [cfg=Default][inst=配置 1/default][src=Worker][op=ExecuteTaskQueue] >>> 任务 控制器检测开始（异步）。
[2026-07-03 20:35:31.144][INF] [cfg=Default][inst=配置 1/default][src=Worker][op=ExecuteTaskQueue] 正在加载 MAA 控制器配置...
[2026-07-03 20:35:31.147][INF] [cfg=Default][inst=配置 1/default][src=Worker][op=ExecuteTaskQueue] 触控模式:Default,捕获模式:Default
[2026-07-03 20:35:31.147][INF] [cfg=Default][inst=配置 1/default][src=Worker][op=ExecuteTaskQueue] 设备名称：
[2026-07-03 20:35:31.147][INF] [cfg=Default][inst=配置 1/default][src=Worker][op=ExecuteTaskQueue] ADB 路径：adb
[2026-07-03 20:35:31.147][INF] [cfg=Default][inst=配置 1/default][src=Worker][op=ExecuteTaskQueue] ADB 序列号：
[2026-07-03 20:35:31.147][INF] [cfg=Default][inst=配置 1/default][src=Worker][op=ExecuteTaskQueue] 截图模式：Default
[2026-07-03 20:35:31.148][INF] [cfg=Default][inst=配置 1/default][src=Worker][op=ExecuteTaskQueue] 输入模式：Default
[2026-07-03 20:35:31.148][INF] [cfg=Default][inst=配置 1/default][src=Worker][op=ExecuteTaskQueue] 控制器配置：{}
[2026-07-03 20:35:31.180][WRN] [cfg=Default][inst=配置 1/default][src=Worker][op=ExecuteTaskQueue] 初始化控制器时发生错误！
[2026-07-03 20:35:31.180][ERR] [cfg=Default][inst=配置 1/default][src=Worker][op=ExecuteTaskQueue] 初始化控制器失败：message=连接模拟器时发生错误！, reason=The value cannot be an empty string.（Parameter 'info.AdbSerial')
System.ArgumentException: The value cannot be an empty string. (Parameter 'info.AdbSerial')
   at System.ArgumentException.ThrowNullOrEmptyException(String argument, String paramName)
   at System.ArgumentException.ThrowIfNullOrEmpty(String argument, String paramName)
   at MaaFramework.Binding.MaaAdbController..ctor(AdbDeviceInfo info, LinkOption link, CheckStatusOption check)
   at MaaFramework.Binding.MaaAdbController..ctor(String adbPath, String adbSerial, AdbScreencapMethods screencapMethods, AdbInputMethods inputMethods, String config, String agentPath, LinkOption link, CheckStatusOption check)
   at MFAAvalonia.Extensions.MaaFW.MaaProcessor.InitializeController(MaaControllerTypes controllerType, Boolean logConfig)
   at MFAAvalonia.Extensions.MaaFW.MaaProcessor.<>c__DisplayClass143_0.<InitializeMaaTasker>b__7()
   at MFAAvalonia.Helper.TaskManager.<>c__DisplayClass6_0`1.<RunTaskAsync>b__0()
   at System.Threading.Tasks.Task`1.InnerInvoke()
   at System.Threading.ExecutionContext.RunFromThreadPoolDispatchLoop(Thread threadPoolThread, ExecutionContext executionContext, ContextCallback callback, Object state)
--- End of stack trace from previous location ---
   at System.Threading.ExecutionContext.RunFromThreadPoolDispatchLoop(Thread threadPoolThread, ExecutionContext executionContext, ContextCallback callback, Object state)
   at System.Threading.Tasks.Task.ExecuteWithThreadLocal(Task& currentTaskSlot, Thread threadPoolThread)
--- End of stack trace from previous location ---
   at MFAAvalonia.Helper.TaskManager.RunTaskAsync[TResult](Func`1 function, CancellationToken token, Action`1 handleError, String name, String prompt, Boolean catchException, Boolean shouldLog, Boolean noMessage)
[2026-07-03 20:35:31.190][INF] [cfg=Default][inst=配置 1/default][src=Worker][op=ExecuteTaskQueue] >>> 任务 控制器检测完成（异步）。
[2026-07-03 20:35:31.190][WRN] [cfg=Default][inst=配置 1/default][src=Worker][op=ExecuteTaskQueue] 控制器初始化结果为空，已中止本次连接尝试。
[2026-07-03 20:35:31.205][INF] [cfg=Default][inst=配置 1/default][src=Worker][op=ExecuteTaskQueue] >>> 任务 启动检测开始（异步）。
[2026-07-03 20:35:31.206][INF] [cfg=Default][inst=配置 1/default][src=Worker][op=ExecuteTaskQueue] 开始执行更新任务：名称=查询CDK
[2026-07-03 20:35:31.206][INF] [cfg=Default][inst=配置 1/default][src=Worker][op=ExecuteTaskQueue] 更新任务完成：名称=查询CDK
[2026-07-03 20:35:31.206][INF] [cfg=Default][inst=配置 1/default][src=Worker][op=ExecuteTaskQueue] 开始执行更新任务：名称=更新资源
[2026-07-03 20:35:31.341][INF] [cfg=Default][inst=配置 1/default][src=UI][op=ChangeDevice] 当前连接目标变更：controller=Adb, resource=刀剑乱舞, device=MuMu安卓设备-MuMuPlayer12 v5（127.0.0.1:16384)
[2026-07-03 20:35:31.502][INF] [cfg=Default] >>> 任务 公告和最新版本检测完成（异步）。
[2026-07-03 20:35:32.705][INF] [cfg=Default][inst=配置 1/default][src=Worker][op=ExecuteTaskQueue] 目标系统：平台=win，系统家族=windows，架构=x64
[2026-07-03 20:35:33.518][INF] [cfg=Default][inst=配置 1/default][src=Worker][op=ExecuteTaskQueue] 候选资产优先级：名称=aatl-v0.5.3-beta.zip，优先级=0
[2026-07-03 20:35:33.523][INF] [cfg=Default][inst=配置 1/default][src=Worker][op=ExecuteTaskQueue] 更新任务完成：名称=更新资源
[2026-07-03 20:35:33.524][INF] [cfg=Default][inst=配置 1/default][src=Worker][op=ExecuteTaskQueue] >>> 任务 启动检测完成（异步）。
[2026-07-03 20:35:33.524][INF] [cfg=Default][inst=配置 1/default][src=Worker][op=ExecuteTaskQueue] >>> 任务 启动任务完成（异步）。
[2026-07-03 20:35:33.535][INF] [cfg=Default][inst=配置 1/default][src=Worker][op=StopTask] 停止前状态：SUCCEEDED
[2026-07-03 20:35:33.536][INF] [cfg=Default][inst=配置 1/default][src=Worker][op=StopTask] >>> 任务 停止maafw任务开始（异步）。
[2026-07-03 20:35:33.539][INF] [cfg=Default][inst=配置 1/default][src=Monitor][op=MonitorLog] 任务已全部完成！
(用时 0h 0m 2s)
[2026-07-03 20:35:39.943][INF] [cfg=Default][inst=配置 1/default][src=UI][op=Reconnect] 用户操作：重新连接 | controller=Adb, resource=刀剑乱舞, device=MuMu安卓设备-MuMuPlayer12 v5（127.0.0.1:16384)
[2026-07-03 20:35:40.172][INF] [cfg=Default][inst=配置 1/default][src=UI][op=MatchAdbDevice] 当前设备指纹：name=MuMu安卓设备-MuMuPlayer12 v5, serial=127.0.0.1:16384, configLength=78
[2026-07-03 20:35:40.173][INF] [cfg=Default][inst=配置 1/default][src=UI][op=Reconnect] 按指纹匹配到的设备数量：1
[2026-07-03 20:35:40.173][INF] [cfg=Default][inst=配置 1/default][src=UI][op=ChangeDevice] 当前连接目标变更：controller=Adb, resource=刀剑乱舞, device=<none>
[2026-07-03 20:35:40.174][INF] [cfg=Default][inst=配置 1/default][src=UI][op=ChangeDevice] 当前连接目标变更：controller=Adb, resource=刀剑乱舞, device=MuMu安卓设备-MuMuPlayer12 v5（127.0.0.1:16384)
[2026-07-03 20:35:40.177][INF] [cfg=Default][inst=配置 1/default][src=UI][op=Reconnect] 正在载入资源
[2026-07-03 20:35:40.178][INF] [cfg=Default][inst=配置 1/default][src=UI][op=Reconnect] 资源路径：D:\Claude_Workspace\AATL\resource\base
[2026-07-03 20:35:40.178][INF] [cfg=Default][inst=配置 1/default][src=UI][op=Reconnect] >>> 任务 资源检测开始（异步）。
[2026-07-03 20:35:40.187][INF] [cfg=Default][inst=配置 1/default][src=Monitor][op=MonitorLog] 正在连接至模拟器......
[2026-07-03 20:35:40.205][INF] [cfg=Default][inst=配置 1/default][src=UI][op=Reconnect] >>> 任务 资源检测完成（异步）。
[2026-07-03 20:35:40.206][INF] [cfg=Default][inst=配置 1/default][src=UI][op=Reconnect] 启用 GPU 推理：成功
[2026-07-03 20:35:40.206][INF] [cfg=Default][inst=配置 1/default][src=UI][op=Reconnect] GPU acceleration: Auto
[2026-07-03 20:35:40.206][INF] [cfg=Default][inst=配置 1/default][src=UI][op=Reconnect] >>> 任务 控制器检测开始（异步）。
[2026-07-03 20:35:40.206][INF] [cfg=Default][inst=配置 1/default][src=UI][op=Reconnect] 正在加载 MAA 控制器配置...
[2026-07-03 20:35:40.206][INF] [cfg=Default][inst=配置 1/default][src=UI][op=Reconnect] 触控模式:Default,捕获模式:EmulatorExtras
[2026-07-03 20:35:40.206][INF] [cfg=Default][inst=配置 1/default][src=UI][op=Reconnect] 设备名称：MuMu安卓设备-MuMuPlayer12 v5
[2026-07-03 20:35:40.206][INF] [cfg=Default][inst=配置 1/default][src=UI][op=Reconnect] ADB 路径：D:/Apps/MuMu/MuMuPlayer/nx_main/adb.exe
[2026-07-03 20:35:40.206][INF] [cfg=Default][inst=配置 1/default][src=UI][op=Reconnect] ADB 序列号：127.0.0.1:16384
[2026-07-03 20:35:40.206][INF] [cfg=Default][inst=配置 1/default][src=UI][op=Reconnect] 截图模式：EmulatorExtras
[2026-07-03 20:35:40.206][INF] [cfg=Default][inst=配置 1/default][src=UI][op=Reconnect] 输入模式：Default
[2026-07-03 20:35:40.206][INF] [cfg=Default][inst=配置 1/default][src=UI][op=Reconnect] 控制器配置：{"extras":{"mumu":{"enable":true,"index":0,"path":"D:/Apps/MuMu/MuMuPlayer"}}
[2026-07-03 20:35:40.701][INF] [cfg=Default][inst=配置 1/default][src=UI][op=Reconnect] >>> 任务 控制器检测完成（异步）。
[2026-07-03 20:35:41.342][INF] [cfg=Default][inst=配置 1/default][src=UI][op=Reconnect] 已注册内置特殊任务动作。
[2026-07-03 20:35:41.350][INF] [cfg=Default][inst=配置 1/default][src=UI][op=Reconnect] 已启动自定义类目录监听：目录=D:\Claude_Workspace\AATL\resource\base\custom
[2026-07-03 20:35:41.352][INF] [cfg=Default][inst=配置 1/default][src=UI][op=Reconnect] 开始解析自定义类：名称=CaptainDamageAction，文件=D:\Claude_Workspace\AATL\resource\base\custom\CaptainDamageAction.cs
[2026-07-03 20:35:42.061][INF] [cfg=Default][inst=配置 1/default][src=UI][op=Reconnect] 已成功加载自定义类：名称=CaptainDamageAction，文件=D:\Claude_Workspace\AATL\resource\base\custom\CaptainDamageAction.cs
[2026-07-03 20:35:42.062][INF] [cfg=Default][inst=配置 1/default][src=UI][op=Reconnect] 开始解析自定义类：名称=DamageLogAction，文件=D:\Claude_Workspace\AATL\resource\base\custom\DamageLogAction.cs
[2026-07-03 20:35:42.147][INF] [cfg=Default][inst=配置 1/default][src=UI][op=Reconnect] 已成功加载自定义类：名称=DamageLogAction，文件=D:\Claude_Workspace\AATL\resource\base\custom\DamageLogAction.cs
[2026-07-03 20:35:42.147][INF] [cfg=Default][inst=配置 1/default][src=UI][op=Reconnect] 开始解析自定义类：名称=DispatchLogAction，文件=D:\Claude_Workspace\AATL\resource\base\custom\DispatchLogAction.cs
[2026-07-03 20:35:42.329][INF] [cfg=Default][inst=配置 1/default][src=UI][op=Reconnect] 已成功加载自定义类：名称=DispatchLogAction，文件=D:\Claude_Workspace\AATL\resource\base\custom\DispatchLogAction.cs
[2026-07-03 20:35:42.329][INF] [cfg=Default][inst=配置 1/default][src=UI][op=Reconnect] 开始解析自定义类：名称=DungeonFloorSelectAction，文件=D:\Claude_Workspace\AATL\resource\base\custom\DungeonFloorSelectAction.cs
[2026-07-03 20:35:42.486][INF] [cfg=Default][inst=配置 1/default][src=UI][op=Reconnect] 已成功加载自定义类：名称=DungeonFloorSelectAction，文件=D:\Claude_Workspace\AATL\resource\base\custom\DungeonFloorSelectAction.cs
[2026-07-03 20:35:42.486][INF] [cfg=Default][inst=配置 1/default][src=UI][op=Reconnect] 开始解析自定义类：名称=ExpeditionMapSelectAction，文件=D:\Claude_Workspace\AATL\resource\base\custom\ExpeditionMapSelectAction.cs
[2026-07-03 20:35:42.540][INF] [cfg=Default][inst=配置 1/default][src=UI][op=Reconnect] 已成功加载自定义类：名称=ExpeditionMapSelectAction，文件=D:\Claude_Workspace\AATL\resource\base\custom\ExpeditionMapSelectAction.cs
[2026-07-03 20:35:42.540][INF] [cfg=Default][inst=配置 1/default][src=UI][op=Reconnect] 开始解析自定义类：名称=TeamSwitchAction，文件=D:\Claude_Workspace\AATL\resource\base\custom\TeamSwitchAction.cs
[2026-07-03 20:35:42.586][INF] [cfg=Default][inst=配置 1/default][src=UI][op=Reconnect] 已成功加载自定义类：名称=TeamSwitchAction，文件=D:\Claude_Workspace\AATL\resource\base\custom\TeamSwitchAction.cs
[2026-07-03 20:35:42.586][INF] [cfg=Default][inst=配置 1/default][src=UI][op=Reconnect] 已注册自定义动作：CaptainDamageAction
[2026-07-03 20:35:42.586][INF] [cfg=Default][inst=配置 1/default][src=UI][op=Reconnect] 已注册自定义动作：DamageLogAction
[2026-07-03 20:35:42.586][INF] [cfg=Default][inst=配置 1/default][src=UI][op=Reconnect] 已注册自定义动作：DispatchLogAction
[2026-07-03 20:35:42.586][INF] [cfg=Default][inst=配置 1/default][src=UI][op=Reconnect] 已注册自定义动作：DungeonFloorSelectAction
[2026-07-03 20:35:42.586][INF] [cfg=Default][inst=配置 1/default][src=UI][op=Reconnect] 已注册自定义动作：ExpeditionMapSelectAction
[2026-07-03 20:35:42.586][INF] [cfg=Default][inst=配置 1/default][src=UI][op=Reconnect] 已注册自定义动作：TeamSwitchAction
[2026-07-03 20:35:42.586][INF] [cfg=Default][inst=配置 1/default][src=UI][op=Reconnect] 未找到自定义目录：D:\Claude_Workspace\AATL\resource\custom
[2026-07-03 20:35:42.586][INF] [cfg=Default][inst=配置 1/default][src=UI][op=Reconnect] 连接状态变更：已连接。
[2026-07-03 20:35:42.588][INF] [cfg=Default][inst=配置 1/default][src=UI][op=Reconnect] MaaFW 调试模式：False
[2026-07-03 20:35:44.444][INF] [cfg=Default][inst=配置 1/default][src=UI][op=StartTask] 用户操作：启动任务 | controller=Adb, resource=刀剑乱舞, device=MuMu安卓设备-MuMuPlayer12 v5（127.0.0.1:16384), selectedTasks=1 [陆联]
[2026-07-03 20:35:44.464][INF] [cfg=Default][inst=配置 1/default][src=Worker][op=ExecuteTaskQueue] 准备执行任务队列：任务数量=1
[2026-07-03 20:35:44.471][INF] [cfg=Default][inst=配置 1/default][src=Worker][op=ExecuteTaskQueue] [任务管线合并] 任务#1 名称=[陆联] 入口=[LRentaisen] 参数=[
  {},
  {
    "LR_IsSwordSelect"：{
      "enabled"：true
    },
    "LR_ClickCaptainSlot"：{
      "enabled"：true
    },
    "LR_DetectSortOrder"：{
      "enabled"：true
    },
    "LR_ClickDescending"：{
      "enabled"：true
    },
    "LR_ConfirmSortAsc"：{
      "enabled"：true
    },
    "LR_ClickCaptain1"：{
      "enabled"：true
    },
    "LR_ClickCaptain2"：{
      "enabled"：true
    },
    "LR_ClickCaptain3"：{
      "enabled"：true
    },
    "LR_ClickCaptain4"：{
      "enabled"：true
    },
    "LR_ClickCaptain5"：{
      "enabled"：true
    }
  },
  {
    "LR_ClickSwitchTeam"：{
      "enabled"：true
    },
    "LR_RunTeamSwitch"：{
      "enabled"：true
    }
  },
  {
    "LR_ClickTeam"：{
      "target"：[
        154,
        93,
        1,
        1
      ]
    }
  },
  {
    "LR_RunTeamSwitch"：{
      "custom_action_param"：{
        "team_config"："221222111"
      }
    }
  },
  {
    "LR_ClickDifficulty"：{
      "target"：[
        1132,
        328,
        1,
        1
      ]
    }
  }
]
[2026-07-03 20:35:44.587][INF] [cfg=Default][inst=配置 1/default][src=Worker][op=ExecuteTaskQueue] >>> 任务 启动任务开始（异步）。
[2026-07-03 20:35:44.588][INF] [cfg=Default][inst=配置 1/default][src=Worker][op=ExecuteTaskQueue] >>> 任务 启动附加开始脚本开始（异步）。
[2026-07-03 20:35:44.589][INF] [cfg=Default][inst=配置 1/default][src=Worker][op=ExecuteTaskQueue] >>> 任务 启动附加开始脚本完成（异步）。
[2026-07-03 20:35:44.592][INF] [cfg=Default][inst=配置 1/default][src=Worker][op=ExecuteTaskQueue] >>> 任务 截图测试开始（异步）。
[2026-07-03 20:35:44.607][INF] [cfg=Default][inst=配置 1/default][src=Worker][op=ExecuteTaskQueue] >>> 任务 截图测试完成（异步）。
[2026-07-03 20:35:44.607][INF] [cfg=Default][inst=配置 1/default][src=Monitor][op=MonitorLog] 截图耗时：6ms(EmulatorExtras)
[2026-07-03 20:35:44.614][INF] [cfg=Default][inst=配置 1/default][src=Monitor][op=MonitorLog] 开始任务：陆联
[2026-07-03 20:35:44.618][INF] [cfg=Default][inst=配置 1/default][src=Worker][op=ExecuteTaskQueue] >>> 任务 队列任务开始（异步）。
[2026-07-03 20:35:48.870][INF] [cfg=Default] [TeamSwitch] 队伍配置：221222111
[2026-07-03 20:35:48.912][INF] [cfg=Default] 识别结果：8
[2026-07-03 20:35:48.912][INF] [cfg=Default] [TeamSwitch] 轮次 OCR 结果：'8'（第1次)
[2026-07-03 20:35:48.912][INF] [cfg=Default] [TeamSwitch] 剩余8轮(即将第3轮）→ 部队2
[2026-07-03 20:35:50.572][INF] [cfg=Default] [TeamSwitch] 换队完成：第3轮 → 部队2
[2026-07-03 20:36:12.293][INF] [cfg=Default] [TeamSwitch] 队伍配置：221222111
[2026-07-03 20:36:12.325][INF] [cfg=Default] 识别结果：7
[2026-07-03 20:36:12.325][INF] [cfg=Default] [TeamSwitch] 轮次 OCR 结果：'7'（第1次)
[2026-07-03 20:36:12.325][INF] [cfg=Default] [TeamSwitch] 剩余7轮(即将第4轮）→ 部队1
[2026-07-03 20:36:13.984][INF] [cfg=Default] [TeamSwitch] 换队完成：第4轮 → 部队1
[2026-07-03 20:36:34.509][INF] [cfg=Default] [TeamSwitch] 队伍配置：221222111
[2026-07-03 20:36:34.541][INF] [cfg=Default] 识别结果：6
[2026-07-03 20:36:34.541][INF] [cfg=Default] [TeamSwitch] 轮次 OCR 结果：'6'（第1次)
[2026-07-03 20:36:34.541][INF] [cfg=Default] [TeamSwitch] 剩余6轮(即将第5轮）→ 部队2
[2026-07-03 20:36:36.200][INF] [cfg=Default] [TeamSwitch] 换队完成：第5轮 → 部队2
[2026-07-03 20:37:01.288][INF] [cfg=Default] [TeamSwitch] 队伍配置：221222111
[2026-07-03 20:37:01.318][INF] [cfg=Default] 识别结果：5
[2026-07-03 20:37:01.318][INF] [cfg=Default] [TeamSwitch] 轮次 OCR 结果：'5'（第1次)
[2026-07-03 20:37:01.318][INF] [cfg=Default] [TeamSwitch] 剩余5轮(即将第6轮）→ 部队2
[2026-07-03 20:37:02.978][INF] [cfg=Default] [TeamSwitch] 换队完成：第6轮 → 部队2
[2026-07-03 20:37:22.817][INF] [cfg=Default] [TeamSwitch] 队伍配置：221222111
[2026-07-03 20:37:22.844][INF] [cfg=Default] 识别结果：4
[2026-07-03 20:37:22.844][INF] [cfg=Default] [TeamSwitch] 轮次 OCR 结果：'4'（第1次)
[2026-07-03 20:37:22.845][INF] [cfg=Default] [TeamSwitch] 剩余4轮(即将第7轮）→ 部队2
[2026-07-03 20:37:24.502][INF] [cfg=Default] [TeamSwitch] 换队完成：第7轮 → 部队2
[2026-07-03 20:37:42.617][INF] [cfg=Default] [TeamSwitch] 队伍配置：221222111
[2026-07-03 20:37:42.650][INF] [cfg=Default] 识别结果：3
[2026-07-03 20:37:42.650][INF] [cfg=Default] [TeamSwitch] 轮次 OCR 结果：'3'（第1次)
[2026-07-03 20:37:42.650][INF] [cfg=Default] [TeamSwitch] 剩余3轮(即将第8轮）→ 部队1
[2026-07-03 20:37:44.309][INF] [cfg=Default] [TeamSwitch] 换队完成：第8轮 → 部队1
[2026-07-03 20:38:01.160][INF] [cfg=Default] [TeamSwitch] 队伍配置：221222111
[2026-07-03 20:38:01.191][INF] [cfg=Default] 识别结果：2
[2026-07-03 20:38:01.191][INF] [cfg=Default] [TeamSwitch] 轮次 OCR 结果：'2'（第1次)
[2026-07-03 20:38:01.191][INF] [cfg=Default] [TeamSwitch] 剩余2轮(即将第9轮）→ 部队1
[2026-07-03 20:38:02.850][INF] [cfg=Default] [TeamSwitch] 换队完成：第9轮 → 部队1
[2026-07-03 20:38:20.447][INF] [cfg=Default] [TeamSwitch] 队伍配置：221222111
[2026-07-03 20:38:20.472][INF] [cfg=Default] 识别结果：1
[2026-07-03 20:38:20.472][INF] [cfg=Default] [TeamSwitch] 轮次 OCR 结果：'1'（第1次)
[2026-07-03 20:38:20.473][INF] [cfg=Default] [TeamSwitch] 剩余1轮(即将第10轮）→ 部队1
[2026-07-03 20:38:22.133][INF] [cfg=Default] [TeamSwitch] 换队完成：第10轮 → 部队1
[2026-07-03 20:38:51.410][INF] [cfg=Default][inst=配置 1/default][src=Worker][op=ExecuteTaskQueue] >>> 任务 队列任务完成（异步）。
[2026-07-03 20:38:51.413][INF] [cfg=Default][inst=配置 1/default][src=Monitor][op=MonitorLog] 任务已完成
[2026-07-03 20:38:51.914][INF] [cfg=Default][inst=配置 1/default][src=Monitor][op=MonitorLog] 开始任务：陆联
[2026-07-03 20:38:51.915][INF] [cfg=Default][inst=配置 1/default][src=Worker][op=ExecuteTaskQueue] >>> 任务 队列任务开始（异步）。
[2026-07-03 20:38:52.281][INF] [cfg=Default][inst=配置 1/default][src=Worker][op=StopTask] 停止前状态：NOT_STARTED
[2026-07-03 20:38:52.297][INF] [cfg=Default][inst=配置 1/default][src=Worker][op=StopTask] >>> 任务 停止maafw任务开始（异步）。
[2026-07-03 20:38:52.297][INF] [cfg=Default][inst=配置 1/default][src=Worker][op=StopTask] 正在尝试停止任务执行器，第 1 次。
[2026-07-03 20:38:52.298][INF] [cfg=Default][inst=配置 1/default][src=Worker][op=ExecuteTaskQueue] >>> 任务 队列任务完成（异步）。
[2026-07-03 20:38:52.298][INF] [cfg=Default][inst=配置 1/default][src=Monitor][op=MonitorLog] 正在停止......
[2026-07-03 20:38:52.298][INF] [cfg=Default][inst=配置 1/default][src=Worker][op=ExecuteTaskQueue] >>> 任务 启动任务完成（异步）。
[2026-07-03 20:38:52.300][INF] [cfg=Default][inst=配置 1/default][src=Monitor][op=MonitorLog] 任务运行失败！
[2026-07-03 20:38:52.303][INF] [cfg=Default][inst=配置 1/default][src=Worker][op=StopTask] 停止前状态：STOPPED
[2026-07-03 20:38:52.303][INF] [cfg=Default][inst=配置 1/default][src=Worker][op=StopTask] >>> 任务 停止maafw任务开始（异步）。
[2026-07-03 20:38:52.303][INF] [cfg=Default][inst=配置 1/default][src=Worker][op=StopTask] >>> 任务 Action开始。
[2026-07-03 20:38:52.304][INF] [cfg=Default][inst=配置 1/default][src=Worker][op=StopTask] >>> 任务 Action完成。
[2026-07-03 20:38:52.430][INF] [cfg=Default][inst=配置 1/default][src=Worker][op=StopTask] 第 1 次停止任务执行器返回：Succeeded，准备重试。
[2026-07-03 20:38:52.708][INF] [cfg=Default][inst=配置 1/default][src=Monitor][op=MonitorLog] 已放弃本次任务
[2026-07-03 20:39:22.937][INF] [cfg=Default][inst=配置 1/default][src=UI][op=StartTask] 用户操作：启动任务 | controller=Adb, resource=刀剑乱舞, device=MuMu安卓设备-MuMuPlayer12 v5（127.0.0.1:16384), selectedTasks=1 [陆联]
[2026-07-03 20:39:22.953][INF] [cfg=Default][inst=配置 1/default][src=Worker][op=ExecuteTaskQueue] 准备执行任务队列：任务数量=1
[2026-07-03 20:39:22.955][INF] [cfg=Default][inst=配置 1/default][src=Worker][op=ExecuteTaskQueue] [任务管线合并] 任务#1 名称=[陆联] 入口=[LRentaisen] 参数=[
  {},
  {
    "LR_ClickSwitchTeam"：{
      "enabled"：true
    },
    "LR_RunTeamSwitch"：{
      "enabled"：true
    }
  },
  {
    "LR_ClickTeam"：{
      "target"：[
        154,
        93,
        1,
        1
      ]
    }
  },
  {
    "LR_RunTeamSwitch"：{
      "custom_action_param"：{
        "team_config"："221222111"
      }
    }
  },
  {
    "LR_ClickDifficulty"：{
      "target"：[
        1132,
        328,
        1,
        1
      ]
    }
  }
]
[2026-07-03 20:39:23.059][INF] [cfg=Default][inst=配置 1/default][src=Worker][op=ExecuteTaskQueue] >>> 任务 启动任务开始（异步）。
[2026-07-03 20:39:23.059][INF] [cfg=Default][inst=配置 1/default][src=Worker][op=ExecuteTaskQueue] >>> 任务 启动附加开始脚本开始（异步）。
[2026-07-03 20:39:23.059][INF] [cfg=Default][inst=配置 1/default][src=Worker][op=ExecuteTaskQueue] >>> 任务 启动附加开始脚本完成（异步）。
[2026-07-03 20:39:23.060][INF] [cfg=Default][inst=配置 1/default][src=Worker][op=ExecuteTaskQueue] >>> 任务 截图测试开始（异步）。
[2026-07-03 20:39:23.076][INF] [cfg=Default][inst=配置 1/default][src=Worker][op=ExecuteTaskQueue] >>> 任务 截图测试完成（异步）。
[2026-07-03 20:39:23.077][INF] [cfg=Default][inst=配置 1/default][src=Monitor][op=MonitorLog] 截图耗时：7ms(EmulatorExtras)
[2026-07-03 20:39:23.080][INF] [cfg=Default][inst=配置 1/default][src=Monitor][op=MonitorLog] 开始任务：陆联
[2026-07-03 20:39:23.081][INF] [cfg=Default][inst=配置 1/default][src=Worker][op=ExecuteTaskQueue] >>> 任务 队列任务开始（异步）。
[2026-07-03 20:39:53.062][INF] [cfg=Default] [TeamSwitch] 队伍配置：221222111
[2026-07-03 20:39:53.092][INF] [cfg=Default] 识别结果：9
[2026-07-03 20:39:53.092][INF] [cfg=Default] [TeamSwitch] 轮次 OCR 结果：'9'（第1次)
[2026-07-03 20:39:53.092][INF] [cfg=Default] [TeamSwitch] 剩余9轮(即将第2轮）→ 部队2
[2026-07-03 20:39:54.752][INF] [cfg=Default] [TeamSwitch] 换队完成：第2轮 → 部队2
[2026-07-03 20:40:24.128][INF] [cfg=Default] [TeamSwitch] 队伍配置：221222111
[2026-07-03 20:40:24.157][INF] [cfg=Default] 识别结果：8
[2026-07-03 20:40:24.157][INF] [cfg=Default] [TeamSwitch] 轮次 OCR 结果：'8'（第1次)
[2026-07-03 20:40:24.157][INF] [cfg=Default] [TeamSwitch] 剩余8轮(即将第3轮）→ 部队2
[2026-07-03 20:40:25.817][INF] [cfg=Default] [TeamSwitch] 换队完成：第3轮 → 部队2
[2026-07-03 20:40:52.121][INF] [cfg=Default] [TeamSwitch] 队伍配置：221222111
[2026-07-03 20:40:52.151][INF] [cfg=Default] 识别结果：7
[2026-07-03 20:40:52.151][INF] [cfg=Default] [TeamSwitch] 轮次 OCR 结果：'7'（第1次)
[2026-07-03 20:40:52.152][INF] [cfg=Default] [TeamSwitch] 剩余7轮(即将第4轮）→ 部队1
[2026-07-03 20:40:53.811][INF] [cfg=Default] [TeamSwitch] 换队完成：第4轮 → 部队1
[2026-07-03 20:41:14.758][INF] [cfg=Default] [TeamSwitch] 队伍配置：221222111
[2026-07-03 20:41:14.790][INF] [cfg=Default] 识别结果：6
[2026-07-03 20:41:14.790][INF] [cfg=Default] [TeamSwitch] 轮次 OCR 结果：'6'（第1次)
[2026-07-03 20:41:14.790][INF] [cfg=Default] [TeamSwitch] 剩余6轮(即将第5轮）→ 部队2
[2026-07-03 20:41:16.450][INF] [cfg=Default] [TeamSwitch] 换队完成：第5轮 → 部队2
[2026-07-03 20:41:39.102][INF] [cfg=Default] [TeamSwitch] 队伍配置：221222111
[2026-07-03 20:41:39.133][INF] [cfg=Default] 识别结果：5
[2026-07-03 20:41:39.133][INF] [cfg=Default] [TeamSwitch] 轮次 OCR 结果：'5'（第1次)
[2026-07-03 20:41:39.134][INF] [cfg=Default] [TeamSwitch] 剩余5轮(即将第6轮）→ 部队2
[2026-07-03 20:41:40.792][INF] [cfg=Default] [TeamSwitch] 换队完成：第6轮 → 部队2
[2026-07-03 20:42:00.863][INF] [cfg=Default] [TeamSwitch] 队伍配置：221222111
[2026-07-03 20:42:00.895][INF] [cfg=Default] 识别结果：4
[2026-07-03 20:42:00.895][INF] [cfg=Default] [TeamSwitch] 轮次 OCR 结果：'4'（第1次)
[2026-07-03 20:42:00.895][INF] [cfg=Default] [TeamSwitch] 剩余4轮(即将第7轮）→ 部队2
[2026-07-03 20:42:02.553][INF] [cfg=Default] [TeamSwitch] 换队完成：第7轮 → 部队2
[2026-07-03 20:42:22.633][INF] [cfg=Default] [TeamSwitch] 队伍配置：221222111
[2026-07-03 20:42:22.661][INF] [cfg=Default] 识别结果：3
[2026-07-03 20:42:22.661][INF] [cfg=Default] [TeamSwitch] 轮次 OCR 结果：'3'（第1次)
[2026-07-03 20:42:22.661][INF] [cfg=Default] [TeamSwitch] 剩余3轮(即将第8轮）→ 部队1
[2026-07-03 20:42:24.321][INF] [cfg=Default] [TeamSwitch] 换队完成：第8轮 → 部队1
[2026-07-03 20:42:41.331][INF] [cfg=Default] [TeamSwitch] 队伍配置：221222111
[2026-07-03 20:42:41.357][INF] [cfg=Default] 识别结果：2
[2026-07-03 20:42:41.357][INF] [cfg=Default] [TeamSwitch] 轮次 OCR 结果：'2'（第1次)
[2026-07-03 20:42:41.357][INF] [cfg=Default] [TeamSwitch] 剩余2轮(即将第9轮）→ 部队1
[2026-07-03 20:42:43.016][INF] [cfg=Default] [TeamSwitch] 换队完成：第9轮 → 部队1
[2026-07-03 20:42:59.774][INF] [cfg=Default] [TeamSwitch] 队伍配置：221222111
[2026-07-03 20:42:59.802][INF] [cfg=Default] 识别结果：1
[2026-07-03 20:42:59.802][INF] [cfg=Default] [TeamSwitch] 轮次 OCR 结果：'1'（第1次)
[2026-07-03 20:42:59.802][INF] [cfg=Default] [TeamSwitch] 剩余1轮(即将第10轮）→ 部队1
[2026-07-03 20:43:01.460][INF] [cfg=Default] [TeamSwitch] 换队完成：第10轮 → 部队1
[2026-07-03 20:43:28.374][INF] [cfg=Default][inst=配置 1/default][src=Worker][op=ExecuteTaskQueue] >>> 任务 队列任务完成（异步）。
[2026-07-03 20:43:28.376][INF] [cfg=Default][inst=配置 1/default][src=Monitor][op=MonitorLog] 任务已完成
[2026-07-03 20:43:28.875][INF] [cfg=Default][inst=配置 1/default][src=Monitor][op=MonitorLog] 开始任务：陆联
[2026-07-03 20:43:28.876][INF] [cfg=Default][inst=配置 1/default][src=Worker][op=ExecuteTaskQueue] >>> 任务 队列任务开始（异步）。
[2026-07-03 20:43:59.366][INF] [cfg=Default] [TeamSwitch] 队伍配置：221222111
[2026-07-03 20:43:59.393][INF] [cfg=Default] 识别结果：9
[2026-07-03 20:43:59.393][INF] [cfg=Default] [TeamSwitch] 轮次 OCR 结果：'9'（第1次)
[2026-07-03 20:43:59.393][INF] [cfg=Default] [TeamSwitch] 剩余9轮(即将第2轮）→ 部队2
[2026-07-03 20:44:01.053][INF] [cfg=Default] [TeamSwitch] 换队完成：第2轮 → 部队2
[2026-07-03 20:44:24.117][INF] [cfg=Default] [TeamSwitch] 队伍配置：221222111
[2026-07-03 20:44:24.143][INF] [cfg=Default] 识别结果：8
[2026-07-03 20:44:24.143][INF] [cfg=Default] [TeamSwitch] 轮次 OCR 结果：'8'（第1次)
[2026-07-03 20:44:24.143][INF] [cfg=Default] [TeamSwitch] 剩余8轮(即将第3轮）→ 部队2
[2026-07-03 20:44:25.801][INF] [cfg=Default] [TeamSwitch] 换队完成：第3轮 → 部队2
[2026-07-03 20:44:44.567][INF] [cfg=Default] [TeamSwitch] 队伍配置：221222111
[2026-07-03 20:44:44.592][INF] [cfg=Default] 识别结果：7
[2026-07-03 20:44:44.592][INF] [cfg=Default] [TeamSwitch] 轮次 OCR 结果：'7'（第1次)
[2026-07-03 20:44:44.592][INF] [cfg=Default] [TeamSwitch] 剩余7轮(即将第4轮）→ 部队1
[2026-07-03 20:44:46.251][INF] [cfg=Default] [TeamSwitch] 换队完成：第4轮 → 部队1
[2026-07-03 20:45:05.953][INF] [cfg=Default] [TeamSwitch] 队伍配置：221222111
[2026-07-03 20:45:05.978][INF] [cfg=Default] 识别结果：6
[2026-07-03 20:45:05.978][INF] [cfg=Default] [TeamSwitch] 轮次 OCR 结果：'6'（第1次)
[2026-07-03 20:45:05.979][INF] [cfg=Default] [TeamSwitch] 剩余6轮(即将第5轮）→ 部队2
[2026-07-03 20:45:07.637][INF] [cfg=Default] [TeamSwitch] 换队完成：第5轮 → 部队2
[2026-07-03 20:45:32.246][INF] [cfg=Default] [TeamSwitch] 队伍配置：221222111
[2026-07-03 20:45:32.270][INF] [cfg=Default] 识别结果：5
[2026-07-03 20:45:32.270][INF] [cfg=Default] [TeamSwitch] 轮次 OCR 结果：'5'（第1次)
[2026-07-03 20:45:32.270][INF] [cfg=Default] [TeamSwitch] 剩余5轮(即将第6轮）→ 部队2
[2026-07-03 20:45:33.928][INF] [cfg=Default] [TeamSwitch] 换队完成：第6轮 → 部队2
[2026-07-03 20:46:02.123][INF] [cfg=Default] [TeamSwitch] 队伍配置：221222111
[2026-07-03 20:46:02.149][INF] [cfg=Default] 识别结果：4
[2026-07-03 20:46:02.149][INF] [cfg=Default] [TeamSwitch] 轮次 OCR 结果：'4'（第1次)
[2026-07-03 20:46:02.149][INF] [cfg=Default] [TeamSwitch] 剩余4轮(即将第7轮）→ 部队2
[2026-07-03 20:46:03.808][INF] [cfg=Default] [TeamSwitch] 换队完成：第7轮 → 部队2
[2026-07-03 20:46:24.002][INF] [cfg=Default] [TeamSwitch] 队伍配置：221222111
[2026-07-03 20:46:24.028][INF] [cfg=Default] 识别结果：3
[2026-07-03 20:46:24.028][INF] [cfg=Default] [TeamSwitch] 轮次 OCR 结果：'3'（第1次)
[2026-07-03 20:46:24.028][INF] [cfg=Default] [TeamSwitch] 剩余3轮(即将第8轮）→ 部队1
[2026-07-03 20:46:25.687][INF] [cfg=Default] [TeamSwitch] 换队完成：第8轮 → 部队1
[2026-07-03 20:46:38.842][INF] [cfg=Default] [内存管理]释放了10.76 MB（17.5%)
[2026-07-03 20:46:45.080][INF] [cfg=Default] [TeamSwitch] 队伍配置：221222111
[2026-07-03 20:46:45.115][INF] [cfg=Default] 识别结果：2
[2026-07-03 20:46:45.115][INF] [cfg=Default] [TeamSwitch] 轮次 OCR 结果：'2'（第1次)
[2026-07-03 20:46:45.115][INF] [cfg=Default] [TeamSwitch] 剩余2轮(即将第9轮）→ 部队1
[2026-07-03 20:46:46.776][INF] [cfg=Default] [TeamSwitch] 换队完成：第9轮 → 部队1
[2026-07-03 20:47:03.378][INF] [cfg=Default] [TeamSwitch] 队伍配置：221222111
[2026-07-03 20:47:03.404][INF] [cfg=Default] 识别结果：1
[2026-07-03 20:47:03.404][INF] [cfg=Default] [TeamSwitch] 轮次 OCR 结果：'1'（第1次)
[2026-07-03 20:47:03.404][INF] [cfg=Default] [TeamSwitch] 剩余1轮(即将第10轮）→ 部队1
[2026-07-03 20:47:05.066][INF] [cfg=Default] [TeamSwitch] 换队完成：第10轮 → 部队1
[2026-07-03 20:47:29.609][INF] [cfg=Default][inst=配置 1/default][src=Worker][op=StopTask] 停止前状态：NOT_STARTED
[2026-07-03 20:47:29.618][INF] [cfg=Default][inst=配置 1/default][src=Worker][op=StopTask] >>> 任务 停止maafw任务开始（异步）。
[2026-07-03 20:47:29.618][INF] [cfg=Default][inst=配置 1/default][src=Worker][op=StopTask] 正在尝试停止任务执行器，第 1 次。
[2026-07-03 20:47:29.619][INF] [cfg=Default][inst=配置 1/default][src=Worker][op=ExecuteTaskQueue] >>> 任务 队列任务完成（异步）。
[2026-07-03 20:47:29.619][INF] [cfg=Default][inst=配置 1/default][src=Monitor][op=MonitorLog] 正在停止......
[2026-07-03 20:47:29.619][INF] [cfg=Default][inst=配置 1/default][src=Worker][op=ExecuteTaskQueue] >>> 任务 启动任务完成（异步）。
[2026-07-03 20:47:29.620][INF] [cfg=Default][inst=配置 1/default][src=Monitor][op=MonitorLog] 任务运行失败！
[2026-07-03 20:47:29.621][INF] [cfg=Default][inst=配置 1/default][src=Worker][op=StopTask] 停止前状态：STOPPED
[2026-07-03 20:47:29.621][INF] [cfg=Default][inst=配置 1/default][src=Worker][op=StopTask] >>> 任务 停止maafw任务开始（异步）。
[2026-07-03 20:47:29.621][INF] [cfg=Default][inst=配置 1/default][src=Worker][op=StopTask] >>> 任务 Action开始。
[2026-07-03 20:47:29.621][INF] [cfg=Default][inst=配置 1/default][src=Worker][op=StopTask] >>> 任务 Action完成。
[2026-07-03 20:47:29.638][INF] [cfg=Default][inst=配置 1/default][src=Worker][op=StopTask] 第 1 次停止任务执行器返回：Succeeded，准备重试。
[2026-07-03 20:47:30.024][INF] [cfg=Default][inst=配置 1/default][src=Monitor][op=MonitorLog] 已放弃本次任务
[2026-07-03 20:47:46.714][INF] [cfg=Default][inst=配置 1/default][src=UI][op=StartTask] 用户操作：启动任务 | controller=Adb, resource=刀剑乱舞, device=MuMu安卓设备-MuMuPlayer12 v5（127.0.0.1:16384), selectedTasks=1 [陆联]
[2026-07-03 20:47:46.728][INF] [cfg=Default][inst=配置 1/default][src=Worker][op=ExecuteTaskQueue] 准备执行任务队列：任务数量=1
[2026-07-03 20:47:46.729][INF] [cfg=Default][inst=配置 1/default][src=Worker][op=ExecuteTaskQueue] [任务管线合并] 任务#1 名称=[陆联] 入口=[LRentaisen] 参数=[
  {},
  {
    "LR_ClickSwitchTeam"：{
      "enabled"：true
    },
    "LR_RunTeamSwitch"：{
      "enabled"：true
    }
  },
  {
    "LR_ClickTeam"：{
      "target"：[
        154,
        93,
        1,
        1
      ]
    }
  },
  {
    "LR_RunTeamSwitch"：{
      "custom_action_param"：{
        "team_config"："221222111"
      }
    }
  },
  {
    "LR_ClickDifficulty"：{
      "target"：[
        1132,
        328,
        1,
        1
      ]
    }
  }
]
[2026-07-03 20:47:46.820][INF] [cfg=Default][inst=配置 1/default][src=Worker][op=ExecuteTaskQueue] >>> 任务 启动任务开始（异步）。
[2026-07-03 20:47:46.821][INF] [cfg=Default][inst=配置 1/default][src=Worker][op=ExecuteTaskQueue] >>> 任务 启动附加开始脚本开始（异步）。
[2026-07-03 20:47:46.821][INF] [cfg=Default][inst=配置 1/default][src=Worker][op=ExecuteTaskQueue] >>> 任务 启动附加开始脚本完成（异步）。
[2026-07-03 20:47:46.822][INF] [cfg=Default][inst=配置 1/default][src=Worker][op=ExecuteTaskQueue] >>> 任务 截图测试开始（异步）。
[2026-07-03 20:47:46.834][INF] [cfg=Default][inst=配置 1/default][src=Worker][op=ExecuteTaskQueue] >>> 任务 截图测试完成（异步）。
[2026-07-03 20:47:46.835][INF] [cfg=Default][inst=配置 1/default][src=Monitor][op=MonitorLog] 截图耗时：5ms(EmulatorExtras)
[2026-07-03 20:47:46.837][INF] [cfg=Default][inst=配置 1/default][src=Monitor][op=MonitorLog] 开始任务：陆联
[2026-07-03 20:47:46.838][INF] [cfg=Default][inst=配置 1/default][src=Worker][op=ExecuteTaskQueue] >>> 任务 队列任务开始（异步）。
[2026-07-03 20:48:16.929][INF] [cfg=Default] [TeamSwitch] 队伍配置：221222111
[2026-07-03 20:48:16.959][INF] [cfg=Default] 识别结果：9
[2026-07-03 20:48:16.959][INF] [cfg=Default] [TeamSwitch] 轮次 OCR 结果：'9'（第1次)
[2026-07-03 20:48:16.960][INF] [cfg=Default] [TeamSwitch] 剩余9轮(即将第2轮）→ 部队2
[2026-07-03 20:48:18.618][INF] [cfg=Default] [TeamSwitch] 换队完成：第2轮 → 部队2
[2026-07-03 20:48:48.982][INF] [cfg=Default] [TeamSwitch] 队伍配置：221222111
[2026-07-03 20:48:49.011][INF] [cfg=Default] 识别结果：8
[2026-07-03 20:48:49.011][INF] [cfg=Default] [TeamSwitch] 轮次 OCR 结果：'8'（第1次)
[2026-07-03 20:48:49.011][INF] [cfg=Default] [TeamSwitch] 剩余8轮(即将第3轮）→ 部队2
[2026-07-03 20:48:50.670][INF] [cfg=Default] [TeamSwitch] 换队完成：第3轮 → 部队2
[2026-07-03 20:49:10.157][INF] [cfg=Default] [TeamSwitch] 队伍配置：221222111
[2026-07-03 20:49:10.186][INF] [cfg=Default] 识别结果：7
[2026-07-03 20:49:10.186][INF] [cfg=Default] [TeamSwitch] 轮次 OCR 结果：'7'（第1次)
[2026-07-03 20:49:10.186][INF] [cfg=Default] [TeamSwitch] 剩余7轮(即将第4轮）→ 部队1
[2026-07-03 20:49:11.847][INF] [cfg=Default] [TeamSwitch] 换队完成：第4轮 → 部队1
[2026-07-03 20:49:31.657][INF] [cfg=Default] [TeamSwitch] 队伍配置：221222111
[2026-07-03 20:49:31.690][INF] [cfg=Default] 识别结果：6
[2026-07-03 20:49:31.690][INF] [cfg=Default] [TeamSwitch] 轮次 OCR 结果：'6'（第1次)
[2026-07-03 20:49:31.690][INF] [cfg=Default] [TeamSwitch] 剩余6轮(即将第5轮）→ 部队2
[2026-07-03 20:49:33.348][INF] [cfg=Default] [TeamSwitch] 换队完成：第5轮 → 部队2
[2026-07-03 20:50:06.759][INF] [cfg=Default] [TeamSwitch] 队伍配置：221222111
[2026-07-03 20:50:06.787][INF] [cfg=Default] 识别结果：5
[2026-07-03 20:50:06.787][INF] [cfg=Default] [TeamSwitch] 轮次 OCR 结果：'5'（第1次)
[2026-07-03 20:50:06.788][INF] [cfg=Default] [TeamSwitch] 剩余5轮(即将第6轮）→ 部队2
[2026-07-03 20:50:08.447][INF] [cfg=Default] [TeamSwitch] 换队完成：第6轮 → 部队2
[2026-07-03 20:50:27.795][INF] [cfg=Default] [TeamSwitch] 队伍配置：221222111
[2026-07-03 20:50:27.829][INF] [cfg=Default] 识别结果：4
[2026-07-03 20:50:27.829][INF] [cfg=Default] [TeamSwitch] 轮次 OCR 结果：'4'（第1次)
[2026-07-03 20:50:27.830][INF] [cfg=Default] [TeamSwitch] 剩余4轮(即将第7轮）→ 部队2
[2026-07-03 20:50:29.491][INF] [cfg=Default] [TeamSwitch] 换队完成：第7轮 → 部队2
[2026-07-03 20:50:48.713][INF] [cfg=Default] [TeamSwitch] 队伍配置：221222111
[2026-07-03 20:50:48.743][INF] [cfg=Default] 识别结果：3
[2026-07-03 20:50:48.743][INF] [cfg=Default] [TeamSwitch] 轮次 OCR 结果：'3'（第1次)
[2026-07-03 20:50:48.743][INF] [cfg=Default] [TeamSwitch] 剩余3轮(即将第8轮）→ 部队1
[2026-07-03 20:50:50.402][INF] [cfg=Default] [TeamSwitch] 换队完成：第8轮 → 部队1
[2026-07-03 20:51:08.164][INF] [cfg=Default] [TeamSwitch] 队伍配置：221222111
[2026-07-03 20:51:08.195][INF] [cfg=Default] 识别结果：2
[2026-07-03 20:51:08.195][INF] [cfg=Default] [TeamSwitch] 轮次 OCR 结果：'2'（第1次)
[2026-07-03 20:51:08.196][INF] [cfg=Default] [TeamSwitch] 剩余2轮(即将第9轮）→ 部队1
[2026-07-03 20:51:09.855][INF] [cfg=Default] [TeamSwitch] 换队完成：第9轮 → 部队1
[2026-07-03 20:51:28.567][INF] [cfg=Default] [TeamSwitch] 队伍配置：221222111
[2026-07-03 20:51:28.597][INF] [cfg=Default] 识别结果：1
[2026-07-03 20:51:28.597][INF] [cfg=Default] [TeamSwitch] 轮次 OCR 结果：'1'（第1次)
[2026-07-03 20:51:28.597][INF] [cfg=Default] [TeamSwitch] 剩余1轮(即将第10轮）→ 部队1
[2026-07-03 20:51:30.256][INF] [cfg=Default] [TeamSwitch] 换队完成：第10轮 → 部队1
[2026-07-03 20:51:57.844][INF] [cfg=Default][inst=配置 1/default][src=Worker][op=ExecuteTaskQueue] >>> 任务 队列任务完成（异步）。
[2026-07-03 20:51:57.845][INF] [cfg=Default][inst=配置 1/default][src=Monitor][op=MonitorLog] 任务已完成
[2026-07-03 20:51:58.345][INF] [cfg=Default][inst=配置 1/default][src=Monitor][op=MonitorLog] 开始任务：陆联
[2026-07-03 20:51:58.346][INF] [cfg=Default][inst=配置 1/default][src=Worker][op=ExecuteTaskQueue] >>> 任务 队列任务开始（异步）。
[2026-07-03 20:52:31.375][INF] [cfg=Default] [TeamSwitch] 队伍配置：221222111
[2026-07-03 20:52:31.402][INF] [cfg=Default] 识别结果：9
[2026-07-03 20:52:31.402][INF] [cfg=Default] [TeamSwitch] 轮次 OCR 结果：'9'（第1次)
[2026-07-03 20:52:31.402][INF] [cfg=Default] [TeamSwitch] 剩余9轮(即将第2轮）→ 部队2
[2026-07-03 20:52:33.063][INF] [cfg=Default] [TeamSwitch] 换队完成：第2轮 → 部队2
[2026-07-03 20:52:56.854][INF] [cfg=Default] [TeamSwitch] 队伍配置：221222111
[2026-07-03 20:52:56.880][INF] [cfg=Default] 识别结果：8
[2026-07-03 20:52:56.880][INF] [cfg=Default] [TeamSwitch] 轮次 OCR 结果：'8'（第1次)
[2026-07-03 20:52:56.880][INF] [cfg=Default] [TeamSwitch] 剩余8轮(即将第3轮）→ 部队2
[2026-07-03 20:52:58.539][INF] [cfg=Default] [TeamSwitch] 换队完成：第3轮 → 部队2
[2026-07-03 20:53:17.970][INF] [cfg=Default] [TeamSwitch] 队伍配置：221222111
[2026-07-03 20:53:17.999][INF] [cfg=Default] 识别结果：7
[2026-07-03 20:53:17.999][INF] [cfg=Default] [TeamSwitch] 轮次 OCR 结果：'7'（第1次)
[2026-07-03 20:53:17.999][INF] [cfg=Default] [TeamSwitch] 剩余7轮(即将第4轮）→ 部队1
[2026-07-03 20:53:19.659][INF] [cfg=Default] [TeamSwitch] 换队完成：第4轮 → 部队1
[2026-07-03 20:53:40.151][INF] [cfg=Default] [TeamSwitch] 队伍配置：221222111
[2026-07-03 20:53:40.180][INF] [cfg=Default] 识别结果：6
[2026-07-03 20:53:40.180][INF] [cfg=Default] [TeamSwitch] 轮次 OCR 结果：'6'（第1次)
[2026-07-03 20:53:40.181][INF] [cfg=Default] [TeamSwitch] 剩余6轮(即将第5轮）→ 部队2
[2026-07-03 20:53:41.840][INF] [cfg=Default] [TeamSwitch] 换队完成：第5轮 → 部队2
[2026-07-03 20:54:04.571][INF] [cfg=Default] [TeamSwitch] 队伍配置：221222111
[2026-07-03 20:54:04.603][INF] [cfg=Default] 识别结果：5
[2026-07-03 20:54:04.603][INF] [cfg=Default] [TeamSwitch] 轮次 OCR 结果：'5'（第1次)
[2026-07-03 20:54:04.603][INF] [cfg=Default] [TeamSwitch] 剩余5轮(即将第6轮）→ 部队2
[2026-07-03 20:54:06.262][INF] [cfg=Default] [TeamSwitch] 换队完成：第6轮 → 部队2
[2026-07-03 20:54:25.905][INF] [cfg=Default] [TeamSwitch] 队伍配置：221222111
[2026-07-03 20:54:25.931][INF] [cfg=Default] 识别结果：4
[2026-07-03 20:54:25.931][INF] [cfg=Default] [TeamSwitch] 轮次 OCR 结果：'4'（第1次)
[2026-07-03 20:54:25.932][INF] [cfg=Default] [TeamSwitch] 剩余4轮(即将第7轮）→ 部队2
[2026-07-03 20:54:27.590][INF] [cfg=Default] [TeamSwitch] 换队完成：第7轮 → 部队2
[2026-07-03 20:54:53.986][INF] [cfg=Default] [TeamSwitch] 队伍配置：221222111
[2026-07-03 20:54:54.013][INF] [cfg=Default] 识别结果：3
[2026-07-03 20:54:54.013][INF] [cfg=Default] [TeamSwitch] 轮次 OCR 结果：'3'（第1次)
[2026-07-03 20:54:54.014][INF] [cfg=Default] [TeamSwitch] 剩余3轮(即将第8轮）→ 部队1
[2026-07-03 20:54:55.671][INF] [cfg=Default] [TeamSwitch] 换队完成：第8轮 → 部队1
[2026-07-03 20:55:12.432][INF] [cfg=Default] [TeamSwitch] 队伍配置：221222111
[2026-07-03 20:55:12.458][INF] [cfg=Default] 识别结果：2
[2026-07-03 20:55:12.458][INF] [cfg=Default] [TeamSwitch] 轮次 OCR 结果：'2'（第1次)
[2026-07-03 20:55:12.458][INF] [cfg=Default] [TeamSwitch] 剩余2轮(即将第9轮）→ 部队1
[2026-07-03 20:55:14.118][INF] [cfg=Default] [TeamSwitch] 换队完成：第9轮 → 部队1
[2026-07-03 20:55:30.744][INF] [cfg=Default] [TeamSwitch] 队伍配置：221222111
[2026-07-03 20:55:30.768][INF] [cfg=Default] 识别结果：1
[2026-07-03 20:55:30.768][INF] [cfg=Default] [TeamSwitch] 轮次 OCR 结果：'1'（第1次)
[2026-07-03 20:55:30.768][INF] [cfg=Default] [TeamSwitch] 剩余1轮(即将第10轮）→ 部队1
[2026-07-03 20:55:32.427][INF] [cfg=Default] [TeamSwitch] 换队完成：第10轮 → 部队1
[2026-07-03 20:55:58.923][INF] [cfg=Default][inst=配置 1/default][src=Worker][op=ExecuteTaskQueue] >>> 任务 队列任务完成（异步）。
[2026-07-03 20:55:58.924][INF] [cfg=Default][inst=配置 1/default][src=Monitor][op=MonitorLog] 任务已完成
[2026-07-03 20:55:59.433][INF] [cfg=Default][inst=配置 1/default][src=Worker][op=ExecuteTaskQueue] >>> 任务 启动附加结束脚本开始（异步）。
[2026-07-03 20:55:59.434][INF] [cfg=Default][inst=配置 1/default][src=Worker][op=ExecuteTaskQueue] >>> 任务 启动附加结束脚本完成（异步）。
[2026-07-03 20:55:59.435][INF] [cfg=Default][inst=配置 1/default][src=Worker][op=ExecuteTaskQueue] >>> 任务 启动任务完成（异步）。
[2026-07-03 20:55:59.436][INF] [cfg=Default][inst=配置 1/default][src=Worker][op=StopTask] 停止前状态：SUCCEEDED
[2026-07-03 20:55:59.436][INF] [cfg=Default][inst=配置 1/default][src=Worker][op=StopTask] >>> 任务 停止maafw任务开始（异步）。
[2026-07-03 20:55:59.438][INF] [cfg=Default][inst=配置 1/default][src=Worker][op=StopTask] >>> 任务 播放音频开始。
[2026-07-03 20:55:59.541][INF] [cfg=Default][inst=配置 1/default][src=Worker][op=StopTask] >>> 任务 播放音频完成。
[2026-07-03 20:55:59.575][INF] [cfg=Default][inst=配置 1/default][src=Monitor][op=MonitorLog] 任务已全部完成！
(用时 0h 8m 12s)
[2026-07-03 21:04:49.567][INF] [cfg=Default] [内存管理]释放了8.97 MB（15.0%)
[2026-07-03 21:05:09.585][INF] [cfg=Default] [内存管理]释放了8.84 MB（14.8%)
[2026-07-03 21:05:29.602][INF] [cfg=Default] [内存管理]释放了8.79 MB（14.8%)
[2026-07-03 21:05:49.620][INF] [cfg=Default] [内存管理]释放了8.82 MB（14.8%)
[2026-07-03 21:06:09.639][INF] [cfg=Default] [内存管理]释放了8.78 MB（14.8%)
[2026-07-03 21:06:29.656][INF] [cfg=Default] [内存管理]释放了8.68 MB（14.6%)
[2026-07-03 21:06:49.674][INF] [cfg=Default] [内存管理]释放了8.79 MB（14.8%)
[2026-07-03 21:07:09.693][INF] [cfg=Default] [内存管理]释放了8.69 MB（14.6%)
[2026-07-03 21:07:29.712][INF] [cfg=Default] [内存管理]释放了8.83 MB（14.8%)
[2026-07-03 21:07:49.734][INF] [cfg=Default] [内存管理]释放了8.73 MB（14.7%)
[2026-07-03 21:08:09.754][INF] [cfg=Default] [内存管理]释放了8.72 MB（14.7%)
[2026-07-03 21:08:29.769][INF] [cfg=Default] [内存管理]释放了8.80 MB（14.8%)
[2026-07-03 21:08:49.788][INF] [cfg=Default] [内存管理]释放了8.73 MB（14.7%)
[2026-07-03 21:09:09.805][INF] [cfg=Default] [内存管理]释放了8.73 MB（14.7%)
[2026-07-03 21:09:29.824][INF] [cfg=Default] [内存管理]释放了8.72 MB（14.7%)
[2026-07-03 21:09:49.841][INF] [cfg=Default] [内存管理]释放了8.75 MB（14.7%)
[2026-07-03 21:10:09.861][INF] [cfg=Default] [内存管理]释放了8.75 MB（14.7%)
[2026-07-03 21:10:29.881][INF] [cfg=Default] [内存管理]释放了8.76 MB（14.7%)
[2026-07-03 21:10:49.901][INF] [cfg=Default] [内存管理]释放了8.72 MB（14.7%)
[2026-07-03 21:11:09.920][INF] [cfg=Default] [内存管理]释放了8.71 MB（14.7%)
[2026-07-03 21:11:49.964][INF] [cfg=Default] [内存管理]释放了5.84 MB（10.8%)
[2026-07-03 21:12:09.983][INF] [cfg=Default] [内存管理]释放了8.75 MB（15.4%)
[2026-07-03 21:12:30.002][INF] [cfg=Default] [内存管理]释放了8.75 MB（15.4%)
[2026-07-03 21:12:50.021][INF] [cfg=Default] [内存管理]释放了8.79 MB（15.4%)
[2026-07-03 21:13:10.039][INF] [cfg=Default] [内存管理]释放了8.76 MB（15.4%)
[2026-07-03 21:13:30.059][INF] [cfg=Default] [内存管理]释放了8.78 MB（15.4%)
[2026-07-03 21:13:50.077][INF] [cfg=Default] [内存管理]释放了8.70 MB（15.3%)
[2026-07-03 21:14:10.098][INF] [cfg=Default] [内存管理]释放了8.71 MB（15.3%)
[2026-07-03 21:15:40.151][INF] [cfg=Default] [内存管理]释放了9.51 MB（16.5%)
[2026-07-03 21:16:00.168][INF] [cfg=Default] [内存管理]释放了8.79 MB（15.4%)
[2026-07-03 21:16:31.672][INF] [cfg=Default] 应用已关闭
[2026-07-03 21:16:31.678][INF] [cfg=Default] 已释放自定义类目录监听器。
[2026-07-03 21:17:38.429][INF] 正在加载配置列表...
[2026-07-03 21:17:38.453][INF] 应用安装目录：D:\Claude_Workspace\AATL
[2026-07-03 21:17:38.453][INF] 应用数据目录：D:\Claude_Workspace\AATL
[2026-07-03 21:17:38.453][INF] 是否使用独立数据目录：False
[2026-07-03 21:17:38.453][INF] 配置目录：D:\Claude_Workspace\AATL\resource\config
[2026-07-03 21:17:38.453][INF] 是否使用本地配置目录：True
[2026-07-03 21:17:38.453][INF] 日志目录：D:\Claude_Workspace\AATL\debug\logs
[2026-07-03 21:17:38.453][INF] 备份文件数量：43
[2026-07-03 21:17:38.453][INF] 临时目录是否存在：True
[2026-07-03 21:17:38.453][INF] [cfg=Default] 应用安装目录：D:\Claude_Workspace\AATL
[2026-07-03 21:17:38.453][INF] [cfg=Default] 应用数据目录：D:\Claude_Workspace\AATL
[2026-07-03 21:17:38.453][INF] [cfg=Default] 是否使用独立数据目录：False
[2026-07-03 21:17:38.453][INF] [cfg=Default] 配置目录：D:\Claude_Workspace\AATL\resource\config
[2026-07-03 21:17:38.453][INF] [cfg=Default] 是否使用本地配置目录：True
[2026-07-03 21:17:38.453][INF] [cfg=Default] 日志目录：D:\Claude_Workspace\AATL\debug\logs
[2026-07-03 21:17:38.453][INF] [cfg=Default] 备份文件数量：43
[2026-07-03 21:17:38.453][INF] [cfg=Default] 临时目录是否存在：True
[2026-07-03 21:17:38.459][INF] [cfg=Default] 已通过 Windows API 添加 DLL 搜索目录：D:\Claude_Workspace\AATL\runtimes/libs
[2026-07-03 21:17:38.459][INF] [cfg=Default] 库解析器初始化完成：libsPath=D:\Claude_Workspace\AATL\runtimes/libs，目录存在=True
[2026-07-03 21:17:38.463][INF] [cfg=Default] 检测到 MaaFramework 运行时目录：数量=1，路径=[D:\Claude_Workspace\AATL\runtimes\win-x64\native]
[2026-07-03 21:17:38.464][INF] [cfg=Default] 启动参数：数量=0，内容=[]
[2026-07-03 21:17:38.464][INF] [cfg=Default] 程序版本：v2.12.2-beta.1
[2026-07-03 21:17:38.464][INF] [cfg=Default] .NET 运行时：.NET 10.0.8
[2026-07-03 21:17:38.970][INF] [cfg=Default] 开始初始化语言管理器。
[2026-07-03 21:17:39.096][INF] [cfg=Default] 当前配置：Default
[2026-07-03 21:17:39.135][INF] [cfg=Default] 已恢复系统休眠。
[2026-07-03 21:17:39.138][INF] [cfg=Default] 热键主进程选举：已成为主进程（创建了新的全局互斥锁）。
[2026-07-03 21:17:39.138][INF] [cfg=Default] 全局热键服务：作为主进程初始化。
[2026-07-03 21:17:39.149][INF] [cfg=Default] 热键 IPC 端口文件已保存：文件=C:\Users\Alouette\AppData\Local\Temp\MFAAvalonia\hotkey_ipc_port.txt
[2026-07-03 21:17:39.149][INF] [cfg=Default] 热键 IPC 服务端已启动：端口=52718
[2026-07-03 21:17:39.161][INF] [cfg=Default] [内存管理]释放了1.28 MB（31.0%)
[2026-07-03 21:17:39.233][WRN] [cfg=Default] 界面资源接口尚未初始化完成。
[2026-07-03 21:17:39.243][INF] [cfg=Default] [调试] instances 目录中实际存在的实例文件数量：1, ID列表：[default]
[2026-07-03 21:17:39.313][INF] [cfg=Default] 本地更新包按钮可见性已刷新：来源=config.Debug(string)，原始值=，解析结果=False
[2026-07-03 21:17:39.313][INF] [cfg=Default] 资源版本：0.5.4
[2026-07-03 21:17:39.314][INF] [cfg=Default] MaaFramework 版本：v5.11.1
[2026-07-03 21:17:39.372][INF] [cfg=Default] [懒加载] 已加载当天有定时任务的实例
[2026-07-03 21:17:39.431][INF] [cfg=Default] 窗口大小已加载：宽度=1028，高度=650
[2026-07-03 21:17:39.439][INF] [cfg=Default] 窗口位置已加载：X=815，Y=371
[2026-07-03 21:17:39.724][WRN] [cfg=Default] 跨平台数据解密失败：参数错误。
[2026-07-03 21:17:39.785][WRN] [cfg=Default] 跨平台数据解密失败：The input is not a valid Base-64 string as it contains a non-base 64 character, more than two padding characters, or an illegal character among the padding characters.
[2026-07-03 21:17:39.824][INF] [cfg=Default] 本地更新包按钮可见性已刷新：来源=config.Debug(string)，原始值=，解析结果=False
[2026-07-03 21:17:39.825][INF] [cfg=Default] 设置页调试卡片可见性已应用：False
[2026-07-03 21:17:39.947][INF] [cfg=Default] [调试] instances 目录中实际存在的实例文件数量：1, ID列表：[default]
[2026-07-03 21:17:39.957][INF] [cfg=Default] [懒加载] 已加载当天有定时任务的实例
[2026-07-03 21:17:40.276][INF] [cfg=Default] [懒加载] 所有实例加载完成
[2026-07-03 21:17:40.276][INF] [cfg=Default] [懒加载] 所有实例加载完成
[2026-07-03 21:17:40.334][INF] [cfg=Default] 界面初始化开始
[2026-07-03 21:17:40.400][INF] [cfg=Default][inst=配置 1/default][src=UI][op=ChangeResource] 当前资源变更：resource=, controller=Adb
[2026-07-03 21:17:40.401][INF] [cfg=Default][inst=配置 1/default][src=UI][op=ChangeResource] 当前资源变更：resource=刀剑乱舞, controller=Adb
[2026-07-03 21:17:40.404][INF] [cfg=Default][inst=配置 1/default][src=UI][op=ChangeResource] 当前资源变更：resource=, controller=Adb
[2026-07-03 21:17:40.408][INF] [cfg=Default][inst=配置 1/default][src=UI][op=ChangeResource] 当前资源变更：resource=刀剑乱舞, controller=Adb
[2026-07-03 21:17:40.770][INF] [cfg=Default] 保留最近的备份文件：D:\Claude_Workspace\AATL\runtimes\libs\Avalonia.Xaml.Interactivity.dll.202607031917.0.backupMFA
[2026-07-03 21:17:40.771][INF] [cfg=Default] 保留最近的备份文件：D:\Claude_Workspace\AATL\runtimes\libs\AvaloniaEdit.TextMate.dll.202607031917.0.backupMFA
[2026-07-03 21:17:40.771][INF] [cfg=Default] 保留最近的备份文件：D:\Claude_Workspace\AATL\runtimes\libs\AvaloniaExtensions.Axaml.dll.202607031917.0.backupMFA
[2026-07-03 21:17:40.771][INF] [cfg=Default] 保留最近的备份文件：D:\Claude_Workspace\AATL\runtimes\libs\av_libglesv2.dll.202607031917.0.backupMFA
[2026-07-03 21:17:40.771][INF] [cfg=Default] 保留最近的备份文件：D:\Claude_Workspace\AATL\runtimes\libs\CalcBindingAva.dll.202607031917.0.backupMFA
[2026-07-03 21:17:40.771][INF] [cfg=Default] 保留最近的备份文件：D:\Claude_Workspace\AATL\runtimes\libs\ColorDocument.Avalonia.dll.202607031917.0.backupMFA
[2026-07-03 21:17:40.771][INF] [cfg=Default] 保留最近的备份文件：D:\Claude_Workspace\AATL\runtimes\libs\ColorTextBlock.Avalonia.dll.202607031917.0.backupMFA
[2026-07-03 21:17:40.771][INF] [cfg=Default] 保留最近的备份文件：D:\Claude_Workspace\AATL\runtimes\libs\CommunityToolkit.Mvvm.dll.202607031917.0.backupMFA
[2026-07-03 21:17:40.771][INF] [cfg=Default] 保留最近的备份文件：D:\Claude_Workspace\AATL\runtimes\libs\CrossPlatformProtectedData.dll.202607031917.0.backupMFA
[2026-07-03 21:17:40.771][INF] [cfg=Default] 保留最近的备份文件：D:\Claude_Workspace\AATL\runtimes\libs\DynamicExpresso.Core.dll.202607031917.0.backupMFA
[2026-07-03 21:17:40.771][INF] [cfg=Default] 保留最近的备份文件：D:\Claude_Workspace\AATL\runtimes\libs\FluentAvalonia.dll.202607031917.0.backupMFA
[2026-07-03 21:17:40.771][INF] [cfg=Default] 保留最近的备份文件：D:\Claude_Workspace\AATL\runtimes\libs\FluentIcons.Resources.Avalonia.dll.202607031917.0.backupMFA
[2026-07-03 21:17:40.771][INF] [cfg=Default] 保留最近的备份文件：D:\Claude_Workspace\AATL\runtimes\libs\HarfBuzzSharp.dll.202607031917.0.backupMFA
[2026-07-03 21:17:40.771][INF] [cfg=Default] 保留最近的备份文件：D:\Claude_Workspace\AATL\runtimes\libs\HtmlAgilityPack.dll.202607031917.0.backupMFA
[2026-07-03 21:17:40.771][INF] [cfg=Default] 保留最近的备份文件：D:\Claude_Workspace\AATL\runtimes\libs\Lang.Avalonia.dll.202607031917.0.backupMFA
[2026-07-03 21:17:40.771][INF] [cfg=Default] 保留最近的备份文件：D:\Claude_Workspace\AATL\runtimes\libs\libHarfBuzzSharp.dll.202607031917.0.backupMFA
[2026-07-03 21:17:40.771][INF] [cfg=Default] 保留最近的备份文件：D:\Claude_Workspace\AATL\runtimes\libs\libSkiaSharp.dll.202607031917.0.backupMFA
[2026-07-03 21:17:40.771][INF] [cfg=Default] 保留最近的备份文件：D:\Claude_Workspace\AATL\runtimes\libs\MaaFramework.Binding.Native.dll.202607031917.0.backupMFA
[2026-07-03 21:17:40.771][INF] [cfg=Default] 保留最近的备份文件：D:\Claude_Workspace\AATL\runtimes\libs\Markdown.Avalonia.SyntaxHigh.dll.202607031917.0.backupMFA
[2026-07-03 21:17:40.771][INF] [cfg=Default] 保留最近的备份文件：D:\Claude_Workspace\AATL\runtimes\libs\MFAAvalonia.Core.dll.202607031917.0.backupMFA
[2026-07-03 21:17:40.771][INF] [cfg=Default] 保留最近的备份文件：D:\Claude_Workspace\AATL\runtimes\libs\MicroCom.Runtime.dll.202607031917.0.backupMFA
[2026-07-03 21:17:40.771][INF] [cfg=Default] 保留最近的备份文件：D:\Claude_Workspace\AATL\runtimes\libs\Microsoft.WindowsAPICodePack.Shell.dll.202607031917.0.backupMFA
[2026-07-03 21:17:40.771][INF] [cfg=Default] 保留最近的备份文件：D:\Claude_Workspace\AATL\runtimes\libs\NETCore.Encrypt.dll.202607031917.0.backupMFA
[2026-07-03 21:17:40.771][INF] [cfg=Default] 保留最近的备份文件：D:\Claude_Workspace\AATL\runtimes\libs\Newtonsoft.Json.dll.202607031917.0.backupMFA
[2026-07-03 21:17:40.771][INF] [cfg=Default] 保留最近的备份文件：D:\Claude_Workspace\AATL\runtimes\libs\Semver.dll.202607031917.0.backupMFA
[2026-07-03 21:17:40.771][INF] [cfg=Default] 保留最近的备份文件：D:\Claude_Workspace\AATL\runtimes\libs\Serilog.Sinks.File.dll.202607031917.0.backupMFA
[2026-07-03 21:17:40.771][INF] [cfg=Default] 保留最近的备份文件：D:\Claude_Workspace\AATL\runtimes\libs\SharpCompress.dll.202607031917.0.backupMFA
[2026-07-03 21:17:40.771][INF] [cfg=Default] 保留最近的备份文件：D:\Claude_Workspace\AATL\runtimes\libs\SharpHook.dll.202607031917.0.backupMFA
[2026-07-03 21:17:40.771][INF] [cfg=Default] 保留最近的备份文件：D:\Claude_Workspace\AATL\runtimes\libs\SkiaSharp.dll.202607031917.0.backupMFA
[2026-07-03 21:17:40.771][INF] [cfg=Default] 保留最近的备份文件：D:\Claude_Workspace\AATL\runtimes\libs\SukiUI.dll.202607031917.0.backupMFA
[2026-07-03 21:17:40.771][INF] [cfg=Default] 保留最近的备份文件：D:\Claude_Workspace\AATL\runtimes\libs\System.Security.Cryptography.ProtectedData.dll.202607031917.0.backupMFA
[2026-07-03 21:17:40.771][INF] [cfg=Default] 保留最近的备份文件：D:\Claude_Workspace\AATL\runtimes\libs\TextMateSharp.Grammars.dll.202607031917.0.backupMFA
[2026-07-03 21:17:40.771][INF] [cfg=Default] 保留最近的备份文件：D:\Claude_Workspace\AATL\runtimes\libs\uiohook.dll.202607031917.0.backupMFA
[2026-07-03 21:17:40.771][INF] [cfg=Default] 保留最近的备份文件：D:\Claude_Workspace\AATL\runtimes\libs\ZstdSharp.dll.202607031917.0.backupMFA
[2026-07-03 21:17:40.786][INF] [cfg=Default] 保留最近的备份文件：D:\Claude_Workspace\AATL\runtimes\win-x64\native\DirectML.dll.202607031917.0.backupMFA
[2026-07-03 21:17:40.786][INF] [cfg=Default] 保留最近的备份文件：D:\Claude_Workspace\AATL\runtimes\win-x64\native\fastdeploy_ppocr_maa.dll.202607031917.0.backupMFA
[2026-07-03 21:17:40.786][INF] [cfg=Default] 保留最近的备份文件：D:\Claude_Workspace\AATL\runtimes\win-x64\native\MaaFramework.dll.202607031917.0.backupMFA
[2026-07-03 21:17:40.787][INF] [cfg=Default] 保留最近的备份文件：D:\Claude_Workspace\AATL\runtimes\win-x64\native\MaaToolkit.dll.202607031917.0.backupMFA
[2026-07-03 21:17:40.787][INF] [cfg=Default] 保留最近的备份文件：D:\Claude_Workspace\AATL\runtimes\win-x64\native\MaaUtils.dll.202607031917.0.backupMFA
[2026-07-03 21:17:40.787][INF] [cfg=Default] 保留最近的备份文件：D:\Claude_Workspace\AATL\runtimes\win-x64\native\onnxruntime_maa.dll.202607031917.0.backupMFA
[2026-07-03 21:17:40.787][INF] [cfg=Default] 保留最近的备份文件：D:\Claude_Workspace\AATL\runtimes\win-x64\native\opencv_world4_maa.dll.202607031917.0.backupMFA
[2026-07-03 21:17:40.803][INF] [cfg=Default] 保留最近的备份文件：D:\Claude_Workspace\AATL\runtimes\libs\locales\en-US\MFAAvalonia.Core.resources.dll.202607031917.0.backupMFA
[2026-07-03 21:17:40.804][INF] [cfg=Default] 保留最近的备份文件：D:\Claude_Workspace\AATL\runtimes\win-x64\native\plugins\MaaPluginDemo.dll.202607031917.0.backupMFA
[2026-07-03 21:17:40.985][INF] [cfg=Default] >>> 任务 公告和最新版本检测开始（异步）。
[2026-07-03 21:17:41.341][INF] [cfg=Default] 正在从配置中读取已保存的 ADB 设备，并启用指纹匹配。
[2026-07-03 21:17:41.342][INF] [cfg=Default] 已保存设备的指纹：MuMu安卓设备-MuMuPlayer12 v5|0|127.0.0.1|16384
[2026-07-03 21:17:41.833][INF] [cfg=Default] 按指纹匹配到的设备数量：1
[2026-07-03 21:17:41.834][INF] [cfg=Default] 已通过指纹匹配到设备：名称=MuMu安卓设备-MuMuPlayer12 v5，ADB 序列号=127.0.0.1:16384
[2026-07-03 21:17:42.000][INF] [cfg=Default][inst=配置 1/default][src=Monitor][op=MonitorLog] 正在连接至模拟器......
[2026-07-03 21:17:42.160][INF] [cfg=Default][inst=配置 1/default][src=Worker][op=ExecuteTaskQueue] >>> 任务 启动任务开始（异步）。
[2026-07-03 21:17:42.232][INF] [cfg=Default][inst=配置 1/default][src=UI][op=ChangeDevice] 当前连接目标变更：controller=Adb, resource=刀剑乱舞, device=MuMu安卓设备-MuMuPlayer12 v5（127.0.0.1:16384)
[2026-07-03 21:17:42.232][INF] [cfg=Default][inst=配置 1/default][src=Worker][op=ExecuteTaskQueue] 正在载入资源
[2026-07-03 21:17:42.232][INF] [cfg=Default][inst=配置 1/default][src=Worker][op=ExecuteTaskQueue] 资源路径：D:\Claude_Workspace\AATL\resource\base
[2026-07-03 21:17:42.233][INF] [cfg=Default][inst=配置 1/default][src=Worker][op=ExecuteTaskQueue] >>> 任务 资源检测开始（异步）。
[2026-07-03 21:17:42.274][INF] [cfg=Default][inst=配置 1/default][src=Worker][op=ExecuteTaskQueue] >>> 任务 资源检测完成（异步）。
[2026-07-03 21:17:42.275][INF] [cfg=Default][inst=配置 1/default][src=Worker][op=ExecuteTaskQueue] 启用 GPU 推理：成功
[2026-07-03 21:17:42.275][INF] [cfg=Default][inst=配置 1/default][src=Worker][op=ExecuteTaskQueue] GPU acceleration: Auto
[2026-07-03 21:17:42.275][INF] [cfg=Default][inst=配置 1/default][src=Worker][op=ExecuteTaskQueue] >>> 任务 控制器检测开始（异步）。
[2026-07-03 21:17:42.276][INF] [cfg=Default][inst=配置 1/default][src=Worker][op=ExecuteTaskQueue] 正在加载 MAA 控制器配置...
[2026-07-03 21:17:42.278][INF] [cfg=Default][inst=配置 1/default][src=Worker][op=ExecuteTaskQueue] 触控模式:Default,捕获模式:EmulatorExtras
[2026-07-03 21:17:42.278][INF] [cfg=Default][inst=配置 1/default][src=Worker][op=ExecuteTaskQueue] 设备名称：MuMu安卓设备-MuMuPlayer12 v5
[2026-07-03 21:17:42.278][INF] [cfg=Default][inst=配置 1/default][src=Worker][op=ExecuteTaskQueue] ADB 路径：D:/Apps/MuMu/MuMuPlayer/nx_main/adb.exe
[2026-07-03 21:17:42.278][INF] [cfg=Default][inst=配置 1/default][src=Worker][op=ExecuteTaskQueue] ADB 序列号：127.0.0.1:16384
[2026-07-03 21:17:42.278][INF] [cfg=Default][inst=配置 1/default][src=Worker][op=ExecuteTaskQueue] 截图模式：EmulatorExtras
[2026-07-03 21:17:42.278][INF] [cfg=Default][inst=配置 1/default][src=Worker][op=ExecuteTaskQueue] 输入模式：Default
[2026-07-03 21:17:42.278][INF] [cfg=Default][inst=配置 1/default][src=Worker][op=ExecuteTaskQueue] 控制器配置：{"extras":{"mumu":{"enable":true,"index":0,"path":"D:/Apps/MuMu/MuMuPlayer"}}
[2026-07-03 21:17:42.311][INF] [cfg=Default] >>> 任务 公告和最新版本检测完成（异步）。
[2026-07-03 21:17:42.984][INF] [cfg=Default][inst=配置 1/default][src=Worker][op=ExecuteTaskQueue] >>> 任务 控制器检测完成（异步）。
[2026-07-03 21:17:43.666][INF] [cfg=Default][inst=配置 1/default][src=Worker][op=ExecuteTaskQueue] 已注册内置特殊任务动作。
[2026-07-03 21:17:43.679][INF] [cfg=Default][inst=配置 1/default][src=Worker][op=ExecuteTaskQueue] 已启动自定义类目录监听：目录=D:\Claude_Workspace\AATL\resource\base\custom
[2026-07-03 21:17:43.683][INF] [cfg=Default][inst=配置 1/default][src=Worker][op=ExecuteTaskQueue] 开始解析自定义类：名称=CaptainDamageAction，文件=D:\Claude_Workspace\AATL\resource\base\custom\CaptainDamageAction.cs
[2026-07-03 21:17:44.595][INF] [cfg=Default][inst=配置 1/default][src=Worker][op=ExecuteTaskQueue] 已成功加载自定义类：名称=CaptainDamageAction，文件=D:\Claude_Workspace\AATL\resource\base\custom\CaptainDamageAction.cs
[2026-07-03 21:17:44.595][INF] [cfg=Default][inst=配置 1/default][src=Worker][op=ExecuteTaskQueue] 开始解析自定义类：名称=DamageLogAction，文件=D:\Claude_Workspace\AATL\resource\base\custom\DamageLogAction.cs
[2026-07-03 21:17:44.705][INF] [cfg=Default][inst=配置 1/default][src=Worker][op=ExecuteTaskQueue] 已成功加载自定义类：名称=DamageLogAction，文件=D:\Claude_Workspace\AATL\resource\base\custom\DamageLogAction.cs
[2026-07-03 21:17:44.705][INF] [cfg=Default][inst=配置 1/default][src=Worker][op=ExecuteTaskQueue] 开始解析自定义类：名称=DispatchLogAction，文件=D:\Claude_Workspace\AATL\resource\base\custom\DispatchLogAction.cs
[2026-07-03 21:17:44.911][INF] [cfg=Default][inst=配置 1/default][src=Worker][op=ExecuteTaskQueue] 已成功加载自定义类：名称=DispatchLogAction，文件=D:\Claude_Workspace\AATL\resource\base\custom\DispatchLogAction.cs
[2026-07-03 21:17:44.912][INF] [cfg=Default][inst=配置 1/default][src=Worker][op=ExecuteTaskQueue] 开始解析自定义类：名称=DungeonFloorSelectAction，文件=D:\Claude_Workspace\AATL\resource\base\custom\DungeonFloorSelectAction.cs
[2026-07-03 21:17:45.083][INF] [cfg=Default][inst=配置 1/default][src=Worker][op=ExecuteTaskQueue] 已成功加载自定义类：名称=DungeonFloorSelectAction，文件=D:\Claude_Workspace\AATL\resource\base\custom\DungeonFloorSelectAction.cs
[2026-07-03 21:17:45.083][INF] [cfg=Default][inst=配置 1/default][src=Worker][op=ExecuteTaskQueue] 开始解析自定义类：名称=ExpeditionMapSelectAction，文件=D:\Claude_Workspace\AATL\resource\base\custom\ExpeditionMapSelectAction.cs
[2026-07-03 21:17:45.143][INF] [cfg=Default][inst=配置 1/default][src=Worker][op=ExecuteTaskQueue] 已成功加载自定义类：名称=ExpeditionMapSelectAction，文件=D:\Claude_Workspace\AATL\resource\base\custom\ExpeditionMapSelectAction.cs
[2026-07-03 21:17:45.143][INF] [cfg=Default][inst=配置 1/default][src=Worker][op=ExecuteTaskQueue] 开始解析自定义类：名称=TeamSwitchAction，文件=D:\Claude_Workspace\AATL\resource\base\custom\TeamSwitchAction.cs
[2026-07-03 21:17:45.221][INF] [cfg=Default][inst=配置 1/default][src=Worker][op=ExecuteTaskQueue] 已成功加载自定义类：名称=TeamSwitchAction，文件=D:\Claude_Workspace\AATL\resource\base\custom\TeamSwitchAction.cs
[2026-07-03 21:17:45.222][INF] [cfg=Default][inst=配置 1/default][src=Worker][op=ExecuteTaskQueue] 已注册自定义动作：CaptainDamageAction
[2026-07-03 21:17:45.222][INF] [cfg=Default][inst=配置 1/default][src=Worker][op=ExecuteTaskQueue] 已注册自定义动作：DamageLogAction
[2026-07-03 21:17:45.222][INF] [cfg=Default][inst=配置 1/default][src=Worker][op=ExecuteTaskQueue] 已注册自定义动作：DispatchLogAction
[2026-07-03 21:17:45.222][INF] [cfg=Default][inst=配置 1/default][src=Worker][op=ExecuteTaskQueue] 已注册自定义动作：DungeonFloorSelectAction
[2026-07-03 21:17:45.222][INF] [cfg=Default][inst=配置 1/default][src=Worker][op=ExecuteTaskQueue] 已注册自定义动作：ExpeditionMapSelectAction
[2026-07-03 21:17:45.222][INF] [cfg=Default][inst=配置 1/default][src=Worker][op=ExecuteTaskQueue] 已注册自定义动作：TeamSwitchAction
[2026-07-03 21:17:45.223][INF] [cfg=Default][inst=配置 1/default][src=Worker][op=ExecuteTaskQueue] 未找到自定义目录：D:\Claude_Workspace\AATL\resource\custom
[2026-07-03 21:17:45.223][INF] [cfg=Default][inst=配置 1/default][src=Worker][op=ExecuteTaskQueue] 连接状态变更：已连接。
[2026-07-03 21:17:45.224][INF] [cfg=Default][inst=配置 1/default][src=Worker][op=ExecuteTaskQueue] MaaFW 调试模式：False
[2026-07-03 21:17:47.134][INF] [cfg=Default][inst=配置 1/default][src=Worker][op=ExecuteTaskQueue] >>> 任务 启动检测开始（异步）。
[2026-07-03 21:17:47.136][INF] [cfg=Default][inst=配置 1/default][src=Worker][op=ExecuteTaskQueue] 开始执行更新任务：名称=查询CDK
[2026-07-03 21:17:47.136][INF] [cfg=Default][inst=配置 1/default][src=Worker][op=ExecuteTaskQueue] 更新任务完成：名称=查询CDK
[2026-07-03 21:17:47.136][INF] [cfg=Default][inst=配置 1/default][src=Worker][op=ExecuteTaskQueue] 开始执行更新任务：名称=更新资源
[2026-07-03 21:17:48.610][INF] [cfg=Default][inst=配置 1/default][src=Worker][op=ExecuteTaskQueue] 目标系统：平台=win，系统家族=windows，架构=x64
[2026-07-03 21:17:49.461][INF] [cfg=Default][inst=配置 1/default][src=Worker][op=ExecuteTaskQueue] 候选资产优先级：名称=aatl-v0.5.3-beta.zip，优先级=0
[2026-07-03 21:17:49.472][INF] [cfg=Default][inst=配置 1/default][src=Worker][op=ExecuteTaskQueue] 更新任务完成：名称=更新资源
[2026-07-03 21:17:49.472][INF] [cfg=Default][inst=配置 1/default][src=Worker][op=ExecuteTaskQueue] >>> 任务 启动检测完成（异步）。
[2026-07-03 21:17:49.472][INF] [cfg=Default][inst=配置 1/default][src=Worker][op=ExecuteTaskQueue] >>> 任务 启动任务完成（异步）。
[2026-07-03 21:17:49.480][INF] [cfg=Default][inst=配置 1/default][src=Worker][op=StopTask] 停止前状态：SUCCEEDED
[2026-07-03 21:17:49.481][INF] [cfg=Default][inst=配置 1/default][src=Worker][op=StopTask] >>> 任务 停止maafw任务开始（异步）。
[2026-07-03 21:17:49.484][INF] [cfg=Default][inst=配置 1/default][src=Monitor][op=MonitorLog] 任务已全部完成！
(用时 0h 0m 7s)
[2026-07-03 21:18:09.200][INF] [cfg=Default] [内存管理]释放了6.09 MB（10.2%)
[2026-07-03 21:18:10.348][INF] [cfg=Default][inst=配置 1/default][src=UI][op=StartTask] 用户操作：启动任务 | controller=Adb, resource=刀剑乱舞, device=MuMu安卓设备-MuMuPlayer12 v5（127.0.0.1:16384), selectedTasks=1 [陆联]
[2026-07-03 21:18:10.367][INF] [cfg=Default][inst=配置 1/default][src=Worker][op=ExecuteTaskQueue] 准备执行任务队列：任务数量=1
[2026-07-03 21:18:10.374][INF] [cfg=Default][inst=配置 1/default][src=Worker][op=ExecuteTaskQueue] [任务管线合并] 任务#1 名称=[陆联] 入口=[LRentaisen] 参数=[
  {},
  {
    "LR_ClickSwitchTeam"：{
      "enabled"：true
    },
    "LR_RunTeamSwitch"：{
      "enabled"：true
    }
  },
  {
    "LR_ClickTeam"：{
      "target"：[
        154,
        93,
        1,
        1
      ]
    }
  },
  {
    "LR_RunTeamSwitch"：{
      "custom_action_param"：{
        "team_config"："221222111"
      }
    }
  },
  {
    "LR_ClickDifficulty"：{
      "target"：[
        1132,
        328,
        1,
        1
      ]
    }
  }
]
[2026-07-03 21:18:10.462][INF] [cfg=Default][inst=配置 1/default][src=Worker][op=ExecuteTaskQueue] >>> 任务 启动任务开始（异步）。
[2026-07-03 21:18:10.463][INF] [cfg=Default][inst=配置 1/default][src=Worker][op=ExecuteTaskQueue] >>> 任务 启动附加开始脚本开始（异步）。
[2026-07-03 21:18:10.464][INF] [cfg=Default][inst=配置 1/default][src=Worker][op=ExecuteTaskQueue] >>> 任务 启动附加开始脚本完成（异步）。
[2026-07-03 21:18:10.468][INF] [cfg=Default][inst=配置 1/default][src=Worker][op=ExecuteTaskQueue] >>> 任务 截图测试开始（异步）。
[2026-07-03 21:18:10.483][INF] [cfg=Default][inst=配置 1/default][src=Worker][op=ExecuteTaskQueue] >>> 任务 截图测试完成（异步）。
[2026-07-03 21:18:10.483][INF] [cfg=Default][inst=配置 1/default][src=Monitor][op=MonitorLog] 截图耗时：6ms(EmulatorExtras)
[2026-07-03 21:18:10.487][INF] [cfg=Default][inst=配置 1/default][src=Monitor][op=MonitorLog] 开始任务：陆联
[2026-07-03 21:18:10.490][INF] [cfg=Default][inst=配置 1/default][src=Worker][op=ExecuteTaskQueue] >>> 任务 队列任务开始（异步）。
[2026-07-03 21:18:13.832][INF] [cfg=Default][inst=配置 1/default][src=Worker][op=StopTask] 停止前状态：NOT_STARTED
[2026-07-03 21:18:13.835][INF] [cfg=Default][inst=配置 1/default][src=Worker][op=StopTask] >>> 任务 停止maafw任务开始（异步）。
[2026-07-03 21:18:13.835][INF] [cfg=Default][inst=配置 1/default][src=Worker][op=StopTask] 正在尝试停止任务执行器，第 1 次。
[2026-07-03 21:18:13.836][INF] [cfg=Default][inst=配置 1/default][src=Worker][op=ExecuteTaskQueue] >>> 任务 队列任务完成（异步）。
[2026-07-03 21:18:13.836][INF] [cfg=Default][inst=配置 1/default][src=Monitor][op=MonitorLog] 正在停止......
[2026-07-03 21:18:13.837][INF] [cfg=Default][inst=配置 1/default][src=Worker][op=ExecuteTaskQueue] >>> 任务 启动任务完成（异步）。
[2026-07-03 21:18:13.838][INF] [cfg=Default][inst=配置 1/default][src=Monitor][op=MonitorLog] 任务运行失败！
[2026-07-03 21:18:13.838][INF] [cfg=Default][inst=配置 1/default][src=Worker][op=StopTask] 停止前状态：STOPPED
[2026-07-03 21:18:13.839][INF] [cfg=Default][inst=配置 1/default][src=Worker][op=StopTask] >>> 任务 停止maafw任务开始（异步）。
[2026-07-03 21:18:13.839][INF] [cfg=Default][inst=配置 1/default][src=Worker][op=StopTask] >>> 任务 Action开始。
[2026-07-03 21:18:13.839][INF] [cfg=Default][inst=配置 1/default][src=Worker][op=StopTask] >>> 任务 Action完成。
[2026-07-03 21:18:13.909][INF] [cfg=Default][inst=配置 1/default][src=Worker][op=StopTask] 第 1 次停止任务执行器返回：Succeeded，准备重试。
[2026-07-03 21:18:14.242][INF] [cfg=Default][inst=配置 1/default][src=Monitor][op=MonitorLog] 已放弃本次任务
[2026-07-03 21:18:20.108][INF] [cfg=Default][inst=配置 1/default][src=UI][op=StartTask] 用户操作：启动任务 | controller=Adb, resource=刀剑乱舞, device=MuMu安卓设备-MuMuPlayer12 v5（127.0.0.1:16384), selectedTasks=1 [陆联]
[2026-07-03 21:18:20.118][INF] [cfg=Default][inst=配置 1/default][src=Worker][op=ExecuteTaskQueue] 准备执行任务队列：任务数量=1
[2026-07-03 21:18:20.120][INF] [cfg=Default][inst=配置 1/default][src=Worker][op=ExecuteTaskQueue] [任务管线合并] 任务#1 名称=[陆联] 入口=[LRentaisen] 参数=[
  {},
  {
    "LR_IsSwordSelect"：{
      "enabled"：true
    },
    "LR_ClickCaptainSlot"：{
      "enabled"：true
    },
    "LR_DetectSortOrder"：{
      "enabled"：true
    },
    "LR_ClickDescending"：{
      "enabled"：true
    },
    "LR_ConfirmSortAsc"：{
      "enabled"：true
    },
    "LR_ClickCaptain1"：{
      "enabled"：true
    },
    "LR_ClickCaptain2"：{
      "enabled"：true
    },
    "LR_ClickCaptain3"：{
      "enabled"：true
    },
    "LR_ClickCaptain4"：{
      "enabled"：true
    },
    "LR_ClickCaptain5"：{
      "enabled"：true
    }
  },
  {
    "LR_ClickTeam"：{
      "target"：[
        154,
        93,
        1,
        1
      ]
    }
  },
  {
    "LR_RunTeamSwitch"：{
      "custom_action_param"：{
        "team_config"："221222111"
      }
    }
  },
  {
    "LR_ClickDifficulty"：{
      "target"：[
        1132,
        328,
        1,
        1
      ]
    }
  }
]
[2026-07-03 21:18:20.195][INF] [cfg=Default][inst=配置 1/default][src=Worker][op=ExecuteTaskQueue] >>> 任务 启动任务开始（异步）。
[2026-07-03 21:18:20.196][INF] [cfg=Default][inst=配置 1/default][src=Worker][op=ExecuteTaskQueue] >>> 任务 启动附加开始脚本开始（异步）。
[2026-07-03 21:18:20.196][INF] [cfg=Default][inst=配置 1/default][src=Worker][op=ExecuteTaskQueue] >>> 任务 启动附加开始脚本完成（异步）。
[2026-07-03 21:18:20.197][INF] [cfg=Default][inst=配置 1/default][src=Worker][op=ExecuteTaskQueue] >>> 任务 截图测试开始（异步）。
[2026-07-03 21:18:20.213][INF] [cfg=Default][inst=配置 1/default][src=Worker][op=ExecuteTaskQueue] >>> 任务 截图测试完成（异步）。
[2026-07-03 21:18:20.213][INF] [cfg=Default][inst=配置 1/default][src=Monitor][op=MonitorLog] 截图耗时：7ms(EmulatorExtras)
[2026-07-03 21:18:20.217][INF] [cfg=Default][inst=配置 1/default][src=Monitor][op=MonitorLog] 开始任务：陆联
[2026-07-03 21:18:20.217][INF] [cfg=Default][inst=配置 1/default][src=Worker][op=ExecuteTaskQueue] >>> 任务 队列任务开始（异步）。
[2026-07-03 21:21:31.868][INF] [cfg=Default][inst=配置 1/default][src=Worker][op=ExecuteTaskQueue] >>> 任务 队列任务完成（异步）。
[2026-07-03 21:21:31.869][INF] [cfg=Default][inst=配置 1/default][src=Monitor][op=MonitorLog] 任务已完成
[2026-07-03 21:21:32.370][INF] [cfg=Default][inst=配置 1/default][src=Monitor][op=MonitorLog] 开始任务：陆联
[2026-07-03 21:21:32.371][INF] [cfg=Default][inst=配置 1/default][src=Worker][op=ExecuteTaskQueue] >>> 任务 队列任务开始（异步）。
[2026-07-03 21:22:28.721][INF] [cfg=Default][inst=配置 1/default][src=Worker][op=StopTask] 停止前状态：NOT_STARTED
[2026-07-03 21:22:28.728][INF] [cfg=Default][inst=配置 1/default][src=Worker][op=StopTask] >>> 任务 停止maafw任务开始（异步）。
[2026-07-03 21:22:28.728][INF] [cfg=Default][inst=配置 1/default][src=Worker][op=StopTask] 正在尝试停止任务执行器，第 1 次。
[2026-07-03 21:22:28.728][INF] [cfg=Default][inst=配置 1/default][src=Worker][op=ExecuteTaskQueue] >>> 任务 队列任务完成（异步）。
[2026-07-03 21:22:28.728][INF] [cfg=Default][inst=配置 1/default][src=Monitor][op=MonitorLog] 正在停止......
[2026-07-03 21:22:28.728][INF] [cfg=Default][inst=配置 1/default][src=Worker][op=ExecuteTaskQueue] >>> 任务 启动任务完成（异步）。
[2026-07-03 21:22:28.729][INF] [cfg=Default][inst=配置 1/default][src=Monitor][op=MonitorLog] 任务运行失败！
[2026-07-03 21:22:28.734][INF] [cfg=Default][inst=配置 1/default][src=Worker][op=StopTask] 停止前状态：STOPPED
[2026-07-03 21:22:28.734][INF] [cfg=Default][inst=配置 1/default][src=Worker][op=StopTask] >>> 任务 停止maafw任务开始（异步）。
[2026-07-03 21:22:28.734][INF] [cfg=Default][inst=配置 1/default][src=Worker][op=StopTask] >>> 任务 Action开始。
[2026-07-03 21:22:28.734][INF] [cfg=Default][inst=配置 1/default][src=Worker][op=StopTask] >>> 任务 Action完成。
[2026-07-03 21:22:28.748][INF] [cfg=Default][inst=配置 1/default][src=Worker][op=StopTask] 第 1 次停止任务执行器返回：Succeeded，准备重试。
[2026-07-03 21:22:29.138][INF] [cfg=Default][inst=配置 1/default][src=Monitor][op=MonitorLog] 已放弃本次任务
[2026-07-03 21:26:59.517][INF] [cfg=Default][inst=配置 1/default][src=UI][op=StartTask] 用户操作：启动任务 | controller=Adb, resource=刀剑乱舞, device=MuMu安卓设备-MuMuPlayer12 v5（127.0.0.1:16384), selectedTasks=1 [陆联]
[2026-07-03 21:26:59.549][INF] [cfg=Default][inst=配置 1/default][src=Worker][op=ExecuteTaskQueue] 准备执行任务队列：任务数量=1
[2026-07-03 21:26:59.552][INF] [cfg=Default][inst=配置 1/default][src=Worker][op=ExecuteTaskQueue] [任务管线合并] 任务#1 名称=[陆联] 入口=[LRentaisen] 参数=[
  {},
  {
    "LR_IsSwordSelect"：{
      "enabled"：true
    },
    "LR_ClickCaptainSlot"：{
      "enabled"：true
    },
    "LR_DetectSortOrder"：{
      "enabled"：true
    },
    "LR_ClickDescending"：{
      "enabled"：true
    },
    "LR_ConfirmSortAsc"：{
      "enabled"：true
    },
    "LR_ClickCaptain1"：{
      "enabled"：true
    },
    "LR_ClickCaptain2"：{
      "enabled"：true
    },
    "LR_ClickCaptain3"：{
      "enabled"：true
    },
    "LR_ClickCaptain4"：{
      "enabled"：true
    },
    "LR_ClickCaptain5"：{
      "enabled"：true
    }
  },
  {
    "LR_ClickTeam"：{
      "target"：[
        154,
        93,
        1,
        1
      ]
    }
  },
  {
    "LR_RunTeamSwitch"：{
      "custom_action_param"：{
        "team_config"："221222111"
      }
    }
  },
  {
    "LR_ClickDifficulty"：{
      "target"：[
        1132,
        328,
        1,
        1
      ]
    }
  }
]
[2026-07-03 21:26:59.662][INF] [cfg=Default][inst=配置 1/default][src=Worker][op=ExecuteTaskQueue] >>> 任务 启动任务开始（异步）。
[2026-07-03 21:26:59.663][INF] [cfg=Default][inst=配置 1/default][src=Worker][op=ExecuteTaskQueue] >>> 任务 启动附加开始脚本开始（异步）。
[2026-07-03 21:26:59.664][INF] [cfg=Default][inst=配置 1/default][src=Worker][op=ExecuteTaskQueue] >>> 任务 启动附加开始脚本完成（异步）。
[2026-07-03 21:26:59.668][INF] [cfg=Default][inst=配置 1/default][src=Worker][op=ExecuteTaskQueue] >>> 任务 截图测试开始（异步）。
[2026-07-03 21:26:59.696][INF] [cfg=Default][inst=配置 1/default][src=Worker][op=ExecuteTaskQueue] >>> 任务 截图测试完成（异步）。
[2026-07-03 21:26:59.697][INF] [cfg=Default][inst=配置 1/default][src=Monitor][op=MonitorLog] 截图耗时：13ms(EmulatorExtras)
[2026-07-03 21:26:59.700][INF] [cfg=Default][inst=配置 1/default][src=Monitor][op=MonitorLog] 开始任务：陆联
[2026-07-03 21:26:59.704][INF] [cfg=Default][inst=配置 1/default][src=Worker][op=ExecuteTaskQueue] >>> 任务 队列任务开始（异步）。
[2026-07-03 21:28:57.121][INF] [cfg=Default][inst=配置 1/default][src=Worker][op=ExecuteTaskQueue] >>> 任务 队列任务完成（异步）。
[2026-07-03 21:28:57.123][INF] [cfg=Default][inst=配置 1/default][src=Monitor][op=MonitorLog] 任务已完成
[2026-07-03 21:28:57.623][INF] [cfg=Default][inst=配置 1/default][src=Monitor][op=MonitorLog] 开始任务：陆联
[2026-07-03 21:28:57.625][INF] [cfg=Default][inst=配置 1/default][src=Worker][op=ExecuteTaskQueue] >>> 任务 队列任务开始（异步）。
[2026-07-03 21:29:02.561][INF] [cfg=Default][inst=配置 1/default][src=Worker][op=StopTask] 停止前状态：NOT_STARTED
[2026-07-03 21:29:02.567][INF] [cfg=Default][inst=配置 1/default][src=Worker][op=StopTask] >>> 任务 停止maafw任务开始（异步）。
[2026-07-03 21:29:02.567][INF] [cfg=Default][inst=配置 1/default][src=Worker][op=StopTask] 正在尝试停止任务执行器，第 1 次。
[2026-07-03 21:29:02.567][INF] [cfg=Default][inst=配置 1/default][src=Worker][op=ExecuteTaskQueue] >>> 任务 队列任务完成（异步）。
[2026-07-03 21:29:02.567][INF] [cfg=Default][inst=配置 1/default][src=Worker][op=ExecuteTaskQueue] >>> 任务 启动任务完成（异步）。
[2026-07-03 21:29:02.568][INF] [cfg=Default][inst=配置 1/default][src=Monitor][op=MonitorLog] 任务运行失败！
[2026-07-03 21:29:02.572][INF] [cfg=Default][inst=配置 1/default][src=Monitor][op=MonitorLog] 正在停止......
[2026-07-03 21:29:02.573][INF] [cfg=Default][inst=配置 1/default][src=Worker][op=StopTask] 停止前状态：STOPPED
[2026-07-03 21:29:02.573][INF] [cfg=Default][inst=配置 1/default][src=Worker][op=StopTask] >>> 任务 停止maafw任务开始（异步）。
[2026-07-03 21:29:02.573][INF] [cfg=Default][inst=配置 1/default][src=Worker][op=StopTask] >>> 任务 Action开始。
[2026-07-03 21:29:02.573][INF] [cfg=Default][inst=配置 1/default][src=Worker][op=StopTask] >>> 任务 Action完成。
[2026-07-03 21:29:02.976][INF] [cfg=Default][inst=配置 1/default][src=Monitor][op=MonitorLog] 已放弃本次任务
[2026-07-03 21:29:04.062][INF] [cfg=Default][inst=配置 1/default][src=Worker][op=StopTask] 第 1 次停止任务执行器返回：Succeeded，准备重试。
[2026-07-03 21:29:14.740][INF] [cfg=Default][inst=配置 1/default][src=UI][op=StartTask] 用户操作：启动任务 | controller=Adb, resource=刀剑乱舞, device=MuMu安卓设备-MuMuPlayer12 v5（127.0.0.1:16384), selectedTasks=1 [陆联]
[2026-07-03 21:29:14.756][INF] [cfg=Default][inst=配置 1/default][src=Worker][op=ExecuteTaskQueue] 准备执行任务队列：任务数量=1
[2026-07-03 21:29:14.757][INF] [cfg=Default][inst=配置 1/default][src=Worker][op=ExecuteTaskQueue] [任务管线合并] 任务#1 名称=[陆联] 入口=[LRentaisen] 参数=[
  {},
  {
    "LR_IsSwordSelect"：{
      "enabled"：true
    },
    "LR_ClickCaptainSlot"：{
      "enabled"：true
    },
    "LR_DetectSortOrder"：{
      "enabled"：true
    },
    "LR_ClickDescending"：{
      "enabled"：true
    },
    "LR_ConfirmSortAsc"：{
      "enabled"：true
    },
    "LR_ClickCaptain1"：{
      "enabled"：true
    },
    "LR_ClickCaptain2"：{
      "enabled"：true
    },
    "LR_ClickCaptain3"：{
      "enabled"：true
    },
    "LR_ClickCaptain4"：{
      "enabled"：true
    },
    "LR_ClickCaptain5"：{
      "enabled"：true
    }
  },
  {
    "LR_ClickTeam"：{
      "target"：[
        154,
        93,
        1,
        1
      ]
    }
  },
  {
    "LR_RunTeamSwitch"：{
      "custom_action_param"：{
        "team_config"："221222111"
      }
    }
  },
  {
    "LR_ClickDifficulty"：{
      "target"：[
        1132,
        328,
        1,
        1
      ]
    }
  }
]
[2026-07-03 21:29:14.849][INF] [cfg=Default][inst=配置 1/default][src=Worker][op=ExecuteTaskQueue] >>> 任务 启动任务开始（异步）。
[2026-07-03 21:29:14.850][INF] [cfg=Default][inst=配置 1/default][src=Worker][op=ExecuteTaskQueue] >>> 任务 启动附加开始脚本开始（异步）。
[2026-07-03 21:29:14.850][INF] [cfg=Default][inst=配置 1/default][src=Worker][op=ExecuteTaskQueue] >>> 任务 启动附加开始脚本完成（异步）。
[2026-07-03 21:29:14.854][INF] [cfg=Default][inst=配置 1/default][src=Worker][op=ExecuteTaskQueue] >>> 任务 截图测试开始（异步）。
[2026-07-03 21:29:14.871][INF] [cfg=Default][inst=配置 1/default][src=Worker][op=ExecuteTaskQueue] >>> 任务 截图测试完成（异步）。
[2026-07-03 21:29:14.872][INF] [cfg=Default][inst=配置 1/default][src=Monitor][op=MonitorLog] 截图耗时：8ms(EmulatorExtras)
[2026-07-03 21:29:14.876][INF] [cfg=Default][inst=配置 1/default][src=Monitor][op=MonitorLog] 开始任务：陆联
[2026-07-03 21:29:14.878][INF] [cfg=Default][inst=配置 1/default][src=Worker][op=ExecuteTaskQueue] >>> 任务 队列任务开始（异步）。
[2026-07-03 21:29:36.214][INF] [cfg=Default][inst=配置 1/default][src=Worker][op=StopTask] 停止前状态：NOT_STARTED
[2026-07-03 21:29:36.221][INF] [cfg=Default][inst=配置 1/default][src=Worker][op=StopTask] >>> 任务 停止maafw任务开始（异步）。
[2026-07-03 21:29:36.221][INF] [cfg=Default][inst=配置 1/default][src=Worker][op=StopTask] 正在尝试停止任务执行器，第 1 次。
[2026-07-03 21:29:36.222][INF] [cfg=Default][inst=配置 1/default][src=Worker][op=ExecuteTaskQueue] >>> 任务 队列任务完成（异步）。
[2026-07-03 21:29:36.222][INF] [cfg=Default][inst=配置 1/default][src=Worker][op=ExecuteTaskQueue] >>> 任务 启动任务完成（异步）。
[2026-07-03 21:29:36.222][INF] [cfg=Default][inst=配置 1/default][src=Monitor][op=MonitorLog] 正在停止......
[2026-07-03 21:29:36.224][INF] [cfg=Default][inst=配置 1/default][src=Monitor][op=MonitorLog] 任务运行失败！
[2026-07-03 21:29:36.225][INF] [cfg=Default][inst=配置 1/default][src=Worker][op=StopTask] 停止前状态：STOPPED
[2026-07-03 21:29:36.225][INF] [cfg=Default][inst=配置 1/default][src=Worker][op=StopTask] >>> 任务 停止maafw任务开始（异步）。
[2026-07-03 21:29:36.225][INF] [cfg=Default][inst=配置 1/default][src=Worker][op=StopTask] >>> 任务 Action开始。
[2026-07-03 21:29:36.225][INF] [cfg=Default][inst=配置 1/default][src=Worker][op=StopTask] >>> 任务 Action完成。
[2026-07-03 21:29:36.290][INF] [cfg=Default][inst=配置 1/default][src=Worker][op=StopTask] 第 1 次停止任务执行器返回：Succeeded，准备重试。
[2026-07-03 21:29:36.629][INF] [cfg=Default][inst=配置 1/default][src=Monitor][op=MonitorLog] 已放弃本次任务
[2026-07-03 21:40:06.809][INF] [cfg=Default] 应用已关闭
[2026-07-03 21:40:06.814][INF] [cfg=Default] 已释放自定义类目录监听器。
[2026-07-03 21:40:10.330][INF] 正在加载配置列表...
[2026-07-03 21:40:10.353][INF] 应用安装目录：D:\Claude_Workspace\AATL
[2026-07-03 21:40:10.354][INF] 应用数据目录：D:\Claude_Workspace\AATL
[2026-07-03 21:40:10.354][INF] 是否使用独立数据目录：False
[2026-07-03 21:40:10.354][INF] 配置目录：D:\Claude_Workspace\AATL\resource\config
[2026-07-03 21:40:10.354][INF] 是否使用本地配置目录：True
[2026-07-03 21:40:10.354][INF] 日志目录：D:\Claude_Workspace\AATL\debug\logs
[2026-07-03 21:40:10.354][INF] 备份文件数量：43
[2026-07-03 21:40:10.354][INF] 临时目录是否存在：True
[2026-07-03 21:40:10.354][INF] [cfg=Default] 应用安装目录：D:\Claude_Workspace\AATL
[2026-07-03 21:40:10.354][INF] [cfg=Default] 应用数据目录：D:\Claude_Workspace\AATL
[2026-07-03 21:40:10.354][INF] [cfg=Default] 是否使用独立数据目录：False
[2026-07-03 21:40:10.354][INF] [cfg=Default] 配置目录：D:\Claude_Workspace\AATL\resource\config
[2026-07-03 21:40:10.354][INF] [cfg=Default] 是否使用本地配置目录：True
[2026-07-03 21:40:10.354][INF] [cfg=Default] 日志目录：D:\Claude_Workspace\AATL\debug\logs
[2026-07-03 21:40:10.354][INF] [cfg=Default] 备份文件数量：43
[2026-07-03 21:40:10.354][INF] [cfg=Default] 临时目录是否存在：True
[2026-07-03 21:40:10.359][INF] [cfg=Default] 已通过 Windows API 添加 DLL 搜索目录：D:\Claude_Workspace\AATL\runtimes/libs
[2026-07-03 21:40:10.360][INF] [cfg=Default] 库解析器初始化完成：libsPath=D:\Claude_Workspace\AATL\runtimes/libs，目录存在=True
[2026-07-03 21:40:10.363][INF] [cfg=Default] 检测到 MaaFramework 运行时目录：数量=1，路径=[D:\Claude_Workspace\AATL\runtimes\win-x64\native]
[2026-07-03 21:40:10.365][INF] [cfg=Default] 启动参数：数量=0，内容=[]
[2026-07-03 21:40:10.365][INF] [cfg=Default] 程序版本：v2.12.2-beta.1
[2026-07-03 21:40:10.365][INF] [cfg=Default] .NET 运行时：.NET 10.0.8
[2026-07-03 21:40:10.899][INF] [cfg=Default] 开始初始化语言管理器。
[2026-07-03 21:40:11.033][INF] [cfg=Default] 当前配置：Default
[2026-07-03 21:40:11.076][INF] [cfg=Default] 已恢复系统休眠。
[2026-07-03 21:40:11.079][INF] [cfg=Default] 热键主进程选举：已成为主进程（创建了新的全局互斥锁）。
[2026-07-03 21:40:11.080][INF] [cfg=Default] 全局热键服务：作为主进程初始化。
[2026-07-03 21:40:11.092][INF] [cfg=Default] 热键 IPC 端口文件已保存：文件=C:\Users\Alouette\AppData\Local\Temp\MFAAvalonia\hotkey_ipc_port.txt
[2026-07-03 21:40:11.092][INF] [cfg=Default] 热键 IPC 服务端已启动：端口=52718
[2026-07-03 21:40:11.106][INF] [cfg=Default] [内存管理]释放了1.24 MB（30.0%)
[2026-07-03 21:40:11.163][WRN] [cfg=Default] 界面资源接口尚未初始化完成。
[2026-07-03 21:40:11.172][INF] [cfg=Default] [调试] instances 目录中实际存在的实例文件数量：1, ID列表：[default]
[2026-07-03 21:40:11.242][INF] [cfg=Default] 本地更新包按钮可见性已刷新：来源=config.Debug(string)，原始值=，解析结果=False
[2026-07-03 21:40:11.242][INF] [cfg=Default] 资源版本：0.5.4
[2026-07-03 21:40:11.242][INF] [cfg=Default] MaaFramework 版本：v5.11.1
[2026-07-03 21:40:11.297][INF] [cfg=Default] [懒加载] 已加载当天有定时任务的实例
[2026-07-03 21:40:11.355][INF] [cfg=Default] 窗口大小已加载：宽度=1028，高度=650
[2026-07-03 21:40:11.363][INF] [cfg=Default] 窗口位置已加载：X=763，Y=306
[2026-07-03 21:40:11.641][WRN] [cfg=Default] 跨平台数据解密失败：参数错误。
[2026-07-03 21:40:11.695][WRN] [cfg=Default] 跨平台数据解密失败：The input is not a valid Base-64 string as it contains a non-base 64 character, more than two padding characters, or an illegal character among the padding characters.
[2026-07-03 21:40:11.740][INF] [cfg=Default] 本地更新包按钮可见性已刷新：来源=config.Debug(string)，原始值=，解析结果=False
[2026-07-03 21:40:11.740][INF] [cfg=Default] 设置页调试卡片可见性已应用：False
[2026-07-03 21:40:11.861][INF] [cfg=Default] [调试] instances 目录中实际存在的实例文件数量：1, ID列表：[default]
[2026-07-03 21:40:11.871][INF] [cfg=Default] [懒加载] 已加载当天有定时任务的实例
[2026-07-03 21:40:12.180][INF] [cfg=Default] [懒加载] 所有实例加载完成
[2026-07-03 21:40:12.180][INF] [cfg=Default] [懒加载] 所有实例加载完成
[2026-07-03 21:40:12.238][INF] [cfg=Default] 界面初始化开始
[2026-07-03 21:40:12.311][INF] [cfg=Default][inst=配置 1/default][src=UI][op=ChangeResource] 当前资源变更：resource=, controller=Adb
[2026-07-03 21:40:12.313][INF] [cfg=Default][inst=配置 1/default][src=UI][op=ChangeResource] 当前资源变更：resource=刀剑乱舞, controller=Adb
[2026-07-03 21:40:12.316][INF] [cfg=Default][inst=配置 1/default][src=UI][op=ChangeResource] 当前资源变更：resource=, controller=Adb
[2026-07-03 21:40:12.323][INF] [cfg=Default][inst=配置 1/default][src=UI][op=ChangeResource] 当前资源变更：resource=刀剑乱舞, controller=Adb
[2026-07-03 21:40:12.711][INF] [cfg=Default] 保留最近的备份文件：D:\Claude_Workspace\AATL\runtimes\libs\Avalonia.Xaml.Interactivity.dll.202607031917.0.backupMFA
[2026-07-03 21:40:12.711][INF] [cfg=Default] 保留最近的备份文件：D:\Claude_Workspace\AATL\runtimes\libs\AvaloniaEdit.TextMate.dll.202607031917.0.backupMFA
[2026-07-03 21:40:12.711][INF] [cfg=Default] 保留最近的备份文件：D:\Claude_Workspace\AATL\runtimes\libs\AvaloniaExtensions.Axaml.dll.202607031917.0.backupMFA
[2026-07-03 21:40:12.711][INF] [cfg=Default] 保留最近的备份文件：D:\Claude_Workspace\AATL\runtimes\libs\av_libglesv2.dll.202607031917.0.backupMFA
[2026-07-03 21:40:12.711][INF] [cfg=Default] 保留最近的备份文件：D:\Claude_Workspace\AATL\runtimes\libs\CalcBindingAva.dll.202607031917.0.backupMFA
[2026-07-03 21:40:12.711][INF] [cfg=Default] 保留最近的备份文件：D:\Claude_Workspace\AATL\runtimes\libs\ColorDocument.Avalonia.dll.202607031917.0.backupMFA
[2026-07-03 21:40:12.711][INF] [cfg=Default] 保留最近的备份文件：D:\Claude_Workspace\AATL\runtimes\libs\ColorTextBlock.Avalonia.dll.202607031917.0.backupMFA
[2026-07-03 21:40:12.711][INF] [cfg=Default] 保留最近的备份文件：D:\Claude_Workspace\AATL\runtimes\libs\CommunityToolkit.Mvvm.dll.202607031917.0.backupMFA
[2026-07-03 21:40:12.711][INF] [cfg=Default] 保留最近的备份文件：D:\Claude_Workspace\AATL\runtimes\libs\CrossPlatformProtectedData.dll.202607031917.0.backupMFA
[2026-07-03 21:40:12.711][INF] [cfg=Default] 保留最近的备份文件：D:\Claude_Workspace\AATL\runtimes\libs\DynamicExpresso.Core.dll.202607031917.0.backupMFA
[2026-07-03 21:40:12.711][INF] [cfg=Default] 保留最近的备份文件：D:\Claude_Workspace\AATL\runtimes\libs\FluentAvalonia.dll.202607031917.0.backupMFA
[2026-07-03 21:40:12.711][INF] [cfg=Default] 保留最近的备份文件：D:\Claude_Workspace\AATL\runtimes\libs\FluentIcons.Resources.Avalonia.dll.202607031917.0.backupMFA
[2026-07-03 21:40:12.711][INF] [cfg=Default] 保留最近的备份文件：D:\Claude_Workspace\AATL\runtimes\libs\HarfBuzzSharp.dll.202607031917.0.backupMFA
[2026-07-03 21:40:12.711][INF] [cfg=Default] 保留最近的备份文件：D:\Claude_Workspace\AATL\runtimes\libs\HtmlAgilityPack.dll.202607031917.0.backupMFA
[2026-07-03 21:40:12.711][INF] [cfg=Default] 保留最近的备份文件：D:\Claude_Workspace\AATL\runtimes\libs\Lang.Avalonia.dll.202607031917.0.backupMFA
[2026-07-03 21:40:12.711][INF] [cfg=Default] 保留最近的备份文件：D:\Claude_Workspace\AATL\runtimes\libs\libHarfBuzzSharp.dll.202607031917.0.backupMFA
[2026-07-03 21:40:12.711][INF] [cfg=Default] 保留最近的备份文件：D:\Claude_Workspace\AATL\runtimes\libs\libSkiaSharp.dll.202607031917.0.backupMFA
[2026-07-03 21:40:12.711][INF] [cfg=Default] 保留最近的备份文件：D:\Claude_Workspace\AATL\runtimes\libs\MaaFramework.Binding.Native.dll.202607031917.0.backupMFA
[2026-07-03 21:40:12.711][INF] [cfg=Default] 保留最近的备份文件：D:\Claude_Workspace\AATL\runtimes\libs\Markdown.Avalonia.SyntaxHigh.dll.202607031917.0.backupMFA
[2026-07-03 21:40:12.711][INF] [cfg=Default] 保留最近的备份文件：D:\Claude_Workspace\AATL\runtimes\libs\MFAAvalonia.Core.dll.202607031917.0.backupMFA
[2026-07-03 21:40:12.711][INF] [cfg=Default] 保留最近的备份文件：D:\Claude_Workspace\AATL\runtimes\libs\MicroCom.Runtime.dll.202607031917.0.backupMFA
[2026-07-03 21:40:12.711][INF] [cfg=Default] 保留最近的备份文件：D:\Claude_Workspace\AATL\runtimes\libs\Microsoft.WindowsAPICodePack.Shell.dll.202607031917.0.backupMFA
[2026-07-03 21:40:12.711][INF] [cfg=Default] 保留最近的备份文件：D:\Claude_Workspace\AATL\runtimes\libs\NETCore.Encrypt.dll.202607031917.0.backupMFA
[2026-07-03 21:40:12.711][INF] [cfg=Default] 保留最近的备份文件：D:\Claude_Workspace\AATL\runtimes\libs\Newtonsoft.Json.dll.202607031917.0.backupMFA
[2026-07-03 21:40:12.711][INF] [cfg=Default] 保留最近的备份文件：D:\Claude_Workspace\AATL\runtimes\libs\Semver.dll.202607031917.0.backupMFA
[2026-07-03 21:40:12.711][INF] [cfg=Default] 保留最近的备份文件：D:\Claude_Workspace\AATL\runtimes\libs\Serilog.Sinks.File.dll.202607031917.0.backupMFA
[2026-07-03 21:40:12.711][INF] [cfg=Default] 保留最近的备份文件：D:\Claude_Workspace\AATL\runtimes\libs\SharpCompress.dll.202607031917.0.backupMFA
[2026-07-03 21:40:12.711][INF] [cfg=Default] 保留最近的备份文件：D:\Claude_Workspace\AATL\runtimes\libs\SharpHook.dll.202607031917.0.backupMFA
[2026-07-03 21:40:12.711][INF] [cfg=Default] 保留最近的备份文件：D:\Claude_Workspace\AATL\runtimes\libs\SkiaSharp.dll.202607031917.0.backupMFA
[2026-07-03 21:40:12.712][INF] [cfg=Default] 保留最近的备份文件：D:\Claude_Workspace\AATL\runtimes\libs\SukiUI.dll.202607031917.0.backupMFA
[2026-07-03 21:40:12.712][INF] [cfg=Default] 保留最近的备份文件：D:\Claude_Workspace\AATL\runtimes\libs\System.Security.Cryptography.ProtectedData.dll.202607031917.0.backupMFA
[2026-07-03 21:40:12.712][INF] [cfg=Default] 保留最近的备份文件：D:\Claude_Workspace\AATL\runtimes\libs\TextMateSharp.Grammars.dll.202607031917.0.backupMFA
[2026-07-03 21:40:12.712][INF] [cfg=Default] 保留最近的备份文件：D:\Claude_Workspace\AATL\runtimes\libs\uiohook.dll.202607031917.0.backupMFA
[2026-07-03 21:40:12.712][INF] [cfg=Default] 保留最近的备份文件：D:\Claude_Workspace\AATL\runtimes\libs\ZstdSharp.dll.202607031917.0.backupMFA
[2026-07-03 21:40:12.726][INF] [cfg=Default] 保留最近的备份文件：D:\Claude_Workspace\AATL\runtimes\win-x64\native\DirectML.dll.202607031917.0.backupMFA
[2026-07-03 21:40:12.726][INF] [cfg=Default] 保留最近的备份文件：D:\Claude_Workspace\AATL\runtimes\win-x64\native\fastdeploy_ppocr_maa.dll.202607031917.0.backupMFA
[2026-07-03 21:40:12.726][INF] [cfg=Default] 保留最近的备份文件：D:\Claude_Workspace\AATL\runtimes\win-x64\native\MaaFramework.dll.202607031917.0.backupMFA
[2026-07-03 21:40:12.726][INF] [cfg=Default] 保留最近的备份文件：D:\Claude_Workspace\AATL\runtimes\win-x64\native\MaaToolkit.dll.202607031917.0.backupMFA
[2026-07-03 21:40:12.726][INF] [cfg=Default] 保留最近的备份文件：D:\Claude_Workspace\AATL\runtimes\win-x64\native\MaaUtils.dll.202607031917.0.backupMFA
[2026-07-03 21:40:12.726][INF] [cfg=Default] 保留最近的备份文件：D:\Claude_Workspace\AATL\runtimes\win-x64\native\onnxruntime_maa.dll.202607031917.0.backupMFA
[2026-07-03 21:40:12.726][INF] [cfg=Default] 保留最近的备份文件：D:\Claude_Workspace\AATL\runtimes\win-x64\native\opencv_world4_maa.dll.202607031917.0.backupMFA
[2026-07-03 21:40:12.744][INF] [cfg=Default] 保留最近的备份文件：D:\Claude_Workspace\AATL\runtimes\libs\locales\en-US\MFAAvalonia.Core.resources.dll.202607031917.0.backupMFA
[2026-07-03 21:40:12.744][INF] [cfg=Default] 保留最近的备份文件：D:\Claude_Workspace\AATL\runtimes\win-x64\native\plugins\MaaPluginDemo.dll.202607031917.0.backupMFA
[2026-07-03 21:40:12.942][INF] [cfg=Default] >>> 任务 公告和最新版本检测开始（异步）。
[2026-07-03 21:40:13.296][INF] [cfg=Default] 正在从配置中读取已保存的 ADB 设备，并启用指纹匹配。
[2026-07-03 21:40:13.297][INF] [cfg=Default] 已保存设备的指纹：MuMu安卓设备-MuMuPlayer12 v5|0|127.0.0.1|16384
[2026-07-03 21:40:13.493][INF] [cfg=Default] 按指纹匹配到的设备数量：1
[2026-07-03 21:40:13.494][INF] [cfg=Default] 已通过指纹匹配到设备：名称=MuMu安卓设备-MuMuPlayer12 v5，ADB 序列号=127.0.0.1:16384
[2026-07-03 21:40:13.649][INF] [cfg=Default][inst=配置 1/default][src=Monitor][op=MonitorLog] 正在连接至模拟器......
[2026-07-03 21:40:13.752][INF] [cfg=Default][inst=配置 1/default][src=Worker][op=ExecuteTaskQueue] >>> 任务 启动任务开始（异步）。
[2026-07-03 21:40:13.768][INF] [cfg=Default][inst=配置 1/default][src=Worker][op=ExecuteTaskQueue] 正在载入资源
[2026-07-03 21:40:13.769][INF] [cfg=Default][inst=配置 1/default][src=Worker][op=ExecuteTaskQueue] 资源路径：D:\Claude_Workspace\AATL\resource\base
[2026-07-03 21:40:13.769][INF] [cfg=Default][inst=配置 1/default][src=Worker][op=ExecuteTaskQueue] >>> 任务 资源检测开始（异步）。
[2026-07-03 21:40:13.810][INF] [cfg=Default][inst=配置 1/default][src=Worker][op=ExecuteTaskQueue] >>> 任务 资源检测完成（异步）。
[2026-07-03 21:40:13.811][INF] [cfg=Default][inst=配置 1/default][src=Worker][op=ExecuteTaskQueue] 启用 GPU 推理：成功
[2026-07-03 21:40:13.811][INF] [cfg=Default][inst=配置 1/default][src=Worker][op=ExecuteTaskQueue] GPU acceleration: Auto
[2026-07-03 21:40:13.811][INF] [cfg=Default][inst=配置 1/default][src=Worker][op=ExecuteTaskQueue] >>> 任务 控制器检测开始（异步）。
[2026-07-03 21:40:13.812][INF] [cfg=Default][inst=配置 1/default][src=Worker][op=ExecuteTaskQueue] 正在加载 MAA 控制器配置...
[2026-07-03 21:40:13.814][INF] [cfg=Default][inst=配置 1/default][src=Worker][op=ExecuteTaskQueue] 触控模式:Default,捕获模式:Default
[2026-07-03 21:40:13.814][INF] [cfg=Default][inst=配置 1/default][src=Worker][op=ExecuteTaskQueue] 设备名称：
[2026-07-03 21:40:13.815][INF] [cfg=Default][inst=配置 1/default][src=Worker][op=ExecuteTaskQueue] ADB 路径：adb
[2026-07-03 21:40:13.815][INF] [cfg=Default][inst=配置 1/default][src=Worker][op=ExecuteTaskQueue] ADB 序列号：
[2026-07-03 21:40:13.815][INF] [cfg=Default][inst=配置 1/default][src=Worker][op=ExecuteTaskQueue] 截图模式：Default
[2026-07-03 21:40:13.815][INF] [cfg=Default][inst=配置 1/default][src=Worker][op=ExecuteTaskQueue] 输入模式：Default
[2026-07-03 21:40:13.815][INF] [cfg=Default][inst=配置 1/default][src=Worker][op=ExecuteTaskQueue] 控制器配置：{}
[2026-07-03 21:40:13.831][WRN] [cfg=Default][inst=配置 1/default][src=Worker][op=ExecuteTaskQueue] 初始化控制器时发生错误！
[2026-07-03 21:40:13.831][ERR] [cfg=Default][inst=配置 1/default][src=Worker][op=ExecuteTaskQueue] 初始化控制器失败：message=连接模拟器时发生错误！, reason=The value cannot be an empty string.（Parameter 'info.AdbSerial')
System.ArgumentException: The value cannot be an empty string. (Parameter 'info.AdbSerial')
   at System.ArgumentException.ThrowNullOrEmptyException(String argument, String paramName)
   at System.ArgumentException.ThrowIfNullOrEmpty(String argument, String paramName)
   at MaaFramework.Binding.MaaAdbController..ctor(AdbDeviceInfo info, LinkOption link, CheckStatusOption check)
   at MaaFramework.Binding.MaaAdbController..ctor(String adbPath, String adbSerial, AdbScreencapMethods screencapMethods, AdbInputMethods inputMethods, String config, String agentPath, LinkOption link, CheckStatusOption check)
   at MFAAvalonia.Extensions.MaaFW.MaaProcessor.InitializeController(MaaControllerTypes controllerType, Boolean logConfig)
   at MFAAvalonia.Extensions.MaaFW.MaaProcessor.<>c__DisplayClass143_0.<InitializeMaaTasker>b__7()
   at MFAAvalonia.Helper.TaskManager.<>c__DisplayClass6_0`1.<RunTaskAsync>b__0()
   at System.Threading.Tasks.Task`1.InnerInvoke()
   at System.Threading.ExecutionContext.RunFromThreadPoolDispatchLoop(Thread threadPoolThread, ExecutionContext executionContext, ContextCallback callback, Object state)
--- End of stack trace from previous location ---
   at System.Threading.ExecutionContext.RunFromThreadPoolDispatchLoop(Thread threadPoolThread, ExecutionContext executionContext, ContextCallback callback, Object state)
   at System.Threading.Tasks.Task.ExecuteWithThreadLocal(Task& currentTaskSlot, Thread threadPoolThread)
--- End of stack trace from previous location ---
   at MFAAvalonia.Helper.TaskManager.RunTaskAsync[TResult](Func`1 function, CancellationToken token, Action`1 handleError, String name, String prompt, Boolean catchException, Boolean shouldLog, Boolean noMessage)
[2026-07-03 21:40:13.838][INF] [cfg=Default][inst=配置 1/default][src=Worker][op=ExecuteTaskQueue] >>> 任务 控制器检测完成（异步）。
[2026-07-03 21:40:13.838][WRN] [cfg=Default][inst=配置 1/default][src=Worker][op=ExecuteTaskQueue] 控制器初始化结果为空，已中止本次连接尝试。
[2026-07-03 21:40:13.883][INF] [cfg=Default][inst=配置 1/default][src=Worker][op=ExecuteTaskQueue] >>> 任务 启动检测开始（异步）。
[2026-07-03 21:40:13.884][INF] [cfg=Default][inst=配置 1/default][src=Worker][op=ExecuteTaskQueue] 开始执行更新任务：名称=查询CDK
[2026-07-03 21:40:13.884][INF] [cfg=Default][inst=配置 1/default][src=Worker][op=ExecuteTaskQueue] 更新任务完成：名称=查询CDK
[2026-07-03 21:40:13.884][INF] [cfg=Default][inst=配置 1/default][src=Worker][op=ExecuteTaskQueue] 开始执行更新任务：名称=更新资源
[2026-07-03 21:40:13.885][INF] [cfg=Default][inst=配置 1/default][src=UI][op=ChangeDevice] 当前连接目标变更：controller=Adb, resource=刀剑乱舞, device=MuMu安卓设备-MuMuPlayer12 v5（127.0.0.1:16384)
[2026-07-03 21:40:14.248][INF] [cfg=Default] >>> 任务 公告和最新版本检测完成（异步）。
[2026-07-03 21:40:15.393][INF] [cfg=Default][inst=配置 1/default][src=Worker][op=ExecuteTaskQueue] 目标系统：平台=win，系统家族=windows，架构=x64
[2026-07-03 21:40:16.003][INF] [cfg=Default][inst=配置 1/default][src=UI][op=Reconnect] 用户操作：重新连接 | controller=Adb, resource=刀剑乱舞, device=MuMu安卓设备-MuMuPlayer12 v5（127.0.0.1:16384)
[2026-07-03 21:40:16.168][INF] [cfg=Default][inst=配置 1/default][src=UI][op=MatchAdbDevice] 当前设备指纹：name=MuMu安卓设备-MuMuPlayer12 v5, serial=127.0.0.1:16384, configLength=78
[2026-07-03 21:40:16.168][INF] [cfg=Default][inst=配置 1/default][src=UI][op=Reconnect] 按指纹匹配到的设备数量：1
[2026-07-03 21:40:16.169][INF] [cfg=Default][inst=配置 1/default][src=UI][op=ChangeDevice] 当前连接目标变更：controller=Adb, resource=刀剑乱舞, device=<none>
[2026-07-03 21:40:16.169][INF] [cfg=Default][inst=配置 1/default][src=UI][op=ChangeDevice] 当前连接目标变更：controller=Adb, resource=刀剑乱舞, device=MuMu安卓设备-MuMuPlayer12 v5（127.0.0.1:16384)
[2026-07-03 21:40:16.172][INF] [cfg=Default][inst=配置 1/default][src=UI][op=Reconnect] 正在载入资源
[2026-07-03 21:40:16.172][INF] [cfg=Default][inst=配置 1/default][src=UI][op=Reconnect] 资源路径：D:\Claude_Workspace\AATL\resource\base
[2026-07-03 21:40:16.172][INF] [cfg=Default][inst=配置 1/default][src=UI][op=Reconnect] >>> 任务 资源检测开始（异步）。
[2026-07-03 21:40:16.188][INF] [cfg=Default][inst=配置 1/default][src=Monitor][op=MonitorLog] 正在连接至模拟器......
[2026-07-03 21:40:16.202][INF] [cfg=Default][inst=配置 1/default][src=UI][op=Reconnect] >>> 任务 资源检测完成（异步）。
[2026-07-03 21:40:16.202][INF] [cfg=Default][inst=配置 1/default][src=UI][op=Reconnect] 启用 GPU 推理：成功
[2026-07-03 21:40:16.202][INF] [cfg=Default][inst=配置 1/default][src=UI][op=Reconnect] GPU acceleration: Auto
[2026-07-03 21:40:16.202][INF] [cfg=Default][inst=配置 1/default][src=UI][op=Reconnect] >>> 任务 控制器检测开始（异步）。
[2026-07-03 21:40:16.202][INF] [cfg=Default][inst=配置 1/default][src=UI][op=Reconnect] 正在加载 MAA 控制器配置...
[2026-07-03 21:40:16.203][INF] [cfg=Default][inst=配置 1/default][src=UI][op=Reconnect] 触控模式:Default,捕获模式:EmulatorExtras
[2026-07-03 21:40:16.203][INF] [cfg=Default][inst=配置 1/default][src=UI][op=Reconnect] 设备名称：MuMu安卓设备-MuMuPlayer12 v5
[2026-07-03 21:40:16.203][INF] [cfg=Default][inst=配置 1/default][src=UI][op=Reconnect] ADB 路径：D:/Apps/MuMu/MuMuPlayer/nx_main/adb.exe
[2026-07-03 21:40:16.203][INF] [cfg=Default][inst=配置 1/default][src=UI][op=Reconnect] ADB 序列号：127.0.0.1:16384
[2026-07-03 21:40:16.203][INF] [cfg=Default][inst=配置 1/default][src=UI][op=Reconnect] 截图模式：EmulatorExtras
[2026-07-03 21:40:16.203][INF] [cfg=Default][inst=配置 1/default][src=UI][op=Reconnect] 输入模式：Default
[2026-07-03 21:40:16.203][INF] [cfg=Default][inst=配置 1/default][src=UI][op=Reconnect] 控制器配置：{"extras":{"mumu":{"enable":true,"index":0,"path":"D:/Apps/MuMu/MuMuPlayer"}}
[2026-07-03 21:40:16.222][INF] [cfg=Default][inst=配置 1/default][src=Worker][op=ExecuteTaskQueue] 候选资产优先级：名称=aatl-v0.5.3-beta.zip，优先级=0
[2026-07-03 21:40:16.229][INF] [cfg=Default][inst=配置 1/default][src=Worker][op=ExecuteTaskQueue] 更新任务完成：名称=更新资源
[2026-07-03 21:40:16.229][INF] [cfg=Default][inst=配置 1/default][src=Worker][op=ExecuteTaskQueue] >>> 任务 启动检测完成（异步）。
[2026-07-03 21:40:16.230][INF] [cfg=Default][inst=配置 1/default][src=Worker][op=ExecuteTaskQueue] >>> 任务 启动任务完成（异步）。
[2026-07-03 21:40:16.267][INF] [cfg=Default][inst=配置 1/default][src=Worker][op=StopTask] 停止前状态：SUCCEEDED
[2026-07-03 21:40:16.268][INF] [cfg=Default][inst=配置 1/default][src=Worker][op=StopTask] >>> 任务 停止maafw任务开始（异步）。
[2026-07-03 21:40:16.270][INF] [cfg=Default][inst=配置 1/default][src=Monitor][op=MonitorLog] 任务已全部完成！
(用时 0h 0m 2s)
[2026-07-03 21:40:16.737][INF] [cfg=Default][inst=配置 1/default][src=UI][op=Reconnect] >>> 任务 控制器检测完成（异步）。
[2026-07-03 21:40:17.396][INF] [cfg=Default][inst=配置 1/default][src=UI][op=Reconnect] 已注册内置特殊任务动作。
[2026-07-03 21:40:17.404][INF] [cfg=Default][inst=配置 1/default][src=UI][op=Reconnect] 已启动自定义类目录监听：目录=D:\Claude_Workspace\AATL\resource\base\custom
[2026-07-03 21:40:17.406][INF] [cfg=Default][inst=配置 1/default][src=UI][op=Reconnect] 开始解析自定义类：名称=CaptainDamageAction，文件=D:\Claude_Workspace\AATL\resource\base\custom\CaptainDamageAction.cs
[2026-07-03 21:40:18.106][INF] [cfg=Default][inst=配置 1/default][src=UI][op=Reconnect] 已成功加载自定义类：名称=CaptainDamageAction，文件=D:\Claude_Workspace\AATL\resource\base\custom\CaptainDamageAction.cs
[2026-07-03 21:40:18.106][INF] [cfg=Default][inst=配置 1/default][src=UI][op=Reconnect] 开始解析自定义类：名称=DamageLogAction，文件=D:\Claude_Workspace\AATL\resource\base\custom\DamageLogAction.cs
[2026-07-03 21:40:18.215][INF] [cfg=Default][inst=配置 1/default][src=UI][op=Reconnect] 已成功加载自定义类：名称=DamageLogAction，文件=D:\Claude_Workspace\AATL\resource\base\custom\DamageLogAction.cs
[2026-07-03 21:40:18.215][INF] [cfg=Default][inst=配置 1/default][src=UI][op=Reconnect] 开始解析自定义类：名称=DispatchLogAction，文件=D:\Claude_Workspace\AATL\resource\base\custom\DispatchLogAction.cs
[2026-07-03 21:40:18.387][INF] [cfg=Default][inst=配置 1/default][src=UI][op=Reconnect] 已成功加载自定义类：名称=DispatchLogAction，文件=D:\Claude_Workspace\AATL\resource\base\custom\DispatchLogAction.cs
[2026-07-03 21:40:18.387][INF] [cfg=Default][inst=配置 1/default][src=UI][op=Reconnect] 开始解析自定义类：名称=DungeonFloorSelectAction，文件=D:\Claude_Workspace\AATL\resource\base\custom\DungeonFloorSelectAction.cs
[2026-07-03 21:40:18.532][INF] [cfg=Default][inst=配置 1/default][src=UI][op=Reconnect] 已成功加载自定义类：名称=DungeonFloorSelectAction，文件=D:\Claude_Workspace\AATL\resource\base\custom\DungeonFloorSelectAction.cs
[2026-07-03 21:40:18.532][INF] [cfg=Default][inst=配置 1/default][src=UI][op=Reconnect] 开始解析自定义类：名称=ExpeditionMapSelectAction，文件=D:\Claude_Workspace\AATL\resource\base\custom\ExpeditionMapSelectAction.cs
[2026-07-03 21:40:18.584][INF] [cfg=Default][inst=配置 1/default][src=UI][op=Reconnect] 已成功加载自定义类：名称=ExpeditionMapSelectAction，文件=D:\Claude_Workspace\AATL\resource\base\custom\ExpeditionMapSelectAction.cs
[2026-07-03 21:40:18.585][INF] [cfg=Default][inst=配置 1/default][src=UI][op=Reconnect] 开始解析自定义类：名称=TeamSwitchAction，文件=D:\Claude_Workspace\AATL\resource\base\custom\TeamSwitchAction.cs
[2026-07-03 21:40:18.629][INF] [cfg=Default][inst=配置 1/default][src=UI][op=Reconnect] 已成功加载自定义类：名称=TeamSwitchAction，文件=D:\Claude_Workspace\AATL\resource\base\custom\TeamSwitchAction.cs
[2026-07-03 21:40:18.630][INF] [cfg=Default][inst=配置 1/default][src=UI][op=Reconnect] 已注册自定义动作：CaptainDamageAction
[2026-07-03 21:40:18.630][INF] [cfg=Default][inst=配置 1/default][src=UI][op=Reconnect] 已注册自定义动作：DamageLogAction
[2026-07-03 21:40:18.630][INF] [cfg=Default][inst=配置 1/default][src=UI][op=Reconnect] 已注册自定义动作：DispatchLogAction
[2026-07-03 21:40:18.630][INF] [cfg=Default][inst=配置 1/default][src=UI][op=Reconnect] 已注册自定义动作：DungeonFloorSelectAction
[2026-07-03 21:40:18.630][INF] [cfg=Default][inst=配置 1/default][src=UI][op=Reconnect] 已注册自定义动作：ExpeditionMapSelectAction
[2026-07-03 21:40:18.630][INF] [cfg=Default][inst=配置 1/default][src=UI][op=Reconnect] 已注册自定义动作：TeamSwitchAction
[2026-07-03 21:40:18.630][INF] [cfg=Default][inst=配置 1/default][src=UI][op=Reconnect] 未找到自定义目录：D:\Claude_Workspace\AATL\resource\custom
[2026-07-03 21:40:18.630][INF] [cfg=Default][inst=配置 1/default][src=UI][op=Reconnect] 连接状态变更：已连接。
[2026-07-03 21:40:18.632][INF] [cfg=Default][inst=配置 1/default][src=UI][op=Reconnect] MaaFW 调试模式：False
[2026-07-03 21:40:21.439][INF] [cfg=Default][inst=配置 1/default][src=UI][op=StartTask] 用户操作：启动任务 | controller=Adb, resource=刀剑乱舞, device=MuMu安卓设备-MuMuPlayer12 v5（127.0.0.1:16384), selectedTasks=1 [陆联]
[2026-07-03 21:40:21.450][INF] [cfg=Default][inst=配置 1/default][src=Worker][op=ExecuteTaskQueue] 准备执行任务队列：任务数量=1
[2026-07-03 21:40:21.457][INF] [cfg=Default][inst=配置 1/default][src=Worker][op=ExecuteTaskQueue] [任务管线合并] 任务#1 名称=[陆联] 入口=[LRentaisen] 参数=[
  {},
  {
    "LR_IsSwordSelect"：{
      "enabled"：true
    },
    "LR_ClickCaptainSlot"：{
      "enabled"：true
    },
    "LR_DetectSortOrder"：{
      "enabled"：true
    },
    "LR_ClickDescending"：{
      "enabled"：true
    },
    "LR_ConfirmSortAsc"：{
      "enabled"：true
    },
    "LR_ClickCaptain1"：{
      "enabled"：true
    },
    "LR_ClickCaptain2"：{
      "enabled"：true
    },
    "LR_ClickCaptain3"：{
      "enabled"：true
    },
    "LR_ClickCaptain4"：{
      "enabled"：true
    },
    "LR_ClickCaptain5"：{
      "enabled"：true
    }
  },
  {
    "LR_ClickTeam"：{
      "target"：[
        154,
        93,
        1,
        1
      ]
    }
  },
  {
    "LR_RunTeamSwitch"：{
      "custom_action_param"：{
        "team_config"："221222111"
      }
    }
  },
  {
    "LR_ClickDifficulty"：{
      "target"：[
        1132,
        328,
        1,
        1
      ]
    }
  }
]
[2026-07-03 21:40:21.538][INF] [cfg=Default][inst=配置 1/default][src=Worker][op=ExecuteTaskQueue] >>> 任务 启动任务开始（异步）。
[2026-07-03 21:40:21.540][INF] [cfg=Default][inst=配置 1/default][src=Worker][op=ExecuteTaskQueue] >>> 任务 启动附加开始脚本开始（异步）。
[2026-07-03 21:40:21.541][INF] [cfg=Default][inst=配置 1/default][src=Worker][op=ExecuteTaskQueue] >>> 任务 启动附加开始脚本完成（异步）。
[2026-07-03 21:40:21.543][INF] [cfg=Default][inst=配置 1/default][src=Worker][op=ExecuteTaskQueue] >>> 任务 截图测试开始（异步）。
[2026-07-03 21:40:21.561][INF] [cfg=Default][inst=配置 1/default][src=Worker][op=ExecuteTaskQueue] >>> 任务 截图测试完成（异步）。
[2026-07-03 21:40:21.561][INF] [cfg=Default][inst=配置 1/default][src=Monitor][op=MonitorLog] 截图耗时：7ms(EmulatorExtras)
[2026-07-03 21:40:21.594][INF] [cfg=Default][inst=配置 1/default][src=Monitor][op=MonitorLog] 开始任务：陆联
[2026-07-03 21:40:21.596][INF] [cfg=Default][inst=配置 1/default][src=Worker][op=ExecuteTaskQueue] >>> 任务 队列任务开始（异步）。
[2026-07-03 21:40:31.161][INF] [cfg=Default] [内存管理]释放了1.73 MB（2.9%)
[2026-07-03 21:43:51.902][INF] [cfg=Default][inst=配置 1/default][src=Worker][op=StopTask] 停止前状态：NOT_STARTED
[2026-07-03 21:43:51.908][INF] [cfg=Default][inst=配置 1/default][src=Worker][op=StopTask] >>> 任务 停止maafw任务开始（异步）。
[2026-07-03 21:43:51.909][INF] [cfg=Default][inst=配置 1/default][src=Worker][op=StopTask] 正在尝试停止任务执行器，第 1 次。
[2026-07-03 21:43:51.910][INF] [cfg=Default][inst=配置 1/default][src=Worker][op=ExecuteTaskQueue] >>> 任务 队列任务完成（异步）。
[2026-07-03 21:43:51.910][INF] [cfg=Default][inst=配置 1/default][src=Monitor][op=MonitorLog] 正在停止......
[2026-07-03 21:43:51.910][INF] [cfg=Default][inst=配置 1/default][src=Worker][op=ExecuteTaskQueue] >>> 任务 启动任务完成（异步）。
[2026-07-03 21:43:51.912][INF] [cfg=Default][inst=配置 1/default][src=Monitor][op=MonitorLog] 任务运行失败！
[2026-07-03 21:43:51.913][INF] [cfg=Default][inst=配置 1/default][src=Worker][op=StopTask] 停止前状态：STOPPED
[2026-07-03 21:43:51.913][INF] [cfg=Default][inst=配置 1/default][src=Worker][op=StopTask] >>> 任务 停止maafw任务开始（异步）。
[2026-07-03 21:43:51.914][INF] [cfg=Default][inst=配置 1/default][src=Worker][op=StopTask] >>> 任务 Action开始。
[2026-07-03 21:43:51.914][INF] [cfg=Default][inst=配置 1/default][src=Worker][op=StopTask] >>> 任务 Action完成。
[2026-07-03 21:43:51.992][INF] [cfg=Default][inst=配置 1/default][src=Worker][op=StopTask] 第 1 次停止任务执行器返回：Succeeded，准备重试。
[2026-07-03 21:43:52.318][INF] [cfg=Default][inst=配置 1/default][src=Monitor][op=MonitorLog] 已放弃本次任务
[2026-07-03 21:45:04.765][INF] [cfg=Default] 应用已关闭
[2026-07-03 21:45:04.770][INF] [cfg=Default] 已释放自定义类目录监听器。
[2026-07-03 21:59:20.635][INF] 正在加载配置列表...
[2026-07-03 21:59:20.659][INF] 应用安装目录：D:\Claude_Workspace\AATL
[2026-07-03 21:59:20.659][INF] 应用数据目录：D:\Claude_Workspace\AATL
[2026-07-03 21:59:20.659][INF] 是否使用独立数据目录：False
[2026-07-03 21:59:20.659][INF] 配置目录：D:\Claude_Workspace\AATL\resource\config
[2026-07-03 21:59:20.659][INF] 是否使用本地配置目录：True
[2026-07-03 21:59:20.659][INF] 日志目录：D:\Claude_Workspace\AATL\debug\logs
[2026-07-03 21:59:20.659][INF] 备份文件数量：43
[2026-07-03 21:59:20.659][INF] 临时目录是否存在：True
[2026-07-03 21:59:20.659][INF] [cfg=Default] 应用安装目录：D:\Claude_Workspace\AATL
[2026-07-03 21:59:20.659][INF] [cfg=Default] 应用数据目录：D:\Claude_Workspace\AATL
[2026-07-03 21:59:20.659][INF] [cfg=Default] 是否使用独立数据目录：False
[2026-07-03 21:59:20.659][INF] [cfg=Default] 配置目录：D:\Claude_Workspace\AATL\resource\config
[2026-07-03 21:59:20.659][INF] [cfg=Default] 是否使用本地配置目录：True
[2026-07-03 21:59:20.659][INF] [cfg=Default] 日志目录：D:\Claude_Workspace\AATL\debug\logs
[2026-07-03 21:59:20.659][INF] [cfg=Default] 备份文件数量：43
[2026-07-03 21:59:20.659][INF] [cfg=Default] 临时目录是否存在：True
[2026-07-03 21:59:20.666][INF] [cfg=Default] 已通过 Windows API 添加 DLL 搜索目录：D:\Claude_Workspace\AATL\runtimes/libs
[2026-07-03 21:59:20.666][INF] [cfg=Default] 库解析器初始化完成：libsPath=D:\Claude_Workspace\AATL\runtimes/libs，目录存在=True
[2026-07-03 21:59:20.670][INF] [cfg=Default] 检测到 MaaFramework 运行时目录：数量=1，路径=[D:\Claude_Workspace\AATL\runtimes\win-x64\native]
[2026-07-03 21:59:20.672][INF] [cfg=Default] 启动参数：数量=0，内容=[]
[2026-07-03 21:59:20.672][INF] [cfg=Default] 程序版本：v2.12.2-beta.1
[2026-07-03 21:59:20.672][INF] [cfg=Default] .NET 运行时：.NET 10.0.8
[2026-07-03 21:59:21.280][INF] [cfg=Default] 开始初始化语言管理器。
[2026-07-03 21:59:21.421][INF] [cfg=Default] 当前配置：Default
[2026-07-03 21:59:21.462][INF] [cfg=Default] 已恢复系统休眠。
[2026-07-03 21:59:21.465][INF] [cfg=Default] 热键主进程选举：已成为主进程（创建了新的全局互斥锁）。
[2026-07-03 21:59:21.465][INF] [cfg=Default] 全局热键服务：作为主进程初始化。
[2026-07-03 21:59:21.477][INF] [cfg=Default] 热键 IPC 端口文件已保存：文件=C:\Users\Alouette\AppData\Local\Temp\MFAAvalonia\hotkey_ipc_port.txt
[2026-07-03 21:59:21.478][INF] [cfg=Default] 热键 IPC 服务端已启动：端口=52719
[2026-07-03 21:59:21.490][INF] [cfg=Default] [内存管理]释放了1.32 MB（31.2%)
[2026-07-03 21:59:21.550][WRN] [cfg=Default] 界面资源接口尚未初始化完成。
[2026-07-03 21:59:21.559][INF] [cfg=Default] [调试] instances 目录中实际存在的实例文件数量：1, ID列表：[default]
[2026-07-03 21:59:21.630][INF] [cfg=Default] 本地更新包按钮可见性已刷新：来源=config.Debug(string)，原始值=，解析结果=False
[2026-07-03 21:59:21.630][INF] [cfg=Default] 资源版本：0.5.4
[2026-07-03 21:59:21.630][INF] [cfg=Default] MaaFramework 版本：v5.11.1
[2026-07-03 21:59:21.691][INF] [cfg=Default] [懒加载] 已加载当天有定时任务的实例
[2026-07-03 21:59:21.755][INF] [cfg=Default] 窗口大小已加载：宽度=1028，高度=650
[2026-07-03 21:59:21.762][INF] [cfg=Default] 窗口位置已加载：X=763，Y=306
[2026-07-03 21:59:22.047][WRN] [cfg=Default] 跨平台数据解密失败：参数错误。
[2026-07-03 21:59:22.106][WRN] [cfg=Default] 跨平台数据解密失败：The input is not a valid Base-64 string as it contains a non-base 64 character, more than two padding characters, or an illegal character among the padding characters.
[2026-07-03 21:59:22.151][INF] [cfg=Default] 本地更新包按钮可见性已刷新：来源=config.Debug(string)，原始值=，解析结果=False
[2026-07-03 21:59:22.151][INF] [cfg=Default] 设置页调试卡片可见性已应用：False
[2026-07-03 21:59:22.287][INF] [cfg=Default] [调试] instances 目录中实际存在的实例文件数量：1, ID列表：[default]
[2026-07-03 21:59:22.298][INF] [cfg=Default] [懒加载] 已加载当天有定时任务的实例
[2026-07-03 21:59:22.668][INF] [cfg=Default] [懒加载] 所有实例加载完成
[2026-07-03 21:59:22.668][INF] [cfg=Default] [懒加载] 所有实例加载完成
[2026-07-03 21:59:22.724][INF] [cfg=Default] 界面初始化开始
[2026-07-03 21:59:22.790][INF] [cfg=Default][inst=配置 1/default][src=UI][op=ChangeResource] 当前资源变更：resource=, controller=Adb
[2026-07-03 21:59:22.792][INF] [cfg=Default][inst=配置 1/default][src=UI][op=ChangeResource] 当前资源变更：resource=刀剑乱舞, controller=Adb
[2026-07-03 21:59:22.794][INF] [cfg=Default][inst=配置 1/default][src=UI][op=ChangeResource] 当前资源变更：resource=, controller=Adb
[2026-07-03 21:59:22.800][INF] [cfg=Default][inst=配置 1/default][src=UI][op=ChangeResource] 当前资源变更：resource=刀剑乱舞, controller=Adb
[2026-07-03 21:59:23.175][INF] [cfg=Default] 保留最近的备份文件：D:\Claude_Workspace\AATL\runtimes\libs\Avalonia.Xaml.Interactivity.dll.202607031917.0.backupMFA
[2026-07-03 21:59:23.175][INF] [cfg=Default] 保留最近的备份文件：D:\Claude_Workspace\AATL\runtimes\libs\AvaloniaEdit.TextMate.dll.202607031917.0.backupMFA
[2026-07-03 21:59:23.175][INF] [cfg=Default] 保留最近的备份文件：D:\Claude_Workspace\AATL\runtimes\libs\AvaloniaExtensions.Axaml.dll.202607031917.0.backupMFA
[2026-07-03 21:59:23.175][INF] [cfg=Default] 保留最近的备份文件：D:\Claude_Workspace\AATL\runtimes\libs\av_libglesv2.dll.202607031917.0.backupMFA
[2026-07-03 21:59:23.175][INF] [cfg=Default] 保留最近的备份文件：D:\Claude_Workspace\AATL\runtimes\libs\CalcBindingAva.dll.202607031917.0.backupMFA
[2026-07-03 21:59:23.176][INF] [cfg=Default] 保留最近的备份文件：D:\Claude_Workspace\AATL\runtimes\libs\ColorDocument.Avalonia.dll.202607031917.0.backupMFA
[2026-07-03 21:59:23.176][INF] [cfg=Default] 保留最近的备份文件：D:\Claude_Workspace\AATL\runtimes\libs\ColorTextBlock.Avalonia.dll.202607031917.0.backupMFA
[2026-07-03 21:59:23.176][INF] [cfg=Default] 保留最近的备份文件：D:\Claude_Workspace\AATL\runtimes\libs\CommunityToolkit.Mvvm.dll.202607031917.0.backupMFA
[2026-07-03 21:59:23.176][INF] [cfg=Default] 保留最近的备份文件：D:\Claude_Workspace\AATL\runtimes\libs\CrossPlatformProtectedData.dll.202607031917.0.backupMFA
[2026-07-03 21:59:23.176][INF] [cfg=Default] 保留最近的备份文件：D:\Claude_Workspace\AATL\runtimes\libs\DynamicExpresso.Core.dll.202607031917.0.backupMFA
[2026-07-03 21:59:23.176][INF] [cfg=Default] 保留最近的备份文件：D:\Claude_Workspace\AATL\runtimes\libs\FluentAvalonia.dll.202607031917.0.backupMFA
[2026-07-03 21:59:23.176][INF] [cfg=Default] 保留最近的备份文件：D:\Claude_Workspace\AATL\runtimes\libs\FluentIcons.Resources.Avalonia.dll.202607031917.0.backupMFA
[2026-07-03 21:59:23.176][INF] [cfg=Default] 保留最近的备份文件：D:\Claude_Workspace\AATL\runtimes\libs\HarfBuzzSharp.dll.202607031917.0.backupMFA
[2026-07-03 21:59:23.176][INF] [cfg=Default] 保留最近的备份文件：D:\Claude_Workspace\AATL\runtimes\libs\HtmlAgilityPack.dll.202607031917.0.backupMFA
[2026-07-03 21:59:23.176][INF] [cfg=Default] 保留最近的备份文件：D:\Claude_Workspace\AATL\runtimes\libs\Lang.Avalonia.dll.202607031917.0.backupMFA
[2026-07-03 21:59:23.176][INF] [cfg=Default] 保留最近的备份文件：D:\Claude_Workspace\AATL\runtimes\libs\libHarfBuzzSharp.dll.202607031917.0.backupMFA
[2026-07-03 21:59:23.176][INF] [cfg=Default] 保留最近的备份文件：D:\Claude_Workspace\AATL\runtimes\libs\libSkiaSharp.dll.202607031917.0.backupMFA
[2026-07-03 21:59:23.176][INF] [cfg=Default] 保留最近的备份文件：D:\Claude_Workspace\AATL\runtimes\libs\MaaFramework.Binding.Native.dll.202607031917.0.backupMFA
[2026-07-03 21:59:23.176][INF] [cfg=Default] 保留最近的备份文件：D:\Claude_Workspace\AATL\runtimes\libs\Markdown.Avalonia.SyntaxHigh.dll.202607031917.0.backupMFA
[2026-07-03 21:59:23.176][INF] [cfg=Default] 保留最近的备份文件：D:\Claude_Workspace\AATL\runtimes\libs\MFAAvalonia.Core.dll.202607031917.0.backupMFA
[2026-07-03 21:59:23.176][INF] [cfg=Default] 保留最近的备份文件：D:\Claude_Workspace\AATL\runtimes\libs\MicroCom.Runtime.dll.202607031917.0.backupMFA
[2026-07-03 21:59:23.176][INF] [cfg=Default] 保留最近的备份文件：D:\Claude_Workspace\AATL\runtimes\libs\Microsoft.WindowsAPICodePack.Shell.dll.202607031917.0.backupMFA
[2026-07-03 21:59:23.176][INF] [cfg=Default] 保留最近的备份文件：D:\Claude_Workspace\AATL\runtimes\libs\NETCore.Encrypt.dll.202607031917.0.backupMFA
[2026-07-03 21:59:23.176][INF] [cfg=Default] 保留最近的备份文件：D:\Claude_Workspace\AATL\runtimes\libs\Newtonsoft.Json.dll.202607031917.0.backupMFA
[2026-07-03 21:59:23.176][INF] [cfg=Default] 保留最近的备份文件：D:\Claude_Workspace\AATL\runtimes\libs\Semver.dll.202607031917.0.backupMFA
[2026-07-03 21:59:23.176][INF] [cfg=Default] 保留最近的备份文件：D:\Claude_Workspace\AATL\runtimes\libs\Serilog.Sinks.File.dll.202607031917.0.backupMFA
[2026-07-03 21:59:23.176][INF] [cfg=Default] 保留最近的备份文件：D:\Claude_Workspace\AATL\runtimes\libs\SharpCompress.dll.202607031917.0.backupMFA
[2026-07-03 21:59:23.176][INF] [cfg=Default] 保留最近的备份文件：D:\Claude_Workspace\AATL\runtimes\libs\SharpHook.dll.202607031917.0.backupMFA
[2026-07-03 21:59:23.176][INF] [cfg=Default] 保留最近的备份文件：D:\Claude_Workspace\AATL\runtimes\libs\SkiaSharp.dll.202607031917.0.backupMFA
[2026-07-03 21:59:23.176][INF] [cfg=Default] 保留最近的备份文件：D:\Claude_Workspace\AATL\runtimes\libs\SukiUI.dll.202607031917.0.backupMFA
[2026-07-03 21:59:23.176][INF] [cfg=Default] 保留最近的备份文件：D:\Claude_Workspace\AATL\runtimes\libs\System.Security.Cryptography.ProtectedData.dll.202607031917.0.backupMFA
[2026-07-03 21:59:23.176][INF] [cfg=Default] 保留最近的备份文件：D:\Claude_Workspace\AATL\runtimes\libs\TextMateSharp.Grammars.dll.202607031917.0.backupMFA
[2026-07-03 21:59:23.176][INF] [cfg=Default] 保留最近的备份文件：D:\Claude_Workspace\AATL\runtimes\libs\uiohook.dll.202607031917.0.backupMFA
[2026-07-03 21:59:23.176][INF] [cfg=Default] 保留最近的备份文件：D:\Claude_Workspace\AATL\runtimes\libs\ZstdSharp.dll.202607031917.0.backupMFA
[2026-07-03 21:59:23.190][INF] [cfg=Default] 保留最近的备份文件：D:\Claude_Workspace\AATL\runtimes\win-x64\native\DirectML.dll.202607031917.0.backupMFA
[2026-07-03 21:59:23.190][INF] [cfg=Default] 保留最近的备份文件：D:\Claude_Workspace\AATL\runtimes\win-x64\native\fastdeploy_ppocr_maa.dll.202607031917.0.backupMFA
[2026-07-03 21:59:23.190][INF] [cfg=Default] 保留最近的备份文件：D:\Claude_Workspace\AATL\runtimes\win-x64\native\MaaFramework.dll.202607031917.0.backupMFA
[2026-07-03 21:59:23.190][INF] [cfg=Default] 保留最近的备份文件：D:\Claude_Workspace\AATL\runtimes\win-x64\native\MaaToolkit.dll.202607031917.0.backupMFA
[2026-07-03 21:59:23.190][INF] [cfg=Default] 保留最近的备份文件：D:\Claude_Workspace\AATL\runtimes\win-x64\native\MaaUtils.dll.202607031917.0.backupMFA
[2026-07-03 21:59:23.190][INF] [cfg=Default] 保留最近的备份文件：D:\Claude_Workspace\AATL\runtimes\win-x64\native\onnxruntime_maa.dll.202607031917.0.backupMFA
[2026-07-03 21:59:23.190][INF] [cfg=Default] 保留最近的备份文件：D:\Claude_Workspace\AATL\runtimes\win-x64\native\opencv_world4_maa.dll.202607031917.0.backupMFA
[2026-07-03 21:59:23.207][INF] [cfg=Default] 保留最近的备份文件：D:\Claude_Workspace\AATL\runtimes\libs\locales\en-US\MFAAvalonia.Core.resources.dll.202607031917.0.backupMFA
[2026-07-03 21:59:23.208][INF] [cfg=Default] 保留最近的备份文件：D:\Claude_Workspace\AATL\runtimes\win-x64\native\plugins\MaaPluginDemo.dll.202607031917.0.backupMFA
[2026-07-03 21:59:23.398][INF] [cfg=Default] >>> 任务 公告和最新版本检测开始（异步）。
[2026-07-03 21:59:23.742][INF] [cfg=Default] 正在从配置中读取已保存的 ADB 设备，并启用指纹匹配。
[2026-07-03 21:59:23.743][INF] [cfg=Default] 已保存设备的指纹：MuMu安卓设备-MuMuPlayer12 v5|0|127.0.0.1|16384
[2026-07-03 21:59:24.220][INF] [cfg=Default] 按指纹匹配到的设备数量：1
[2026-07-03 21:59:24.220][INF] [cfg=Default] 已通过指纹匹配到设备：名称=MuMu安卓设备-MuMuPlayer12 v5，ADB 序列号=127.0.0.1:16384
[2026-07-03 21:59:24.376][INF] [cfg=Default][inst=配置 1/default][src=Monitor][op=MonitorLog] 正在连接至模拟器......
[2026-07-03 21:59:24.539][INF] [cfg=Default][inst=配置 1/default][src=Worker][op=ExecuteTaskQueue] >>> 任务 启动任务开始（异步）。
[2026-07-03 21:59:24.566][INF] [cfg=Default][inst=配置 1/default][src=Worker][op=ExecuteTaskQueue] 正在载入资源
[2026-07-03 21:59:24.566][INF] [cfg=Default][inst=配置 1/default][src=Worker][op=ExecuteTaskQueue] 资源路径：D:\Claude_Workspace\AATL\resource\base
[2026-07-03 21:59:24.566][INF] [cfg=Default][inst=配置 1/default][src=Worker][op=ExecuteTaskQueue] >>> 任务 资源检测开始（异步）。
[2026-07-03 21:59:24.618][INF] [cfg=Default][inst=配置 1/default][src=UI][op=ChangeDevice] 当前连接目标变更：controller=Adb, resource=刀剑乱舞, device=MuMu安卓设备-MuMuPlayer12 v5（127.0.0.1:16384)
[2026-07-03 21:59:24.622][INF] [cfg=Default][inst=配置 1/default][src=Worker][op=ExecuteTaskQueue] >>> 任务 资源检测完成（异步）。
[2026-07-03 21:59:24.624][INF] [cfg=Default][inst=配置 1/default][src=Worker][op=ExecuteTaskQueue] 启用 GPU 推理：成功
[2026-07-03 21:59:24.624][INF] [cfg=Default][inst=配置 1/default][src=Worker][op=ExecuteTaskQueue] GPU acceleration: Auto
[2026-07-03 21:59:24.624][INF] [cfg=Default][inst=配置 1/default][src=Worker][op=ExecuteTaskQueue] >>> 任务 控制器检测开始（异步）。
[2026-07-03 21:59:24.625][INF] [cfg=Default][inst=配置 1/default][src=Worker][op=ExecuteTaskQueue] 正在加载 MAA 控制器配置...
[2026-07-03 21:59:24.627][INF] [cfg=Default][inst=配置 1/default][src=Worker][op=ExecuteTaskQueue] 触控模式:Default,捕获模式:EmulatorExtras
[2026-07-03 21:59:24.628][INF] [cfg=Default][inst=配置 1/default][src=Worker][op=ExecuteTaskQueue] 设备名称：MuMu安卓设备-MuMuPlayer12 v5
[2026-07-03 21:59:24.628][INF] [cfg=Default][inst=配置 1/default][src=Worker][op=ExecuteTaskQueue] ADB 路径：D:/Apps/MuMu/MuMuPlayer/nx_main/adb.exe
[2026-07-03 21:59:24.628][INF] [cfg=Default][inst=配置 1/default][src=Worker][op=ExecuteTaskQueue] ADB 序列号：127.0.0.1:16384
[2026-07-03 21:59:24.628][INF] [cfg=Default][inst=配置 1/default][src=Worker][op=ExecuteTaskQueue] 截图模式：EmulatorExtras
[2026-07-03 21:59:24.628][INF] [cfg=Default][inst=配置 1/default][src=Worker][op=ExecuteTaskQueue] 输入模式：Default
[2026-07-03 21:59:24.628][INF] [cfg=Default][inst=配置 1/default][src=Worker][op=ExecuteTaskQueue] 控制器配置：{"extras":{"mumu":{"enable":true,"index":0,"path":"D:/Apps/MuMu/MuMuPlayer"}}
[2026-07-03 21:59:24.785][INF] [cfg=Default] >>> 任务 公告和最新版本检测完成（异步）。
[2026-07-03 21:59:25.114][INF] [cfg=Default][inst=配置 1/default][src=Worker][op=ExecuteTaskQueue] >>> 任务 控制器检测完成（异步）。
[2026-07-03 21:59:25.801][INF] [cfg=Default][inst=配置 1/default][src=Worker][op=ExecuteTaskQueue] 已注册内置特殊任务动作。
[2026-07-03 21:59:25.811][INF] [cfg=Default][inst=配置 1/default][src=Worker][op=ExecuteTaskQueue] 已启动自定义类目录监听：目录=D:\Claude_Workspace\AATL\resource\base\custom
[2026-07-03 21:59:25.814][INF] [cfg=Default][inst=配置 1/default][src=Worker][op=ExecuteTaskQueue] 开始解析自定义类：名称=CaptainDamageAction，文件=D:\Claude_Workspace\AATL\resource\base\custom\CaptainDamageAction.cs
[2026-07-03 21:59:26.677][INF] [cfg=Default][inst=配置 1/default][src=Worker][op=ExecuteTaskQueue] 已成功加载自定义类：名称=CaptainDamageAction，文件=D:\Claude_Workspace\AATL\resource\base\custom\CaptainDamageAction.cs
[2026-07-03 21:59:26.677][INF] [cfg=Default][inst=配置 1/default][src=Worker][op=ExecuteTaskQueue] 开始解析自定义类：名称=DamageLogAction，文件=D:\Claude_Workspace\AATL\resource\base\custom\DamageLogAction.cs
[2026-07-03 21:59:26.778][INF] [cfg=Default][inst=配置 1/default][src=Worker][op=ExecuteTaskQueue] 已成功加载自定义类：名称=DamageLogAction，文件=D:\Claude_Workspace\AATL\resource\base\custom\DamageLogAction.cs
[2026-07-03 21:59:26.778][INF] [cfg=Default][inst=配置 1/default][src=Worker][op=ExecuteTaskQueue] 开始解析自定义类：名称=DispatchLogAction，文件=D:\Claude_Workspace\AATL\resource\base\custom\DispatchLogAction.cs
[2026-07-03 21:59:26.978][INF] [cfg=Default][inst=配置 1/default][src=Worker][op=ExecuteTaskQueue] 已成功加载自定义类：名称=DispatchLogAction，文件=D:\Claude_Workspace\AATL\resource\base\custom\DispatchLogAction.cs
[2026-07-03 21:59:26.978][INF] [cfg=Default][inst=配置 1/default][src=Worker][op=ExecuteTaskQueue] 开始解析自定义类：名称=DungeonFloorSelectAction，文件=D:\Claude_Workspace\AATL\resource\base\custom\DungeonFloorSelectAction.cs
[2026-07-03 21:59:27.172][INF] [cfg=Default][inst=配置 1/default][src=Worker][op=ExecuteTaskQueue] 已成功加载自定义类：名称=DungeonFloorSelectAction，文件=D:\Claude_Workspace\AATL\resource\base\custom\DungeonFloorSelectAction.cs
[2026-07-03 21:59:27.172][INF] [cfg=Default][inst=配置 1/default][src=Worker][op=ExecuteTaskQueue] 开始解析自定义类：名称=ExpeditionMapSelectAction，文件=D:\Claude_Workspace\AATL\resource\base\custom\ExpeditionMapSelectAction.cs
[2026-07-03 21:59:27.238][INF] [cfg=Default][inst=配置 1/default][src=Worker][op=ExecuteTaskQueue] 已成功加载自定义类：名称=ExpeditionMapSelectAction，文件=D:\Claude_Workspace\AATL\resource\base\custom\ExpeditionMapSelectAction.cs
[2026-07-03 21:59:27.238][INF] [cfg=Default][inst=配置 1/default][src=Worker][op=ExecuteTaskQueue] 开始解析自定义类：名称=TeamSwitchAction，文件=D:\Claude_Workspace\AATL\resource\base\custom\TeamSwitchAction.cs
[2026-07-03 21:59:27.295][INF] [cfg=Default][inst=配置 1/default][src=Worker][op=ExecuteTaskQueue] 已成功加载自定义类：名称=TeamSwitchAction，文件=D:\Claude_Workspace\AATL\resource\base\custom\TeamSwitchAction.cs
[2026-07-03 21:59:27.295][INF] [cfg=Default][inst=配置 1/default][src=Worker][op=ExecuteTaskQueue] 已注册自定义动作：CaptainDamageAction
[2026-07-03 21:59:27.295][INF] [cfg=Default][inst=配置 1/default][src=Worker][op=ExecuteTaskQueue] 已注册自定义动作：DamageLogAction
[2026-07-03 21:59:27.295][INF] [cfg=Default][inst=配置 1/default][src=Worker][op=ExecuteTaskQueue] 已注册自定义动作：DispatchLogAction
[2026-07-03 21:59:27.295][INF] [cfg=Default][inst=配置 1/default][src=Worker][op=ExecuteTaskQueue] 已注册自定义动作：DungeonFloorSelectAction
[2026-07-03 21:59:27.295][INF] [cfg=Default][inst=配置 1/default][src=Worker][op=ExecuteTaskQueue] 已注册自定义动作：ExpeditionMapSelectAction
[2026-07-03 21:59:27.295][INF] [cfg=Default][inst=配置 1/default][src=Worker][op=ExecuteTaskQueue] 已注册自定义动作：TeamSwitchAction
[2026-07-03 21:59:27.295][INF] [cfg=Default][inst=配置 1/default][src=Worker][op=ExecuteTaskQueue] 未找到自定义目录：D:\Claude_Workspace\AATL\resource\custom
[2026-07-03 21:59:27.296][INF] [cfg=Default][inst=配置 1/default][src=Worker][op=ExecuteTaskQueue] 连接状态变更：已连接。
[2026-07-03 21:59:27.296][INF] [cfg=Default][inst=配置 1/default][src=Worker][op=ExecuteTaskQueue] MaaFW 调试模式：False
[2026-07-03 21:59:29.143][INF] [cfg=Default][inst=配置 1/default][src=Worker][op=ExecuteTaskQueue] >>> 任务 启动检测开始（异步）。
[2026-07-03 21:59:29.144][INF] [cfg=Default][inst=配置 1/default][src=Worker][op=ExecuteTaskQueue] 开始执行更新任务：名称=查询CDK
[2026-07-03 21:59:29.144][INF] [cfg=Default][inst=配置 1/default][src=Worker][op=ExecuteTaskQueue] 更新任务完成：名称=查询CDK
[2026-07-03 21:59:29.144][INF] [cfg=Default][inst=配置 1/default][src=Worker][op=ExecuteTaskQueue] 开始执行更新任务：名称=更新资源
[2026-07-03 21:59:30.488][INF] [cfg=Default][inst=配置 1/default][src=UI][op=StartTask] 用户操作：启动任务 | controller=Adb, resource=刀剑乱舞, device=MuMu安卓设备-MuMuPlayer12 v5（127.0.0.1:16384), selectedTasks=1 [陆联]
[2026-07-03 21:59:30.509][INF] [cfg=Default][inst=配置 1/default][src=Worker][op=ExecuteTaskQueue] 准备执行任务队列：任务数量=1
[2026-07-03 21:59:30.527][INF] [cfg=Default][inst=配置 1/default][src=Worker][op=ExecuteTaskQueue] [任务管线合并] 任务#1 名称=[陆联] 入口=[LRentaisen] 参数=[
  {},
  {
    "LR_IsSwordSelect"：{
      "enabled"：true
    },
    "LR_ClickCaptainSlot"：{
      "enabled"：true
    },
    "LR_DetectSortOrder"：{
      "enabled"：true
    },
    "LR_ClickDescending"：{
      "enabled"：true
    },
    "LR_ConfirmSortAsc"：{
      "enabled"：true
    },
    "LR_ClickCaptain1"：{
      "enabled"：true
    },
    "LR_ClickCaptain2"：{
      "enabled"：true
    },
    "LR_ClickCaptain3"：{
      "enabled"：true
    },
    "LR_ClickCaptain4"：{
      "enabled"：true
    },
    "LR_ClickCaptain5"：{
      "enabled"：true
    }
  },
  {
    "LR_ClickTeam"：{
      "target"：[
        154,
        93,
        1,
        1
      ]
    }
  },
  {
    "LR_RunTeamSwitch"：{
      "custom_action_param"：{
        "team_config"："221222111"
      }
    }
  },
  {
    "LR_ClickDifficulty"：{
      "target"：[
        1132,
        328,
        1,
        1
      ]
    }
  }
]
[2026-07-03 21:59:30.583][INF] [cfg=Default][inst=配置 1/default][src=Worker][op=ExecuteTaskQueue] 目标系统：平台=win，系统家族=windows，架构=x64
[2026-07-03 21:59:30.708][INF] [cfg=Default][inst=配置 1/default][src=Worker][op=ExecuteTaskQueue] >>> 任务 启动任务开始（异步）。
[2026-07-03 21:59:30.709][INF] [cfg=Default][inst=配置 1/default][src=Worker][op=ExecuteTaskQueue] >>> 任务 启动附加开始脚本开始（异步）。
[2026-07-03 21:59:30.710][INF] [cfg=Default][inst=配置 1/default][src=Worker][op=ExecuteTaskQueue] >>> 任务 启动附加开始脚本完成（异步）。
[2026-07-03 21:59:30.714][INF] [cfg=Default][inst=配置 1/default][src=Worker][op=ExecuteTaskQueue] >>> 任务 截图测试开始（异步）。
[2026-07-03 21:59:30.732][INF] [cfg=Default][inst=配置 1/default][src=Worker][op=ExecuteTaskQueue] >>> 任务 截图测试完成（异步）。
[2026-07-03 21:59:30.733][INF] [cfg=Default][inst=配置 1/default][src=Monitor][op=MonitorLog] 截图耗时：7ms(EmulatorExtras)
[2026-07-03 21:59:30.738][INF] [cfg=Default][inst=配置 1/default][src=Monitor][op=MonitorLog] 开始任务：陆联
[2026-07-03 21:59:30.741][INF] [cfg=Default][inst=配置 1/default][src=Worker][op=ExecuteTaskQueue] >>> 任务 队列任务开始（异步）。
[2026-07-03 21:59:31.410][INF] [cfg=Default][inst=配置 1/default][src=Worker][op=ExecuteTaskQueue] 候选资产优先级：名称=aatl-v0.5.3-beta.zip，优先级=0
[2026-07-03 21:59:31.419][INF] [cfg=Default][inst=配置 1/default][src=Worker][op=ExecuteTaskQueue] 更新任务完成：名称=更新资源
[2026-07-03 21:59:31.419][INF] [cfg=Default][inst=配置 1/default][src=Worker][op=ExecuteTaskQueue] >>> 任务 启动检测完成（异步）。
[2026-07-03 21:59:31.431][INF] [cfg=Default][inst=配置 1/default][src=Worker][op=ExecuteTaskQueue] >>> 任务 启动附加结束脚本开始（异步）。
[2026-07-03 21:59:31.431][INF] [cfg=Default][inst=配置 1/default][src=Worker][op=ExecuteTaskQueue] >>> 任务 启动附加结束脚本完成（异步）。
[2026-07-03 21:59:31.432][INF] [cfg=Default][inst=配置 1/default][src=Worker][op=ExecuteTaskQueue] >>> 任务 启动任务完成（异步）。
[2026-07-03 21:59:31.433][INF] [cfg=Default][inst=配置 1/default][src=Worker][op=StopTask] 停止前状态：SUCCEEDED
[2026-07-03 21:59:31.434][INF] [cfg=Default][inst=配置 1/default][src=Worker][op=StopTask] >>> 任务 停止maafw任务开始（异步）。
[2026-07-03 21:59:31.437][INF] [cfg=Default][inst=配置 1/default][src=Monitor][op=MonitorLog] 任务已全部完成！
(用时 0h 0m 0s)
[2026-07-03 22:00:04.139][INF] [cfg=Default][inst=配置 1/default][src=UI][op=StartTask] 用户操作：启动任务 | controller=Adb, resource=刀剑乱舞, device=MuMu安卓设备-MuMuPlayer12 v5（127.0.0.1:16384), selectedTasks=1 [陆联]
[2026-07-03 22:00:04.153][INF] [cfg=Default][inst=配置 1/default][src=Worker][op=ExecuteTaskQueue] 准备执行任务队列：任务数量=1
[2026-07-03 22:00:04.155][INF] [cfg=Default][inst=配置 1/default][src=Worker][op=ExecuteTaskQueue] [任务管线合并] 任务#1 名称=[陆联] 入口=[LRentaisen] 参数=[
  {},
  {
    "LR_IsSwordSelect"：{
      "enabled"：true
    },
    "LR_ClickCaptainSlot"：{
      "enabled"：true
    },
    "LR_DetectSortOrder"：{
      "enabled"：true
    },
    "LR_ClickDescending"：{
      "enabled"：true
    },
    "LR_ConfirmSortAsc"：{
      "enabled"：true
    },
    "LR_ClickCaptain1"：{
      "enabled"：true
    },
    "LR_ClickCaptain2"：{
      "enabled"：true
    },
    "LR_ClickCaptain3"：{
      "enabled"：true
    },
    "LR_ClickCaptain4"：{
      "enabled"：true
    },
    "LR_ClickCaptain5"：{
      "enabled"：true
    }
  },
  {
    "LR_ClickTeam"：{
      "target"：[
        154,
        93,
        1,
        1
      ]
    }
  },
  {
    "LR_RunTeamSwitch"：{
      "custom_action_param"：{
        "team_config"："221222111"
      }
    }
  },
  {
    "LR_ClickDifficulty"：{
      "target"：[
        1132,
        328,
        1,
        1
      ]
    }
  }
]
[2026-07-03 22:00:04.227][INF] [cfg=Default][inst=配置 1/default][src=Worker][op=ExecuteTaskQueue] >>> 任务 启动任务开始（异步）。
[2026-07-03 22:00:04.228][INF] [cfg=Default][inst=配置 1/default][src=Worker][op=ExecuteTaskQueue] >>> 任务 启动附加开始脚本开始（异步）。
[2026-07-03 22:00:04.228][INF] [cfg=Default][inst=配置 1/default][src=Worker][op=ExecuteTaskQueue] >>> 任务 启动附加开始脚本完成（异步）。
[2026-07-03 22:00:04.230][INF] [cfg=Default][inst=配置 1/default][src=Worker][op=ExecuteTaskQueue] >>> 任务 截图测试开始（异步）。
[2026-07-03 22:00:04.245][INF] [cfg=Default][inst=配置 1/default][src=Worker][op=ExecuteTaskQueue] >>> 任务 截图测试完成（异步）。
[2026-07-03 22:00:04.246][INF] [cfg=Default][inst=配置 1/default][src=Monitor][op=MonitorLog] 截图耗时：7ms(EmulatorExtras)
[2026-07-03 22:00:04.249][INF] [cfg=Default][inst=配置 1/default][src=Monitor][op=MonitorLog] 开始任务：陆联
[2026-07-03 22:00:04.251][INF] [cfg=Default][inst=配置 1/default][src=Worker][op=ExecuteTaskQueue] >>> 任务 队列任务开始（异步）。
[2026-07-03 22:00:10.171][INF] [cfg=Default][inst=配置 1/default][src=Worker][op=ExecuteTaskQueue] 自定义类文件发生变化：文件=D:\Claude_Workspace\AATL\resource\base\custom\CaptainDamageAction.cs，变更类型=Deleted
[2026-07-03 22:00:10.171][INF] [cfg=Default][inst=配置 1/default][src=Worker][op=ExecuteTaskQueue] 自定义类文件发生变化：文件=D:\Claude_Workspace\AATL\resource\base\custom\TeamSwitchAction.cs，变更类型=Deleted
[2026-07-03 22:00:10.680][INF] [cfg=Default][inst=配置 1/default][src=Worker][op=ExecuteTaskQueue] >>> 任务 队列任务完成（异步）。
[2026-07-03 22:00:10.681][INF] [cfg=Default][inst=配置 1/default][src=Monitor][op=MonitorLog] 任务运行失败！
[2026-07-03 22:00:10.681][INF] [cfg=Default][inst=配置 1/default][src=Worker][op=ExecuteTaskQueue] >>> 任务 启动任务完成（异步）。
[2026-07-03 22:00:10.684][INF] [cfg=Default][inst=配置 1/default][src=Worker][op=StopTask] 停止前状态：STOPPED
[2026-07-03 22:00:10.690][INF] [cfg=Default][inst=配置 1/default][src=Worker][op=StopTask] >>> 任务 停止maafw任务开始（异步）。
[2026-07-03 22:00:10.690][INF] [cfg=Default][inst=配置 1/default][src=Worker][op=StopTask] 正在尝试停止任务执行器，第 1 次。
[2026-07-03 22:00:10.690][INF] [cfg=Default][inst=配置 1/default][src=Worker][op=ExecuteTaskQueue] >>> 任务 队列任务完成（异步）。
[2026-07-03 22:00:10.690][INF] [cfg=Default][inst=配置 1/default][src=Worker][op=ExecuteTaskQueue] >>> 任务 启动任务完成（异步）。
[2026-07-03 22:00:10.690][INF] [cfg=Default][inst=配置 1/default][src=Monitor][op=MonitorLog] 任务运行失败！
[2026-07-03 22:00:10.691][INF] [cfg=Default][inst=配置 1/default][src=Worker][op=StopTask] 停止前状态：STOPPED
[2026-07-03 22:00:10.691][INF] [cfg=Default][inst=配置 1/default][src=Worker][op=StopTask] >>> 任务 停止maafw任务开始（异步）。
[2026-07-03 22:00:10.692][INF] [cfg=Default][inst=配置 1/default][src=Worker][op=StopTask] >>> 任务 Action开始。
[2026-07-03 22:00:10.692][INF] [cfg=Default][inst=配置 1/default][src=Worker][op=StopTask] >>> 任务 Action完成。
[2026-07-03 22:00:11.095][INF] [cfg=Default][inst=配置 1/default][src=Monitor][op=MonitorLog] 已放弃本次任务
[2026-07-03 22:00:11.185][INF] [cfg=Default][inst=配置 1/default][src=Worker][op=StopTask] 第 1 次停止任务执行器返回：Succeeded，准备重试。
[2026-07-03 22:00:13.672][INF] [cfg=Default][inst=配置 1/default][src=UI][op=StartTask] 用户操作：启动任务 | controller=Adb, resource=刀剑乱舞, device=MuMu安卓设备-MuMuPlayer12 v5（127.0.0.1:16384), selectedTasks=1 [陆联]
[2026-07-03 22:00:13.680][INF] [cfg=Default][inst=配置 1/default][src=Worker][op=ExecuteTaskQueue] 准备执行任务队列：任务数量=1
[2026-07-03 22:00:13.682][INF] [cfg=Default][inst=配置 1/default][src=Worker][op=ExecuteTaskQueue] [任务管线合并] 任务#1 名称=[陆联] 入口=[LRentaisen] 参数=[
  {},
  {
    "LR_IsSwordSelect"：{
      "enabled"：true
    },
    "LR_ClickCaptainSlot"：{
      "enabled"：true
    },
    "LR_DetectSortOrder"：{
      "enabled"：true
    },
    "LR_ClickDescending"：{
      "enabled"：true
    },
    "LR_ConfirmSortAsc"：{
      "enabled"：true
    },
    "LR_ClickCaptain1"：{
      "enabled"：true
    },
    "LR_ClickCaptain2"：{
      "enabled"：true
    },
    "LR_ClickCaptain3"：{
      "enabled"：true
    },
    "LR_ClickCaptain4"：{
      "enabled"：true
    },
    "LR_ClickCaptain5"：{
      "enabled"：true
    }
  },
  {
    "LR_ClickTeam"：{
      "target"：[
        154,
        93,
        1,
        1
      ]
    }
  },
  {
    "LR_RunTeamSwitch"：{
      "custom_action_param"：{
        "team_config"："221222111"
      }
    }
  },
  {
    "LR_ClickDifficulty"：{
      "target"：[
        1132,
        328,
        1,
        1
      ]
    }
  }
]
[2026-07-03 22:00:13.760][INF] [cfg=Default][inst=配置 1/default][src=Worker][op=ExecuteTaskQueue] >>> 任务 启动任务开始（异步）。
[2026-07-03 22:00:13.760][INF] [cfg=Default][inst=配置 1/default][src=Worker][op=ExecuteTaskQueue] >>> 任务 启动附加开始脚本开始（异步）。
[2026-07-03 22:00:13.760][INF] [cfg=Default][inst=配置 1/default][src=Worker][op=ExecuteTaskQueue] >>> 任务 启动附加开始脚本完成（异步）。
[2026-07-03 22:00:13.761][INF] [cfg=Default][inst=配置 1/default][src=Worker][op=ExecuteTaskQueue] >>> 任务 截图测试开始（异步）。
[2026-07-03 22:00:13.773][INF] [cfg=Default][inst=配置 1/default][src=Worker][op=ExecuteTaskQueue] >>> 任务 截图测试完成（异步）。
[2026-07-03 22:00:13.773][INF] [cfg=Default][inst=配置 1/default][src=Monitor][op=MonitorLog] 截图耗时：5ms(EmulatorExtras)
[2026-07-03 22:00:13.776][INF] [cfg=Default][inst=配置 1/default][src=Monitor][op=MonitorLog] 开始任务：陆联
[2026-07-03 22:00:13.777][INF] [cfg=Default][inst=配置 1/default][src=Worker][op=ExecuteTaskQueue] >>> 任务 队列任务开始（异步）。
[2026-07-03 22:00:23.506][INF] [cfg=Default][inst=配置 1/default][src=Worker][op=StopTask] 停止前状态：NOT_STARTED
[2026-07-03 22:00:23.509][INF] [cfg=Default][inst=配置 1/default][src=Worker][op=StopTask] >>> 任务 停止maafw任务开始（异步）。
[2026-07-03 22:00:23.509][INF] [cfg=Default][inst=配置 1/default][src=Worker][op=StopTask] 正在尝试停止任务执行器，第 1 次。
[2026-07-03 22:00:23.509][INF] [cfg=Default][inst=配置 1/default][src=Worker][op=ExecuteTaskQueue] >>> 任务 队列任务完成（异步）。
[2026-07-03 22:00:23.510][INF] [cfg=Default][inst=配置 1/default][src=Worker][op=ExecuteTaskQueue] >>> 任务 启动任务完成（异步）。
[2026-07-03 22:00:23.510][INF] [cfg=Default][inst=配置 1/default][src=Monitor][op=MonitorLog] 正在停止......
[2026-07-03 22:00:23.511][INF] [cfg=Default][inst=配置 1/default][src=Monitor][op=MonitorLog] 任务运行失败！
[2026-07-03 22:00:23.511][INF] [cfg=Default][inst=配置 1/default][src=Worker][op=StopTask] 停止前状态：STOPPED
[2026-07-03 22:00:23.511][INF] [cfg=Default][inst=配置 1/default][src=Worker][op=StopTask] >>> 任务 停止maafw任务开始（异步）。
[2026-07-03 22:00:23.512][INF] [cfg=Default][inst=配置 1/default][src=Worker][op=StopTask] >>> 任务 Action开始。
[2026-07-03 22:00:23.512][INF] [cfg=Default][inst=配置 1/default][src=Worker][op=StopTask] >>> 任务 Action完成。
[2026-07-03 22:00:23.914][INF] [cfg=Default][inst=配置 1/default][src=Monitor][op=MonitorLog] 已放弃本次任务
[2026-07-03 22:00:24.011][INF] [cfg=Default][inst=配置 1/default][src=Worker][op=StopTask] 第 1 次停止任务执行器返回：Succeeded，准备重试。
[2026-07-03 22:00:24.516][INF] [cfg=Default] 应用已关闭
[2026-07-03 22:00:24.519][INF] [cfg=Default] 已释放自定义类目录监听器。
[2026-07-03 22:30:05.563][INF] 正在加载配置列表...
[2026-07-03 22:30:05.586][INF] 应用安装目录：D:\Claude_Workspace\AATL
[2026-07-03 22:30:05.587][INF] 应用数据目录：D:\Claude_Workspace\AATL
[2026-07-03 22:30:05.587][INF] 是否使用独立数据目录：False
[2026-07-03 22:30:05.587][INF] 配置目录：D:\Claude_Workspace\AATL\resource\config
[2026-07-03 22:30:05.587][INF] 是否使用本地配置目录：True
[2026-07-03 22:30:05.587][INF] 日志目录：D:\Claude_Workspace\AATL\debug\logs
[2026-07-03 22:30:05.587][INF] 备份文件数量：2
[2026-07-03 22:30:05.587][INF] 临时目录是否存在：True
[2026-07-03 22:30:05.587][INF] [cfg=Default] 应用安装目录：D:\Claude_Workspace\AATL
[2026-07-03 22:30:05.587][INF] [cfg=Default] 应用数据目录：D:\Claude_Workspace\AATL
[2026-07-03 22:30:05.587][INF] [cfg=Default] 是否使用独立数据目录：False
[2026-07-03 22:30:05.587][INF] [cfg=Default] 配置目录：D:\Claude_Workspace\AATL\resource\config
[2026-07-03 22:30:05.587][INF] [cfg=Default] 是否使用本地配置目录：True
[2026-07-03 22:30:05.587][INF] [cfg=Default] 日志目录：D:\Claude_Workspace\AATL\debug\logs
[2026-07-03 22:30:05.587][INF] [cfg=Default] 备份文件数量：2
[2026-07-03 22:30:05.587][INF] [cfg=Default] 临时目录是否存在：True
[2026-07-03 22:30:05.591][INF] [cfg=Default] 已通过 Windows API 添加 DLL 搜索目录：D:\Claude_Workspace\AATL\runtimes/libs
[2026-07-03 22:30:05.592][INF] [cfg=Default] 库解析器初始化完成：libsPath=D:\Claude_Workspace\AATL\runtimes/libs，目录存在=True
[2026-07-03 22:30:05.594][INF] [cfg=Default] 检测到 MaaFramework 运行时目录：数量=1，路径=[D:\Claude_Workspace\AATL\runtimes\win-x64\native]
[2026-07-03 22:30:05.596][INF] [cfg=Default] 启动参数：数量=0，内容=[]
[2026-07-03 22:30:05.596][INF] [cfg=Default] 程序版本：v2.12.2-beta.1
[2026-07-03 22:30:05.596][INF] [cfg=Default] .NET 运行时：.NET 10.0.8
[2026-07-03 22:30:06.150][INF] [cfg=Default] 开始初始化语言管理器。
[2026-07-03 22:30:06.285][INF] [cfg=Default] 当前配置：Default
[2026-07-03 22:30:06.325][INF] [cfg=Default] 已恢复系统休眠。
[2026-07-03 22:30:06.328][INF] [cfg=Default] 热键主进程选举：已成为主进程（创建了新的全局互斥锁）。
[2026-07-03 22:30:06.329][INF] [cfg=Default] 全局热键服务：作为主进程初始化。
[2026-07-03 22:30:06.339][INF] [cfg=Default] 热键 IPC 端口文件已保存：文件=C:\Users\Alouette\AppData\Local\Temp\MFAAvalonia\hotkey_ipc_port.txt
[2026-07-03 22:30:06.339][INF] [cfg=Default] 热键 IPC 服务端已启动：端口=52718
[2026-07-03 22:30:06.352][INF] [cfg=Default] [内存管理]释放了1.16 MB（28.9%)
[2026-07-03 22:30:06.432][WRN] [cfg=Default] 界面资源接口尚未初始化完成。
[2026-07-03 22:30:06.446][INF] [cfg=Default] [调试] instances 目录中实际存在的实例文件数量：1, ID列表：[default]
[2026-07-03 22:30:06.520][INF] [cfg=Default] 本地更新包按钮可见性已刷新：来源=config.Debug(string)，原始值=，解析结果=False
[2026-07-03 22:30:06.520][INF] [cfg=Default] 资源版本：0.5.4
[2026-07-03 22:30:06.520][INF] [cfg=Default] MaaFramework 版本：v5.11.1
[2026-07-03 22:30:06.583][INF] [cfg=Default] [懒加载] 已加载当天有定时任务的实例
[2026-07-03 22:30:06.645][INF] [cfg=Default] 窗口大小已加载：宽度=1028，高度=650
[2026-07-03 22:30:06.654][INF] [cfg=Default] 窗口位置已加载：X=763，Y=306
[2026-07-03 22:30:06.953][WRN] [cfg=Default] 跨平台数据解密失败：参数错误。
[2026-07-03 22:30:07.023][WRN] [cfg=Default] 跨平台数据解密失败：The input is not a valid Base-64 string as it contains a non-base 64 character, more than two padding characters, or an illegal character among the padding characters.
[2026-07-03 22:30:07.063][INF] [cfg=Default] 本地更新包按钮可见性已刷新：来源=config.Debug(string)，原始值=，解析结果=False
[2026-07-03 22:30:07.064][INF] [cfg=Default] 设置页调试卡片可见性已应用：False
[2026-07-03 22:30:07.188][INF] [cfg=Default] [调试] instances 目录中实际存在的实例文件数量：1, ID列表：[default]
[2026-07-03 22:30:07.198][INF] [cfg=Default] [懒加载] 已加载当天有定时任务的实例
[2026-07-03 22:30:07.555][INF] [cfg=Default] [懒加载] 所有实例加载完成
[2026-07-03 22:30:07.555][INF] [cfg=Default] [懒加载] 所有实例加载完成
[2026-07-03 22:30:07.610][INF] [cfg=Default] 界面初始化开始
[2026-07-03 22:30:07.676][INF] [cfg=Default][inst=配置 1/default][src=UI][op=ChangeResource] 当前资源变更：resource=, controller=Adb
[2026-07-03 22:30:07.677][INF] [cfg=Default][inst=配置 1/default][src=UI][op=ChangeResource] 当前资源变更：resource=刀剑乱舞, controller=Adb
[2026-07-03 22:30:07.679][INF] [cfg=Default][inst=配置 1/default][src=UI][op=ChangeResource] 当前资源变更：resource=, controller=Adb
[2026-07-03 22:30:07.683][INF] [cfg=Default][inst=配置 1/default][src=UI][op=ChangeResource] 当前资源变更：resource=刀剑乱舞, controller=Adb
[2026-07-03 22:30:08.068][INF] [cfg=Default] 保留最近的备份文件：D:\Claude_Workspace\AATL\runtimes\libs\locales\en-US\MFAAvalonia.Core.resources.dll.202607031917.0.backupMFA
[2026-07-03 22:30:08.068][INF] [cfg=Default] 保留最近的备份文件：D:\Claude_Workspace\AATL\runtimes\win-x64\native\plugins\MaaPluginDemo.dll.202607031917.0.backupMFA
[2026-07-03 22:30:08.248][INF] [cfg=Default] >>> 任务 公告和最新版本检测开始（异步）。
[2026-07-03 22:30:08.595][INF] [cfg=Default] 正在从配置中读取已保存的 ADB 设备，并启用指纹匹配。
[2026-07-03 22:30:08.596][INF] [cfg=Default] 已保存设备的指纹：MuMu安卓设备-MuMuPlayer12 v5|0|127.0.0.1|16384
[2026-07-03 22:30:09.006][INF] [cfg=Default] 按指纹匹配到的设备数量：1
[2026-07-03 22:30:09.006][INF] [cfg=Default] 已通过指纹匹配到设备：名称=MuMu安卓设备-MuMuPlayer12 v5，ADB 序列号=127.0.0.1:16384
[2026-07-03 22:30:09.167][INF] [cfg=Default][inst=配置 1/default][src=Monitor][op=MonitorLog] 正在连接至模拟器......
[2026-07-03 22:30:09.278][INF] [cfg=Default][inst=配置 1/default][src=Worker][op=ExecuteTaskQueue] >>> 任务 启动任务开始（异步）。
[2026-07-03 22:30:09.334][INF] [cfg=Default][inst=配置 1/default][src=Worker][op=ExecuteTaskQueue] 正在载入资源
[2026-07-03 22:30:09.334][INF] [cfg=Default][inst=配置 1/default][src=Worker][op=ExecuteTaskQueue] 资源路径：D:\Claude_Workspace\AATL\resource\base
[2026-07-03 22:30:09.334][INF] [cfg=Default][inst=配置 1/default][src=Worker][op=ExecuteTaskQueue] >>> 任务 资源检测开始（异步）。
[2026-07-03 22:30:09.382][INF] [cfg=Default][inst=配置 1/default][src=Worker][op=ExecuteTaskQueue] >>> 任务 资源检测完成（异步）。
[2026-07-03 22:30:09.383][INF] [cfg=Default][inst=配置 1/default][src=Worker][op=ExecuteTaskQueue] 启用 GPU 推理：成功
[2026-07-03 22:30:09.383][INF] [cfg=Default][inst=配置 1/default][src=Worker][op=ExecuteTaskQueue] GPU acceleration: Auto
[2026-07-03 22:30:09.383][INF] [cfg=Default][inst=配置 1/default][src=Worker][op=ExecuteTaskQueue] >>> 任务 控制器检测开始（异步）。
[2026-07-03 22:30:09.384][INF] [cfg=Default][inst=配置 1/default][src=Worker][op=ExecuteTaskQueue] 正在加载 MAA 控制器配置...
[2026-07-03 22:30:09.386][INF] [cfg=Default][inst=配置 1/default][src=Worker][op=ExecuteTaskQueue] 触控模式:Default,捕获模式:Default
[2026-07-03 22:30:09.386][INF] [cfg=Default][inst=配置 1/default][src=Worker][op=ExecuteTaskQueue] 设备名称：
[2026-07-03 22:30:09.386][INF] [cfg=Default][inst=配置 1/default][src=Worker][op=ExecuteTaskQueue] ADB 路径：adb
[2026-07-03 22:30:09.386][INF] [cfg=Default][inst=配置 1/default][src=Worker][op=ExecuteTaskQueue] ADB 序列号：
[2026-07-03 22:30:09.386][INF] [cfg=Default][inst=配置 1/default][src=Worker][op=ExecuteTaskQueue] 截图模式：Default
[2026-07-03 22:30:09.386][INF] [cfg=Default][inst=配置 1/default][src=Worker][op=ExecuteTaskQueue] 输入模式：Default
[2026-07-03 22:30:09.386][INF] [cfg=Default][inst=配置 1/default][src=Worker][op=ExecuteTaskQueue] 控制器配置：{}
[2026-07-03 22:30:09.396][WRN] [cfg=Default][inst=配置 1/default][src=Worker][op=ExecuteTaskQueue] 初始化控制器时发生错误！
[2026-07-03 22:30:09.396][ERR] [cfg=Default][inst=配置 1/default][src=Worker][op=ExecuteTaskQueue] 初始化控制器失败：message=连接模拟器时发生错误！, reason=The value cannot be an empty string.（Parameter 'info.AdbSerial')
System.ArgumentException: The value cannot be an empty string. (Parameter 'info.AdbSerial')
   at System.ArgumentException.ThrowNullOrEmptyException(String argument, String paramName)
   at System.ArgumentException.ThrowIfNullOrEmpty(String argument, String paramName)
   at MaaFramework.Binding.MaaAdbController..ctor(AdbDeviceInfo info, LinkOption link, CheckStatusOption check)
   at MaaFramework.Binding.MaaAdbController..ctor(String adbPath, String adbSerial, AdbScreencapMethods screencapMethods, AdbInputMethods inputMethods, String config, String agentPath, LinkOption link, CheckStatusOption check)
   at MFAAvalonia.Extensions.MaaFW.MaaProcessor.InitializeController(MaaControllerTypes controllerType, Boolean logConfig)
   at MFAAvalonia.Extensions.MaaFW.MaaProcessor.<>c__DisplayClass143_0.<InitializeMaaTasker>b__7()
   at MFAAvalonia.Helper.TaskManager.<>c__DisplayClass6_0`1.<RunTaskAsync>b__0()
   at System.Threading.Tasks.Task`1.InnerInvoke()
   at System.Threading.ExecutionContext.RunFromThreadPoolDispatchLoop(Thread threadPoolThread, ExecutionContext executionContext, ContextCallback callback, Object state)
--- End of stack trace from previous location ---
   at System.Threading.ExecutionContext.RunFromThreadPoolDispatchLoop(Thread threadPoolThread, ExecutionContext executionContext, ContextCallback callback, Object state)
   at System.Threading.Tasks.Task.ExecuteWithThreadLocal(Task& currentTaskSlot, Thread threadPoolThread)
--- End of stack trace from previous location ---
   at MFAAvalonia.Helper.TaskManager.RunTaskAsync[TResult](Func`1 function, CancellationToken token, Action`1 handleError, String name, String prompt, Boolean catchException, Boolean shouldLog, Boolean noMessage)
[2026-07-03 22:30:09.403][INF] [cfg=Default][inst=配置 1/default][src=Worker][op=ExecuteTaskQueue] >>> 任务 控制器检测完成（异步）。
[2026-07-03 22:30:09.403][WRN] [cfg=Default][inst=配置 1/default][src=Worker][op=ExecuteTaskQueue] 控制器初始化结果为空，已中止本次连接尝试。
[2026-07-03 22:30:09.415][INF] [cfg=Default][inst=配置 1/default][src=Worker][op=ExecuteTaskQueue] >>> 任务 启动检测开始（异步）。
[2026-07-03 22:30:09.415][INF] [cfg=Default][inst=配置 1/default][src=UI][op=ChangeDevice] 当前连接目标变更：controller=Adb, resource=刀剑乱舞, device=MuMu安卓设备-MuMuPlayer12 v5（127.0.0.1:16384)
[2026-07-03 22:30:09.416][INF] [cfg=Default][inst=配置 1/default][src=Worker][op=ExecuteTaskQueue] 开始执行更新任务：名称=查询CDK
[2026-07-03 22:30:09.416][INF] [cfg=Default][inst=配置 1/default][src=Worker][op=ExecuteTaskQueue] 更新任务完成：名称=查询CDK
[2026-07-03 22:30:09.416][INF] [cfg=Default][inst=配置 1/default][src=Worker][op=ExecuteTaskQueue] 开始执行更新任务：名称=更新资源
[2026-07-03 22:30:09.620][INF] [cfg=Default] >>> 任务 公告和最新版本检测完成（异步）。
[2026-07-03 22:30:10.885][INF] [cfg=Default][inst=配置 1/default][src=Worker][op=ExecuteTaskQueue] 目标系统：平台=win，系统家族=windows，架构=x64
[2026-07-03 22:30:11.724][ERR] [cfg=Default][inst=配置 1/default][src=Worker][op=ExecuteTaskQueue] 请求 GitHub 失败：状态码=404 NotFound，原因=Not Found
[2026-07-03 22:30:11.724][ERR] [cfg=Default][inst=配置 1/default][src=Worker][op=ExecuteTaskQueue] 处理 GitHub 响应失败：原因=NotFound - Not Found
System.Exception: NotFound - Not Found
   at MFAAvalonia.Helper.VersionChecker.GetDownloadUrlFromGitHubReleaseAsync(String version, String owner, String repo)
[2026-07-03 22:30:11.732][ERR] [cfg=Default][inst=配置 1/default][src=Worker][op=ExecuteTaskQueue] 检查资源更新失败：来源=GitHub，原因=NotFound - Not Found
System.Exception: NotFound - Not Found
   at MFAAvalonia.Helper.VersionChecker.GetDownloadUrlFromGitHubReleaseAsync(String version, String owner, String repo)
   at MFAAvalonia.Helper.VersionChecker.GetLatestVersionAndDownloadUrlFromGithubAsync(String owner, String repo, Boolean onlyCheck, String targetVersion, String currentVersion)
   at MFAAvalonia.Helper.VersionChecker.CheckForResourceUpdatesAsync(Boolean isGithub)
[2026-07-03 22:30:11.734][INF] [cfg=Default][inst=配置 1/default][src=Worker][op=ExecuteTaskQueue] 更新任务完成：名称=更新资源
[2026-07-03 22:30:11.734][INF] [cfg=Default][inst=配置 1/default][src=Worker][op=ExecuteTaskQueue] >>> 任务 启动检测完成（异步）。
[2026-07-03 22:30:11.735][INF] [cfg=Default][inst=配置 1/default][src=Worker][op=ExecuteTaskQueue] >>> 任务 启动任务完成（异步）。
[2026-07-03 22:30:11.737][INF] [cfg=Default][inst=配置 1/default][src=Worker][op=StopTask] 停止前状态：SUCCEEDED
[2026-07-03 22:30:11.738][INF] [cfg=Default][inst=配置 1/default][src=Worker][op=StopTask] >>> 任务 停止maafw任务开始（异步）。
[2026-07-03 22:30:11.740][INF] [cfg=Default][inst=配置 1/default][src=Monitor][op=MonitorLog] 任务已全部完成！
(用时 0h 0m 2s)
[2026-07-03 22:30:46.402][INF] [cfg=Default] [内存管理]释放了5.09 MB（10.3%)
[2026-07-03 22:33:25.747][INF] [cfg=Default] 应用已关闭
